"Date","Rain","Temp"
"1/01/1965",0.81,3.8
"2/01/1965",0.82,1.2
"3/01/1965",0.51,-1.4
"4/01/1965",0.01,-0.4
"5/01/1965",0.02,0.4
"6/01/1965",2.85,3.9
"7/01/1965",5.86,7.1
"8/01/1965",2.35,7.9
"9/01/1965",8.82,6
"10/01/1965",4.5,7
"11/01/1965",2.07,9.3
"12/01/1965",3.13,6.9
"13/01/1965",14.31,5.7
"14/01/1965",6.4,4.5
"15/01/1965",6.89,4.3
"16/01/1965",7.75,6.5
"17/01/1965",5.28,5.4
"18/01/1965",1.82,3.8
"19/01/1965",6.67,1.6
"20/01/1965",3.31,0.5
"21/01/1965",6.13,0.6
"22/01/1965",1.12,1.8
"23/01/1965",5.85,4.6
"24/01/1965",1.65,5
"25/01/1965",0.75,1.3
"26/01/1965",1.37,1.6
"27/01/1965",1.21,0.8
"28/01/1965",0.89,-0.2
"29/01/1965",1.21,0.2
"30/01/1965",0.4,0.5
"31/01/1965",0.06,1.9
"1/02/1965",0.06,1.7
"2/02/1965",0,2.9
"3/02/1965",0.03,-1.5
"4/02/1965",0.18,0.8
"5/02/1965",0.12,4.3
"6/02/1965",0.38,5.3
"7/02/1965",0.46,5.5
"8/02/1965",0.17,5.4
"9/02/1965",0.12,3
"10/02/1965",0.01,4.2
"11/02/1965",0.46,5.5
"12/02/1965",1.1,6.1
"13/02/1965",0.29,4.5
"14/02/1965",0.08,2.1
"15/02/1965",0.43,3.4
"16/02/1965",1.86,5.2
"17/02/1965",0.23,4.6
"18/02/1965",2.53,1.3
"19/02/1965",2.23,2.5
"20/02/1965",0.49,1.3
"21/02/1965",0.83,1.3
"22/02/1965",0.23,2.6
"23/02/1965",0.59,2.9
"24/02/1965",0.41,3.1
"25/02/1965",0.11,1.5
"26/02/1965",0.11,2.8
"27/02/1965",0,2.2
"28/02/1965",2.88,2.1
"1/03/1965",1.7,0.9
"2/03/1965",0.32,-3.2
"3/03/1965",5.89,-3.9
"4/03/1965",1.16,-1.6
"5/03/1965",0.23,0.1
"6/03/1965",0.1,0.7
"7/03/1965",0.73,0.2
"8/03/1965",0.09,3.3
"9/03/1965",0,3.6
"10/03/1965",0,3.4
"11/03/1965",0.03,4.7
"12/03/1965",1.01,7.2
"13/03/1965",1.21,7.1
"14/03/1965",0.68,9.1
"15/03/1965",7.27,9.1
"16/03/1965",1.81,8.8
"17/03/1965",3.92,6.3
"18/03/1965",2.32,7.6
"19/03/1965",3.62,5.2
"20/03/1965",13.05,4
"21/03/1965",5.48,3.4
"22/03/1965",5.67,5.2
"23/03/1965",5.28,7.2
"24/03/1965",3.58,7.9
"25/03/1965",8.49,6.2
"26/03/1965",1.72,8.3
"27/03/1965",0.07,10.8
"28/03/1965",0,11.1
"29/03/1965",0,11.4
"30/03/1965",0,9.3
"31/03/1965",0,7.8
"1/04/1965",0,7.2
"2/04/1965",0,8.5
"3/04/1965",0.29,9.5
"4/04/1965",0.87,8.9
"5/04/1965",0.67,8.5
"6/04/1965",2.4,7.7
"7/04/1965",0.98,8.8
"8/04/1965",2.99,7
"9/04/1965",12.36,6.7
"10/04/1965",1.77,9.9
"11/04/1965",4.54,7.3
"12/04/1965",1.99,7.8
"13/04/1965",0.36,7.3
"14/04/1965",4.49,8.1
"15/04/1965",0.45,10.7
"16/04/1965",1.32,11.3
"17/04/1965",4.19,11.1
"18/04/1965",3.2,6.8
"19/04/1965",3.82,5
"20/04/1965",0.34,5.4
"21/04/1965",0.03,5.6
"22/04/1965",0.13,7.3
"23/04/1965",0.14,8.7
"24/04/1965",1.41,8.1
"25/04/1965",1.05,8.3
"26/04/1965",6.07,9
"27/04/1965",3.38,6.9
"28/04/1965",1.88,6.5
"29/04/1965",0.47,7
"30/04/1965",0.08,9.4
"1/05/1965",1.12,10.1
"2/05/1965",6.05,12.1
"3/05/1965",6.2,10.7
"4/05/1965",4.95,11.2
"5/05/1965",0.28,10.5
"6/05/1965",4.06,8.9
"7/05/1965",1.58,11.3
"8/05/1965",5.29,12.1
"9/05/1965",0.11,12.3
"10/05/1965",0,12.3
"11/05/1965",0,12.7
"12/05/1965",0,14.5
"13/05/1965",0,16.7
"14/05/1965",0.42,18
"15/05/1965",1.2,15.1
"16/05/1965",5.63,13.1
"17/05/1965",8.56,11.9
"18/05/1965",1.32,9.5
"19/05/1965",0.06,7.2
"20/05/1965",0,8.6
"21/05/1965",0.57,11.2
"22/05/1965",4.03,13.7
"23/05/1965",5.07,13.4
"24/05/1965",3.69,11.9
"25/05/1965",1.34,12.6
"26/05/1965",2.55,11.9
"27/05/1965",1.92,11.9
"28/05/1965",0.06,8.9
"29/05/1965",0,10.2
"30/05/1965",0.87,8.8
"31/05/1965",0.57,9.3
"1/06/1965",0.16,11.6
"2/06/1965",0,11.8
"3/06/1965",0,12.8
"4/06/1965",0.05,14
"5/06/1965",1.84,13.5
"6/06/1965",2.24,13.3
"7/06/1965",5.02,13.3
"8/06/1965",5.2,12.7
"9/06/1965",0.22,15.4
"10/06/1965",0,15.8
"11/06/1965",1.42,17.6
"12/06/1965",1.78,16
"13/06/1965",0.1,17.1
"14/06/1965",2.31,15.6
"15/06/1965",8.65,16.4
"16/06/1965",8.5,14.3
"17/06/1965",9.04,14.4
"18/06/1965",0.54,15.5
"19/06/1965",0.22,16
"20/06/1965",1.03,15.3
"21/06/1965",14.23,15.1
"22/06/1965",2.09,15.1
"23/06/1965",2.54,13.5
"24/06/1965",2.22,13.6
"25/06/1965",3.01,15.3
"26/06/1965",0.07,13.7
"27/06/1965",0,13.7
"28/06/1965",0.03,14.4
"29/06/1965",0.52,17.4
"30/06/1965",1.09,16.6
"1/07/1965",0.01,13.7
"2/07/1965",0.01,13.8
"3/07/1965",0.89,12.5
"4/07/1965",0.21,10
"5/07/1965",0.22,11.7
"6/07/1965",0.97,14.2
"7/07/1965",2.26,14
"8/07/1965",0.5,12.1
"9/07/1965",1.3,12.3
"10/07/1965",3.59,13.9
"11/07/1965",12.94,14.3
"12/07/1965",8.5,15.6
"13/07/1965",7.79,16.4
"14/07/1965",2.63,16.2
"15/07/1965",0.06,13.1
"16/07/1965",0,12.8
"17/07/1965",0.13,12.2
"18/07/1965",0.62,15.2
"19/07/1965",4.34,16.8
"20/07/1965",6.01,15.6
"21/07/1965",4.11,15.5
"22/07/1965",6.04,15.3
"23/07/1965",6.06,13.1
"24/07/1965",4.91,14.4
"25/07/1965",3.81,14.3
"26/07/1965",0.31,14.7
"27/07/1965",4.27,14.2
"28/07/1965",8.27,15.1
"29/07/1965",3.9,15.8
"30/07/1965",2.19,12.6
"31/07/1965",0.58,12.5
"1/08/1965",2.21,13.4
"2/08/1965",17.31,13.1
"3/08/1965",0.38,15
"4/08/1965",3.54,15.8
"5/08/1965",0.51,16.4
"6/08/1965",0.75,14.4
"7/08/1965",0.72,13.4
"8/08/1965",0.86,13
"9/08/1965",1.61,13.6
"10/08/1965",0.62,15.6
"11/08/1965",0,16.1
"12/08/1965",0.03,18.6
"13/08/1965",0,17.7
"14/08/1965",2.27,17.2
"15/08/1965",0.43,16.8
"16/08/1965",0.12,16.3
"17/08/1965",0.35,15.7
"18/08/1965",0.71,15.4
"19/08/1965",2.79,16.9
"20/08/1965",9.5,14.9
"21/08/1965",4.52,14.4
"22/08/1965",1.6,13.4
"23/08/1965",0.44,13.7
"24/08/1965",10.23,13.7
"25/08/1965",1.82,13.2
"26/08/1965",3.53,13.8
"27/08/1965",0.78,14.5
"28/08/1965",1.51,16.1
"29/08/1965",0.47,13.6
"30/08/1965",3.61,13
"31/08/1965",2.01,13.2
"1/09/1965",0.39,10.1
"2/09/1965",3.28,11.9
"3/09/1965",12.82,12.8
"4/09/1965",4.26,13.5
"5/09/1965",3.97,11.2
"6/09/1965",2.07,11.7
"7/09/1965",3.46,12.6
"8/09/1965",20.38,10.5
"9/09/1965",4.25,9.5
"10/09/1965",6.34,10.1
"11/09/1965",1.93,12.8
"12/09/1965",4.7,11.8
"13/09/1965",0.12,13.3
"14/09/1965",0.33,13.4
"15/09/1965",7.43,14.3
"16/09/1965",0.23,15.8
"17/09/1965",10.32,11.7
"18/09/1965",0.8,13.2
"19/09/1965",0,11.7
"20/09/1965",0,11.4
"21/09/1965",0.12,13
"22/09/1965",1.28,13.8
"23/09/1965",2.32,12.7
"24/09/1965",6.51,14
"25/09/1965",19.1,15
"26/09/1965",3.01,12.9
"27/09/1965",0.1,12.1
"28/09/1965",5.17,9.8
"29/09/1965",4.98,10.9
"30/09/1965",8.61,11.4
"1/10/1965",4.85,11.4
"2/10/1965",0.95,10.4
"3/10/1965",2.73,12.6
"4/10/1965",0.15,16
"5/10/1965",0.15,16
"6/10/1965",0.08,13.6
"7/10/1965",0.17,16.1
"8/10/1965",0,13.7
"9/10/1965",0,11.8
"10/10/1965",0,10.9
"11/10/1965",0,9.2
"12/10/1965",0,10.1
"13/10/1965",0,11.4
"14/10/1965",4.21,11.1
"15/10/1965",0.2,10.7
"16/10/1965",0,9.6
"17/10/1965",0,8
"18/10/1965",0,8.7
"19/10/1965",0,10.5
"20/10/1965",0,9.9
"21/10/1965",0.06,9.3
"22/10/1965",0.02,8.1
"23/10/1965",0,6.6
"24/10/1965",0.67,7.8
"25/10/1965",0.02,11.1
"26/10/1965",0.1,9.2
"27/10/1965",1.79,11.3
"28/10/1965",1.96,13.5
"29/10/1965",1.57,10.2
"30/10/1965",2.22,11
"31/10/1965",12.04,11.3
"1/11/1965",3.31,10.1
"2/11/1965",0.18,8.3
"3/11/1965",0.83,5.5
"4/11/1965",0.08,4.3
"5/11/1965",0.03,5.1
"6/11/1965",3.7,6.2
"7/11/1965",8.04,8
"8/11/1965",1.52,10.3
"9/11/1965",3.19,9
"10/11/1965",0.6,8.7
"11/11/1965",2.73,8
"12/11/1965",1.33,6.6
"13/11/1965",0.66,2.4
"14/11/1965",0.76,0.1
"15/11/1965",0.55,-2.1
"16/11/1965",8.62,-0.8
"17/11/1965",6.58,2.3
"18/11/1965",4.23,4.5
"19/11/1965",5.98,5.2
"20/11/1965",4.44,5.2
"21/11/1965",0.55,3.2
"22/11/1965",1.2,-0.3
"23/11/1965",7.72,1.1
"24/11/1965",6.05,3.7
"25/11/1965",7.24,5.1
"26/11/1965",8.36,2.1
"27/11/1965",2.23,2.7
"28/11/1965",16.27,4.2
"29/11/1965",6.45,3.8
"30/11/1965",0.79,2.3
"1/12/1965",9.29,5
"2/12/1965",4.25,4.4
"3/12/1965",2.87,5.6
"4/12/1965",10.61,3.5
"5/12/1965",5.27,3.5
"6/12/1965",2.15,4.6
"7/12/1965",0.45,3.4
"8/12/1965",12.87,4.7
"9/12/1965",17.8,6.2
"10/12/1965",1.23,6.5
"11/12/1965",4.03,4.9
"12/12/1965",6.16,6.7
"13/12/1965",0.67,6.3
"14/12/1965",1.67,4.6
"15/12/1965",6.14,5.9
"16/12/1965",9.81,7.8
"17/12/1965",13.16,7.7
"18/12/1965",13.1,10.2
"19/12/1965",0.19,7
"20/12/1965",0,3.6
"21/12/1965",1.03,3.8
"22/12/1965",16.48,5.3
"23/12/1965",4.17,6.1
"24/12/1965",2.34,5.7
"25/12/1965",0.28,4.1
"26/12/1965",0.03,0.9
"27/12/1965",0.17,-1.9
"28/12/1965",1.42,-2.7
"29/12/1965",11.34,0.6
"30/12/1965",2.75,4.1
"31/12/1965",11.35,7.5
"1/01/1966",6.98,7.1
"2/01/1966",2.62,6.2
"3/01/1966",0.63,4.8
"4/01/1966",2.64,3.1
"5/01/1966",1.68,4.7
"6/01/1966",0.08,5.6
"7/01/1966",0,3.3
"8/01/1966",0,2.3
"9/01/1966",0.26,2
"10/01/1966",5.12,-0.2
"11/01/1966",0.13,0.4
"12/01/1966",0.17,0.5
"13/01/1966",0.31,1.7
"14/01/1966",0.28,-0.9
"15/01/1966",0.83,-2.2
"16/01/1966",1.9,-1
"17/01/1966",0.24,0.4
"18/01/1966",0,-1.4
"19/01/1966",0.28,-4.9
"20/01/1966",1.45,-2.7
"21/01/1966",0.9,-0.1
"22/01/1966",1.02,1.8
"23/01/1966",1.66,2.3
"24/01/1966",4.09,3.7
"25/01/1966",8.49,4.1
"26/01/1966",4.63,6.7
"27/01/1966",5.02,7.5
"28/01/1966",1.24,8.6
"29/01/1966",3.63,10.2
"30/01/1966",3.46,8.8
"31/01/1966",0.61,7.4
"1/02/1966",0.46,8
"2/02/1966",0.53,9.1
"3/02/1966",1.79,6.6
"4/02/1966",7.8,8.5
"5/02/1966",5.61,9.5
"6/02/1966",1.42,9.2
"7/02/1966",13.9,8.1
"8/02/1966",8.07,8.6
"9/02/1966",9.56,2.4
"10/02/1966",3.25,1
"11/02/1966",0.96,0.5
"12/02/1966",0.87,1.2
"13/02/1966",0.48,1
"14/02/1966",1.3,0.3
"15/02/1966",1.46,0.8
"16/02/1966",0.14,1.7
"17/02/1966",0.82,1.7
"18/02/1966",12.27,2.8
"19/02/1966",12.25,6
"20/02/1966",7.44,8.9
"21/02/1966",4.13,8.3
"22/02/1966",3.98,8.6
"23/02/1966",4,6.2
"24/02/1966",12.79,6.6
"25/02/1966",7.91,8.3
"26/02/1966",4.76,9.5
"27/02/1966",1.44,8.5
"28/02/1966",0.21,7.7
"1/03/1966",2.97,6.8
"2/03/1966",6,8.3
"3/03/1966",0.89,8.7
"4/03/1966",0.29,6.6
"5/03/1966",0,7.4
"6/03/1966",0,8.3
"7/03/1966",0.57,8.6
"8/03/1966",0.18,7.6
"9/03/1966",1.6,6.6
"10/03/1966",1.58,8
"11/03/1966",1.55,6.6
"12/03/1966",0.22,5.9
"13/03/1966",0.07,4.3
"14/03/1966",0,6
"15/03/1966",0.03,7.9
"16/03/1966",0,6.9
"17/03/1966",0.38,7.1
"18/03/1966",0,7.1
"19/03/1966",0,4.9
"20/03/1966",0.01,5
"21/03/1966",0.07,7
"22/03/1966",0.53,5.3
"23/03/1966",1.21,7.5
"24/03/1966",1.7,3.7
"25/03/1966",3.06,2.7
"26/03/1966",5.38,5.2
"27/03/1966",2.59,6.3
"28/03/1966",1.68,6.2
"29/03/1966",0.25,4
"30/03/1966",0.46,6.2
"31/03/1966",1.45,8.6
"1/04/1966",7.77,8.5
"2/04/1966",2.96,4.9
"3/04/1966",0.11,3.7
"4/04/1966",2.4,2.8
"5/04/1966",9.03,6.2
"6/04/1966",1.81,9
"7/04/1966",3.08,8.8
"8/04/1966",5.64,9.6
"9/04/1966",7.26,9.4
"10/04/1966",3.03,10.3
"11/04/1966",2.13,5.8
"12/04/1966",0.86,5.2
"13/04/1966",2.87,3.5
"14/04/1966",9.12,0.5
"15/04/1966",7.85,1.4
"16/04/1966",1.01,2.7
"17/04/1966",1.87,3.6
"18/04/1966",12,4.4
"19/04/1966",8.09,5
"20/04/1966",0.72,5.3
"21/04/1966",6.35,6.8
"22/04/1966",6.78,10.2
"23/04/1966",3.78,11.4
"24/04/1966",1.47,10.7
"25/04/1966",0,10.5
"26/04/1966",3.09,10.9
"27/04/1966",0.43,11.3
"28/04/1966",0,10.8
"29/04/1966",0,10.4
"30/04/1966",0,12.3
"1/05/1966",0,15.3
"2/05/1966",0,16.4
"3/05/1966",0.65,11.8
"4/05/1966",8.91,8.6
"5/05/1966",5.9,9.1
"6/05/1966",4.76,9.7
"7/05/1966",5.56,8.9
"8/05/1966",6.49,8.4
"9/05/1966",0.8,8.5
"10/05/1966",0.89,9.5
"11/05/1966",10.93,9.3
"12/05/1966",0.84,9.8
"13/05/1966",0.22,10.6
"14/05/1966",0.07,13.2
"15/05/1966",0,12
"16/05/1966",0.01,14
"17/05/1966",5.7,11.9
"18/05/1966",0.36,10.5
"19/05/1966",3.57,9.3
"20/05/1966",1.04,10.6
"21/05/1966",1.93,12.7
"22/05/1966",4.38,12.6
"23/05/1966",0.66,11.3
"24/05/1966",3.74,9.1
"25/05/1966",2.04,11.9
"26/05/1966",0,12.7
"27/05/1966",0,10.3
"28/05/1966",0,9.1
"29/05/1966",0,10.9
"30/05/1966",0,11.4
"31/05/1966",0,11.7
"1/06/1966",0,13.3
"2/06/1966",0,14.4
"3/06/1966",0.04,16.6
"4/06/1966",2.95,15.8
"5/06/1966",0.17,14.4
"6/06/1966",1.62,13.6
"7/06/1966",0.05,15.2
"8/06/1966",1.81,16.5
"9/06/1966",2.91,19.5
"10/06/1966",4.42,18.4
"11/06/1966",3.07,17.5
"12/06/1966",2.08,17.3
"13/06/1966",1.74,16.6
"14/06/1966",1.48,16.3
"15/06/1966",1.77,18.2
"16/06/1966",5.36,14.9
"17/06/1966",7.47,15.5
"18/06/1966",1.28,14.4
"19/06/1966",3.27,12.6
"20/06/1966",2.65,14.6
"21/06/1966",2.97,14.4
"22/06/1966",19.16,14.5
"23/06/1966",4.45,14.9
"24/06/1966",3.72,13.4
"25/06/1966",4.17,15.1
"26/06/1966",7.02,16.1
"27/06/1966",2.07,15.4
"28/06/1966",0.21,14.1
"29/06/1966",0,14.1
"30/06/1966",0.02,14.5
"1/07/1966",0,16.6
"2/07/1966",0.33,16.2
"3/07/1966",0.39,16.1
"4/07/1966",0.79,15.8
"5/07/1966",4.1,15.2
"6/07/1966",0.88,14.8
"7/07/1966",0.16,14.7
"8/07/1966",0.58,17.1
"9/07/1966",0.38,16.1
"10/07/1966",8.4,14.4
"11/07/1966",0.43,15.7
"12/07/1966",0.24,16.7
"13/07/1966",1.22,15.2
"14/07/1966",1.06,14.1
"15/07/1966",4.07,13.8
"16/07/1966",0.35,14.2
"17/07/1966",0.87,13
"18/07/1966",1.71,12.2
"19/07/1966",3.92,14.6
"20/07/1966",1.76,16.5
"21/07/1966",0.13,16.6
"22/07/1966",0.03,16.8
"23/07/1966",1.43,16.6
"24/07/1966",5.84,16.4
"25/07/1966",1.95,12.9
"26/07/1966",3.16,13.9
"27/07/1966",0.18,14.2
"28/07/1966",9.73,13.2
"29/07/1966",5.33,13.8
"30/07/1966",4.5,13.8
"31/07/1966",9.77,13.9
"1/08/1966",3.76,12.4
"2/08/1966",9.42,12.4
"3/08/1966",5.62,14
"4/08/1966",2.8,14.2
"5/08/1966",1.71,14
"6/08/1966",13.98,13.4
"7/08/1966",1.94,14.3
"8/08/1966",1.21,14.1
"9/08/1966",6.84,13
"10/08/1966",2.36,16.2
"11/08/1966",3.7,16.1
"12/08/1966",4.59,17.3
"13/08/1966",6.47,17.3
"14/08/1966",0.31,14
"15/08/1966",0,12.9
"16/08/1966",0.03,13.5
"17/08/1966",0.21,15.9
"18/08/1966",0.06,17.7
"19/08/1966",0.02,18.9
"20/08/1966",6.45,17.7
"21/08/1966",8.36,14.9
"22/08/1966",0.04,13.7
"23/08/1966",0.19,12.1
"24/08/1966",0.12,11.5
"25/08/1966",0.13,12.1
"26/08/1966",0.16,13.8
"27/08/1966",0.22,14.3
"28/08/1966",1.93,16.9
"29/08/1966",19.28,16.4
"30/08/1966",8.08,15
"31/08/1966",2.17,15.8
"1/09/1966",7.09,15.1
"2/09/1966",1.51,15.9
"3/09/1966",2.84,16.1
"4/09/1966",8.86,16.9
"5/09/1966",1.09,16.9
"6/09/1966",0.06,17.5
"7/09/1966",0.09,14.8
"8/09/1966",0.08,14.1
"9/09/1966",0.17,13.3
"10/09/1966",0.95,15.9
"11/09/1966",6.13,16.3
"12/09/1966",4.65,16.9
"13/09/1966",0.59,13.9
"14/09/1966",9.93,14.2
"15/09/1966",1,13.4
"16/09/1966",0.21,10.9
"17/09/1966",0.16,11.7
"18/09/1966",0.06,14
"19/09/1966",0,13.8
"20/09/1966",0,12.9
"21/09/1966",0,12.9
"22/09/1966",0,11.6
"23/09/1966",0,12.5
"24/09/1966",0,12.4
"25/09/1966",0,11.2
"26/09/1966",0,11.5
"27/09/1966",0,11.7
"28/09/1966",0.29,12.1
"29/09/1966",3.11,12.1
"30/09/1966",6.78,11.7
"1/10/1966",8.61,12
"2/10/1966",9.55,11.4
"3/10/1966",11.22,12.5
"4/10/1966",5.29,13.3
"5/10/1966",1.81,12.1
"6/10/1966",1.49,13.3
"7/10/1966",1.25,12.4
"8/10/1966",0.41,12.4
"9/10/1966",2.88,10.3
"10/10/1966",3.38,10.3
"11/10/1966",0.04,11.7
"12/10/1966",1.89,10.4
"13/10/1966",11.01,12.7
"14/10/1966",12.03,13.4
"15/10/1966",2.54,13.4
"16/10/1966",4.15,11.2
"17/10/1966",6.61,10.8
"18/10/1966",10.12,11.9
"19/10/1966",6.49,10.4
"20/10/1966",1.73,11.1
"21/10/1966",0.48,10.2
"22/10/1966",15.61,8.3
"23/10/1966",0.71,7.3
"24/10/1966",0.15,5.3
"25/10/1966",0.16,6.6
"26/10/1966",4.24,5.8
"27/10/1966",3.14,6.1
"28/10/1966",0.43,7.6
"29/10/1966",0.42,5.3
"30/10/1966",0.15,6.6
"31/10/1966",1.55,6.9
"1/11/1966",2.17,4.5
"2/11/1966",0.71,5.3
"3/11/1966",0.32,4.7
"4/11/1966",8.32,3.6
"5/11/1966",10.08,5.1
"6/11/1966",2.62,5.5
"7/11/1966",1.71,7.6
"8/11/1966",0.23,8.2
"9/11/1966",0.21,5.8
"10/11/1966",0.29,4.6
"11/11/1966",1.79,3.7
"12/11/1966",2.4,6.3
"13/11/1966",5.18,9.2
"14/11/1966",1.27,8.7
"15/11/1966",7.41,8.7
"16/11/1966",1.57,6.5
"17/11/1966",1.44,5.9
"18/11/1966",1.29,6
"19/11/1966",0.86,5
"20/11/1966",0.78,4.7
"21/11/1966",1.29,4
"22/11/1966",1.62,4.3
"23/11/1966",0.74,4.6
"24/11/1966",0.81,1.5
"25/11/1966",1.8,4
"26/11/1966",1.48,7.1
"27/11/1966",5.29,8.2
"28/11/1966",2.27,4.8
"29/11/1966",9.53,4.8
"30/11/1966",3.46,4.9
"1/12/1966",14.85,6
"2/12/1966",2.33,4.7
"3/12/1966",0.57,2.3
"4/12/1966",0.1,2.6
"5/12/1966",5.7,4.9
"6/12/1966",0.83,5.2
"7/12/1966",6.2,5.7
"8/12/1966",2.52,6.7
"9/12/1966",13,6
"10/12/1966",2.48,6.2
"11/12/1966",5.34,5.3
"12/12/1966",5.91,5.3
"13/12/1966",0.88,4.7
"14/12/1966",2.2,2.8
"15/12/1966",3.5,5.8
"16/12/1966",0.94,6.6
"17/12/1966",3.23,6.8
"18/12/1966",1.1,8.7
"19/12/1966",5.34,8.3
"20/12/1966",0.47,6
"21/12/1966",1.77,5.5
"22/12/1966",0.97,6.8
"23/12/1966",6.14,8.7
"24/12/1966",2.63,6.2
"25/12/1966",0.12,1.3
"26/12/1966",2.76,1
"27/12/1966",1.73,3.2
"28/12/1966",9.61,6
"29/12/1966",4.58,7.8
"30/12/1966",8.67,6.8
"31/12/1966",1.1,6.4
"1/01/1967",0.27,4.3
"2/01/1967",0.06,2.5
"3/01/1967",0,1.4
"4/01/1967",0.32,0.8
"5/01/1967",0.55,0.4
"6/01/1967",3.72,0.1
"7/01/1967",0.33,0.3
"8/01/1967",0.6,-1.8
"9/01/1967",0.27,-1.4
"10/01/1967",0.48,1.6
"11/01/1967",0.04,4.5
"12/01/1967",0.05,4.5
"13/01/1967",0,6.6
"14/01/1967",0.03,4.8
"15/01/1967",0,3.2
"16/01/1967",0,2.4
"17/01/1967",1.89,4.5
"18/01/1967",5.17,6.3
"19/01/1967",1.73,7.3
"20/01/1967",5.59,7.4
"21/01/1967",2.87,6.8
"22/01/1967",9.65,4.3
"23/01/1967",4.24,5.5
"24/01/1967",2.57,6.1
"25/01/1967",7.17,7
"26/01/1967",2.96,6.9
"27/01/1967",3.65,7.4
"28/01/1967",1.81,9.4
"29/01/1967",1.86,9
"30/01/1967",1.14,9.3
"31/01/1967",3.06,8
"1/02/1967",3.02,8.8
"2/02/1967",0.57,10.4
"3/02/1967",0.21,10.3
"4/02/1967",0.02,6.5
"5/02/1967",0.02,5
"6/02/1967",0.55,4.8
"7/02/1967",0.04,5.4
"8/02/1967",0.13,2.6
"9/02/1967",0.08,2.5
"10/02/1967",0,4.1
"11/02/1967",0.03,4.4
"12/02/1967",0,3
"13/02/1967",0,0.6
"14/02/1967",0.34,1.1
"15/02/1967",3.38,3.7
"16/02/1967",8.25,5.4
"17/02/1967",2.86,4.6
"18/02/1967",8.88,3.5
"19/02/1967",5.78,5.2
"20/02/1967",12.77,7.4
"21/02/1967",1.08,6.3
"22/02/1967",10.32,7.6
"23/02/1967",0.54,5.2
"24/02/1967",1.06,4.9
"25/02/1967",4.61,7.7
"26/02/1967",1.07,7.8
"27/02/1967",24.97,6.4
"28/02/1967",1.63,6.4
"1/03/1967",1.65,6.2
"2/03/1967",0.21,7.5
"3/03/1967",0,7.5
"4/03/1967",0.86,7.3
"5/03/1967",0.14,8.6
"6/03/1967",0.09,9.1
"7/03/1967",3.77,8.5
"8/03/1967",13.03,7.2
"9/03/1967",9.57,7.2
"10/03/1967",2.78,6.7
"11/03/1967",1.13,4.8
"12/03/1967",3.79,5.3
"13/03/1967",0.73,5.7
"14/03/1967",0.99,8.3
"15/03/1967",0.27,8.4
"16/03/1967",0.22,6.8
"17/03/1967",0.46,7.6
"18/03/1967",0.17,7.9
"19/03/1967",0,8.3
"20/03/1967",0.03,8
"21/03/1967",0.2,11.1
"22/03/1967",0.53,7.4
"23/03/1967",0.18,7
"24/03/1967",0.15,6.8
"25/03/1967",5.59,8.6
"26/03/1967",2.98,6.4
"27/03/1967",2.34,4.7
"28/03/1967",1.45,4.8
"29/03/1967",1.28,5.2
"30/03/1967",1.05,5
"31/03/1967",0.22,3.1
"1/04/1967",6.21,2.7
"2/04/1967",3.47,6.7
"3/04/1967",0.11,8
"4/04/1967",0.11,9.7
"5/04/1967",0.54,9.6
"6/04/1967",2.7,5.6
"7/04/1967",2.46,6.3
"8/04/1967",2.47,4.4
"9/04/1967",4.29,6.5
"10/04/1967",6.68,5.9
"11/04/1967",1.64,6
"12/04/1967",1.09,5.7
"13/04/1967",0.43,5.5
"14/04/1967",0.02,8.2
"15/04/1967",0,7.9
"16/04/1967",0,9.8
"17/04/1967",0,11.8
"18/04/1967",0.03,7.6
"19/04/1967",0.61,8.8
"20/04/1967",2.83,9.2
"21/04/1967",0.3,5.2
"22/04/1967",2.78,5.9
"23/04/1967",0.08,7.2
"24/04/1967",7.61,6.6
"25/04/1967",0.21,8
"26/04/1967",0.42,8
"27/04/1967",0.05,10.6
"28/04/1967",0.08,10.4
"29/04/1967",0,12.2
"30/04/1967",0.41,10.9
"1/05/1967",2.3,6.4
"2/05/1967",0.61,4.9
"3/05/1967",12.24,4.7
"4/05/1967",5.01,8.2
"5/05/1967",5.94,10.1
"6/05/1967",3.92,10.3
"7/05/1967",2.99,9.9
"8/05/1967",1.71,10.1
"9/05/1967",0.04,11.2
"10/05/1967",1.81,12.5
"11/05/1967",3.62,16.1
"12/05/1967",9.14,14.2
"13/05/1967",5.98,12.7
"14/05/1967",17.26,10.1
"15/05/1967",4.23,9.3
"16/05/1967",3.53,10
"17/05/1967",1.41,9.7
"18/05/1967",1.85,8.5
"19/05/1967",5.45,9.2
"20/05/1967",1.81,10.9
"21/05/1967",6.63,10.3
"22/05/1967",3.15,11.1
"23/05/1967",7.74,11.1
"24/05/1967",5.17,10.7
"25/05/1967",2.5,10.3
"26/05/1967",5.08,10.8
"27/05/1967",9.13,11.9
"28/05/1967",2.82,13
"29/05/1967",3.05,11.7
"30/05/1967",4.43,11
"31/05/1967",0.19,11.8
"1/06/1967",0.46,12.5
"2/06/1967",0.2,13.3
"3/06/1967",0.08,13.6
"4/06/1967",0.07,14.6
"5/06/1967",0.59,14.4
"6/06/1967",0.53,16.3
"7/06/1967",0.45,13
"8/06/1967",0.41,11.1
"9/06/1967",0,11.5
"10/06/1967",0,13.1
"11/06/1967",0,11.4
"12/06/1967",0,12.3
"13/06/1967",0,13.1
"14/06/1967",0.13,15
"15/06/1967",0,16
"16/06/1967",0.03,14.2
"17/06/1967",0,14.1
"18/06/1967",0,14.3
"19/06/1967",0.73,15.1
"20/06/1967",0.38,13.9
"21/06/1967",1.63,14.6
"22/06/1967",1.78,16.1
"23/06/1967",4.63,14.2
"24/06/1967",9.31,14.7
"25/06/1967",16.62,14.6
"26/06/1967",1.6,14
"27/06/1967",0.52,14.2
"28/06/1967",1.07,14.1
"29/06/1967",0.03,15.4
"30/06/1967",0.08,15.1
"1/07/1967",0.46,15.1
"2/07/1967",0.17,15.5
"3/07/1967",0.47,13.4
"4/07/1967",0,14.1
"5/07/1967",0.01,15
"6/07/1967",0.01,15.8
"7/07/1967",2.75,16.8
"8/07/1967",0.05,15
"9/07/1967",0.01,15.1
"10/07/1967",0.04,17.4
"11/07/1967",0.01,18.4
"12/07/1967",0.13,19.5
"13/07/1967",6.07,18.4
"14/07/1967",3.75,17.6
"15/07/1967",1.24,16.4
"16/07/1967",0.77,19
"17/07/1967",5.51,20.6
"18/07/1967",2.69,18.6
"19/07/1967",2.11,17.9
"20/07/1967",0.23,14.9
"21/07/1967",0.13,15.5
"22/07/1967",11.92,15.7
"23/07/1967",0.03,17
"24/07/1967",2.28,15.4
"25/07/1967",0.23,17.3
"26/07/1967",0.86,17.5
"27/07/1967",8.11,16.9
"28/07/1967",0.44,15.4
"29/07/1967",10.08,15.4
"30/07/1967",3.64,17.8
"31/07/1967",2.45,19.3
"1/08/1967",2.72,18
"2/08/1967",3.99,14.6
"3/08/1967",2.48,14
"4/08/1967",3.18,12.6
"5/08/1967",1.59,13
"6/08/1967",0.34,15.2
"7/08/1967",1.11,16.4
"8/08/1967",5.04,17.9
"9/08/1967",4.39,18.2
"10/08/1967",4.61,17
"11/08/1967",5.88,15.3
"12/08/1967",3,12.8
"13/08/1967",8.77,14.4
"14/08/1967",4.81,14.4
"15/08/1967",4.72,14
"16/08/1967",2.53,14.3
"17/08/1967",3.22,14.7
"18/08/1967",9.14,15.1
"19/08/1967",1.25,15.6
"20/08/1967",0,14.1
"21/08/1967",0,15.8
"22/08/1967",0,17.7
"23/08/1967",0.06,18.6
"24/08/1967",0.06,16.8
"25/08/1967",0.03,17.4
"26/08/1967",0.09,17.2
"27/08/1967",0.11,18.5
"28/08/1967",0.5,17.9
"29/08/1967",0.15,15.9
"30/08/1967",1.4,14
"31/08/1967",2.13,15.5
"1/09/1967",4.49,14
"2/09/1967",3.77,15.2
"3/09/1967",5.53,14.5
"4/09/1967",11.19,13.8
"5/09/1967",4.62,13
"6/09/1967",1.57,12.6
"7/09/1967",0.5,11.8
"8/09/1967",0,11.3
"9/09/1967",0.08,11.5
"10/09/1967",1.63,13
"11/09/1967",8.11,12.8
"12/09/1967",0.19,15.3
"13/09/1967",1.13,14.2
"14/09/1967",2.14,13
"15/09/1967",0.08,14.3
"16/09/1967",0.6,14.2
"17/09/1967",5.1,14.1
"18/09/1967",6.42,14.2
"19/09/1967",3.4,12.5
"20/09/1967",1.54,11.7
"21/09/1967",1.19,10.1
"22/09/1967",1.28,12.9
"23/09/1967",1.4,11.5
"24/09/1967",4.27,13
"25/09/1967",10.44,15.1
"26/09/1967",5.16,17.2
"27/09/1967",1.55,13.5
"28/09/1967",2.87,15.4
"29/09/1967",11.56,15.4
"30/09/1967",0.74,13.9
"1/10/1967",11.54,13.1
"2/10/1967",2.19,11.4
"3/10/1967",12.71,11.3
"4/10/1967",1.05,10.2
"5/10/1967",3.85,11.2
"6/10/1967",4.37,12.9
"7/10/1967",1.77,15.5
"8/10/1967",3.88,14.3
"9/10/1967",3.91,15.7
"10/10/1967",7.65,13.9
"11/10/1967",3.27,13.7
"12/10/1967",2.27,10.7
"13/10/1967",1.8,10.4
"14/10/1967",8.96,11.1
"15/10/1967",4.9,11.2
"16/10/1967",32.82,11.3
"17/10/1967",2.16,9.1
"18/10/1967",2.8,7.1
"19/10/1967",2.97,10.1
"20/10/1967",3.05,12
"21/10/1967",2.86,10.8
"22/10/1967",0.48,9.9
"23/10/1967",1.55,9.5
"24/10/1967",0.53,10.2
"25/10/1967",3.8,11
"26/10/1967",4.08,10.4
"27/10/1967",15.57,8
"28/10/1967",5.03,7
"29/10/1967",2.35,7.7
"30/10/1967",12.7,7
"31/10/1967",5.06,7.1
"1/11/1967",14.81,5.8
"2/11/1967",7.53,5.7
"3/11/1967",5.46,7.4
"4/11/1967",10.07,4.5
"5/11/1967",8.73,4.3
"6/11/1967",2.01,6.1
"7/11/1967",0.23,4.9
"8/11/1967",0.84,5
"9/11/1967",1.09,4.8
"10/11/1967",2.58,7.9
"11/11/1967",0.93,10.4
"12/11/1967",0.58,7.7
"13/11/1967",2.25,7.9
"14/11/1967",0.79,8.9
"15/11/1967",2.81,6.2
"16/11/1967",0,5
"17/11/1967",0,1.9
"18/11/1967",0,2.2
"19/11/1967",0.12,2.6
"20/11/1967",0.01,4.6
"21/11/1967",0,5
"22/11/1967",0,4.6
"23/11/1967",0,3.4
"24/11/1967",1.03,3.2
"25/11/1967",1.6,3.9
"26/11/1967",1.3,2
"27/11/1967",3.02,4.8
"28/11/1967",3.39,6.5
"29/11/1967",1.57,7.2
"30/11/1967",0.5,7.7
"1/12/1967",0.08,8.9
"2/12/1967",0.12,8.9
"3/12/1967",0,8.8
"4/12/1967",0.23,6
"5/12/1967",2.87,7.1
"6/12/1967",2.03,4.8
"7/12/1967",2.41,0.6
"8/12/1967",3.87,-2.2
"9/12/1967",2.96,-1.9
"10/12/1967",0.82,-0.6
"11/12/1967",4.53,1
"12/12/1967",0.15,2.6
"13/12/1967",0,6.5
"14/12/1967",0.14,6.1
"15/12/1967",1.85,7.2
"16/12/1967",0.08,4.9
"17/12/1967",0.8,-1
"18/12/1967",11.83,0.2
"19/12/1967",0.02,0.6
"20/12/1967",1.99,0
"21/12/1967",1.37,2.9
"22/12/1967",13.79,8
"23/12/1967",4.22,10
"24/12/1967",6.35,7.8
"25/12/1967",1.8,6.7
"26/12/1967",0.95,5.8
"27/12/1967",2.83,6.5
"28/12/1967",2.07,5.1
"29/12/1967",0.74,3.4
"30/12/1967",3.67,3.1
"31/12/1967",3.95,2.3
"1/01/1968",4.83,2
"2/01/1968",3.62,2.5
"3/01/1968",1.5,4.2
"4/01/1968",5.29,1.8
"5/01/1968",6.1,4.2
"6/01/1968",5.52,4.6
"7/01/1968",0.3,2
"8/01/1968",14.71,-0.8
"9/01/1968",0.94,-0.4
"10/01/1968",0.7,-2.5
"11/01/1968",0.55,-2.2
"12/01/1968",2.45,-2.1
"13/01/1968",10.67,2.8
"14/01/1968",2.62,6.3
"15/01/1968",4.1,9.3
"16/01/1968",6.63,8.2
"17/01/1968",1.7,7.7
"18/01/1968",4.77,7.7
"19/01/1968",0.06,9
"20/01/1968",0.04,7.4
"21/01/1968",0.02,6.4
"22/01/1968",0.08,4.6
"23/01/1968",0.03,3
"24/01/1968",1.03,3.9
"25/01/1968",0.37,6.6
"26/01/1968",0.26,8
"27/01/1968",2.72,7.3
"28/01/1968",0.05,3.8
"29/01/1968",1.85,4.7
"30/01/1968",0.91,7.1
"31/01/1968",1.35,9.2
"1/02/1968",1.37,4.4
"2/02/1968",2.4,4.3
"3/02/1968",0.42,1.6
"4/02/1968",9.33,0
"5/02/1968",11.03,1.4
"6/02/1968",2.79,1.8
"7/02/1968",2.36,1.6
"8/02/1968",1.66,0
"9/02/1968",1.49,0.9
"10/02/1968",0.2,2.6
"11/02/1968",1.27,2.3
"12/02/1968",2.18,3.3
"13/02/1968",6.69,4.1
"14/02/1968",0.25,3.9
"15/02/1968",0.14,2.2
"16/02/1968",0.45,2.4
"17/02/1968",0.15,3.2
"18/02/1968",0,3.2
"19/02/1968",0.63,1.3
"20/02/1968",1.6,-1.2
"21/02/1968",0.76,0.8
"22/02/1968",0.35,1.6
"23/02/1968",0.12,1.7
"24/02/1968",0,0
"25/02/1968",0,0.7
"26/02/1968",0,1.5
"27/02/1968",0,2.3
"28/02/1968",0,2.8
"29/02/1968",0,0.5
"1/03/1968",0.02,-0.3
"2/03/1968",0.06,1.6
"3/03/1968",0.01,3
"4/03/1968",0.01,5.1
"5/03/1968",0.68,6.7
"6/03/1968",1.03,5.1
"7/03/1968",0.03,3
"8/03/1968",0,3.1
"9/03/1968",0.02,5.3
"10/03/1968",0.27,6.4
"11/03/1968",0.19,7.3
"12/03/1968",0.01,5.7
"13/03/1968",1.44,7.4
"14/03/1968",2.81,5.3
"15/03/1968",2.07,5.1
"16/03/1968",4.13,5.3
"17/03/1968",1.91,5.5
"18/03/1968",1.03,6.1
"19/03/1968",7.55,6.7
"20/03/1968",5.32,7.1
"21/03/1968",2.92,4.4
"22/03/1968",5.95,5.9
"23/03/1968",9.87,7.9
"24/03/1968",6.47,9.8
"25/03/1968",0.54,8
"26/03/1968",0.78,8.3
"27/03/1968",0.12,10.5
"28/03/1968",0.05,10.8
"29/03/1968",1.24,13.3
"30/03/1968",1.14,8.7
"31/03/1968",1.86,7
"1/04/1968",5.97,8.8
"2/04/1968",4.78,1.1
"3/04/1968",1.89,3
"4/04/1968",0.63,3.8
"5/04/1968",0.26,3
"6/04/1968",0.29,3.6
"7/04/1968",0,3.6
"8/04/1968",0,2.9
"9/04/1968",0,5.5
"10/04/1968",0,6.4
"11/04/1968",0,3.2
"12/04/1968",0.03,5.6
"13/04/1968",0,5.5
"14/04/1968",0.03,7.7
"15/04/1968",1.15,9.5
"16/04/1968",6.1,9.8
"17/04/1968",5.87,11.5
"18/04/1968",9.27,12.6
"19/04/1968",1.59,10.9
"20/04/1968",3.12,13.2
"21/04/1968",0.52,15.5
"22/04/1968",2.62,11.4
"23/04/1968",0.79,10.6
"24/04/1968",0.05,10
"25/04/1968",0,10.6
"26/04/1968",0.65,11.6
"27/04/1968",7.39,12.6
"28/04/1968",5.55,11.5
"29/04/1968",4.45,9.4
"30/04/1968",5.85,8.5
"1/05/1968",1.9,9
"2/05/1968",2.14,8.8
"3/05/1968",2.06,10
"4/05/1968",7.48,8.1
"5/05/1968",3.11,9.2
"6/05/1968",5.17,7.5
"7/05/1968",4.3,7.1
"8/05/1968",4.22,6.5
"9/05/1968",2.71,8.5
"10/05/1968",5.25,9.5
"11/05/1968",2.87,9.3
"12/05/1968",6.72,8.2
"13/05/1968",1.1,9.6
"14/05/1968",2.98,9
"15/05/1968",1.14,13.3
"16/05/1968",0.52,10
"17/05/1968",2.88,8.5
"18/05/1968",2.66,7.3
"19/05/1968",0.21,6.7
"20/05/1968",0.28,7.3
"21/05/1968",0.13,7.7
"22/05/1968",0.02,8
"23/05/1968",0.03,10.2
"24/05/1968",7.55,11.8
"25/05/1968",7.67,12.3
"26/05/1968",2.63,11.6
"27/05/1968",0.84,12.7
"28/05/1968",0,13.3
"29/05/1968",0,14.4
"30/05/1968",0,14
"31/05/1968",0.1,14.1
"1/06/1968",0.69,15.3
"2/06/1968",1.19,16.6
"3/06/1968",7.68,14.8
"4/06/1968",1.42,14.6
"5/06/1968",5.34,13.9
"6/06/1968",0.29,12.9
"7/06/1968",3.99,11.8
"8/06/1968",0.66,12.8
"9/06/1968",0,13.1
"10/06/1968",0,15.1
"11/06/1968",0.06,15.2
"12/06/1968",0,15.8
"13/06/1968",0,15.3
"14/06/1968",0.68,16.6
"15/06/1968",0,16.9
"16/06/1968",0.22,15.5
"17/06/1968",0.67,16.5
"18/06/1968",0.32,17
"19/06/1968",4.81,15.8
"20/06/1968",2.73,13.4
"21/06/1968",6.15,13.1
"22/06/1968",11.73,12.9
"23/06/1968",2.82,13.4
"24/06/1968",7.2,12.6
"25/06/1968",4.38,15.1
"26/06/1968",12.1,14.5
"27/06/1968",12.65,14.9
"28/06/1968",5.64,14.8
"29/06/1968",0.02,15.6
"30/06/1968",0.56,18.6
"1/07/1968",7.76,21.8
"2/07/1968",12.22,18.8
"3/07/1968",0.77,12.7
"4/07/1968",0.09,12.6
"5/07/1968",0.04,14.6
"6/07/1968",0.25,14
"7/07/1968",8.76,14.3
"8/07/1968",1.58,14.8
"9/07/1968",8.56,15.1
"10/07/1968",32.71,14.2
"11/07/1968",2,13.4
"12/07/1968",1.46,14.1
"13/07/1968",6.99,14.7
"14/07/1968",7.47,15.4
"15/07/1968",3.92,14
"16/07/1968",6.63,13.7
"17/07/1968",0.24,14.2
"18/07/1968",0,13.7
"19/07/1968",0.62,15
"20/07/1968",1.15,17.3
"21/07/1968",0.01,17.3
"22/07/1968",2.71,17.8
"23/07/1968",0.45,14.6
"24/07/1968",0,14.6
"25/07/1968",0.02,15.7
"26/07/1968",0,12.8
"27/07/1968",0,13.9
"28/07/1968",0.02,15.5
"29/07/1968",0.04,13.4
"30/07/1968",0,15.2
"31/07/1968",1.37,15.7
"1/08/1968",0.11,15.5
"2/08/1968",2.81,13.3
"3/08/1968",0.34,14.6
"4/08/1968",0.23,15.4
"5/08/1968",1.06,16.6
"6/08/1968",5.04,15.3
"7/08/1968",3.83,15.2
"8/08/1968",9.15,14.1
"9/08/1968",2.63,14.5
"10/08/1968",0,15.3
"11/08/1968",0,16
"12/08/1968",3.77,16.4
"13/08/1968",5.74,16.9
"14/08/1968",1.35,13.8
"15/08/1968",5.85,12.5
"16/08/1968",9.82,13.8
"17/08/1968",3.27,13.7
"18/08/1968",0.9,13.5
"19/08/1968",5.79,12.3
"20/08/1968",0.41,16.7
"21/08/1968",0.13,16.9
"22/08/1968",0.07,19.4
"23/08/1968",0.58,19.7
"24/08/1968",0.31,17.9
"25/08/1968",0.03,16.5
"26/08/1968",0.09,16.8
"27/08/1968",0.62,17.4
"28/08/1968",4.09,15.3
"29/08/1968",0.91,13.8
"30/08/1968",1.06,13.9
"31/08/1968",2.24,14.4
"1/09/1968",14.93,13
"2/09/1968",2.55,14.9
"3/09/1968",1.08,12.9
"4/09/1968",0.61,13.1
"5/09/1968",2.15,13.5
"6/09/1968",0.19,15.6
"7/09/1968",0.03,14.8
"8/09/1968",0.09,15.6
"9/09/1968",0.32,17.7
"10/09/1968",8.94,17.4
"11/09/1968",6.81,14
"12/09/1968",3.37,14.7
"13/09/1968",3.6,13.9
"14/09/1968",14.54,13.1
"15/09/1968",16.28,13.1
"16/09/1968",3.47,12.9
"17/09/1968",0.33,13.2
"18/09/1968",0,11.7
"19/09/1968",9.51,12.5
"20/09/1968",10.22,14.4
"21/09/1968",1.86,13.7
"22/09/1968",6.55,14.1
"23/09/1968",5.76,13.9
"24/09/1968",0.2,13.9
"25/09/1968",11.12,11.4
"26/09/1968",2.64,14.4
"27/09/1968",6.97,14.6
"28/09/1968",8.1,13.2
"29/09/1968",3.11,13.3
"30/09/1968",2.78,12.5
"1/10/1968",4.66,13.5
"2/10/1968",2.75,14.7
"3/10/1968",0.72,16.1
"4/10/1968",0.2,14.9
"5/10/1968",0.19,15.8
"6/10/1968",0.4,15
"7/10/1968",3.56,12.1
"8/10/1968",8.06,10.8
"9/10/1968",8.97,11.3
"10/10/1968",0.66,13.8
"11/10/1968",9.96,13.7
"12/10/1968",2.54,13.9
"13/10/1968",0.4,13.5
"14/10/1968",1.3,10.6
"15/10/1968",2.71,9.5
"16/10/1968",1.99,10
"17/10/1968",0.88,10.8
"18/10/1968",1.94,8.6
"19/10/1968",1.76,11.3
"20/10/1968",0.2,13.9
"21/10/1968",0.45,14.8
"22/10/1968",0.06,10.5
"23/10/1968",0,10.9
"24/10/1968",0.19,10.5
"25/10/1968",0.06,11.1
"26/10/1968",1.48,11.7
"27/10/1968",9.92,12.2
"28/10/1968",11.9,13.6
"29/10/1968",1.25,11.6
"30/10/1968",7.62,12.9
"31/10/1968",12.18,13.9
"1/11/1968",14.57,11.5
"2/11/1968",2.94,8.4
"3/11/1968",0.47,4.8
"4/11/1968",0,3.8
"5/11/1968",0.2,4.1
"6/11/1968",1.68,5
"7/11/1968",1.96,6.4
"8/11/1968",1.24,6
"9/11/1968",0.47,1.8
"10/11/1968",3.31,2.5
"11/11/1968",0.21,5.7
"12/11/1968",0.09,6.8
"13/11/1968",0.31,5.8
"14/11/1968",0,6.2
"15/11/1968",0,3.6
"16/11/1968",0.32,2.8
"17/11/1968",0.47,3.8
"18/11/1968",0.95,5.1
"19/11/1968",1.08,6.2
"20/11/1968",2.38,7.5
"21/11/1968",1.87,8.6
"22/11/1968",4.15,8.6
"23/11/1968",4.68,9.1
"24/11/1968",0.54,8.5
"25/11/1968",3.65,8.8
"26/11/1968",12.5,9.9
"27/11/1968",1.69,10.6
"28/11/1968",0.47,9.4
"29/11/1968",4.13,8
"30/11/1968",3.26,5.7
"1/12/1968",0.24,6.4
"2/12/1968",0.07,7.8
"3/12/1968",0.25,5.1
"4/12/1968",0.73,5.7
"5/12/1968",0.03,5.3
"6/12/1968",0.34,2.8
"7/12/1968",0.05,3.5
"8/12/1968",0,2.1
"9/12/1968",0.49,1.2
"10/12/1968",0.41,1.6
"11/12/1968",0,3
"12/12/1968",0.03,3.8
"13/12/1968",0.02,0.3
"14/12/1968",2.58,-0.1
"15/12/1968",9.63,0.6
"16/12/1968",5.97,1.5
"17/12/1968",11.14,2.3
"18/12/1968",3.86,4.2
"19/12/1968",2.86,4.1
"20/12/1968",8.94,5.2
"21/12/1968",10.73,6.7
"22/12/1968",2.96,6.5
"23/12/1968",1.18,6.9
"24/12/1968",11.88,2.2
"25/12/1968",0.79,1.9
"26/12/1968",1.4,-0.8
"27/12/1968",1.88,-0.2
"28/12/1968",2.32,-0.8
"29/12/1968",2.76,0.3
"30/12/1968",0.53,2
"31/12/1968",0.16,1.9
"1/01/1969",0.01,1.7
"2/01/1969",0.39,4.3
"3/01/1969",0.49,4.8
"4/01/1969",1.46,4.9
"5/01/1969",1.45,3.8
"6/01/1969",3.91,1.8
"7/01/1969",6.74,3.2
"8/01/1969",1.8,5.4
"9/01/1969",0.26,1.8
"10/01/1969",2.87,2.1
"11/01/1969",4.4,4.7
"12/01/1969",11.04,6.2
"13/01/1969",5,7.8
"14/01/1969",4.13,6.9
"15/01/1969",7.04,3.7
"16/01/1969",2.61,2.2
"17/01/1969",11.99,2.9
"18/01/1969",2.01,3.6
"19/01/1969",2.69,6
"20/01/1969",12.37,5.6
"21/01/1969",3.58,8.1
"22/01/1969",3.51,10.2
"23/01/1969",0.19,9.6
"24/01/1969",0.61,9.4
"25/01/1969",0.04,9
"26/01/1969",1.24,9.1
"27/01/1969",5.65,8.6
"28/01/1969",1.84,5.6
"29/01/1969",0.23,5.3
"30/01/1969",1.21,6.9
"31/01/1969",0.73,5.3
"1/02/1969",5.73,3.7
"2/02/1969",1.33,2.2
"3/02/1969",0.39,0.2
"4/02/1969",0.22,1.4
"5/02/1969",1.23,3.6
"6/02/1969",5.59,4.2
"7/02/1969",4.45,0.4
"8/02/1969",0.63,-3.5
"9/02/1969",0.41,-1.3
"10/02/1969",6.55,0.9
"11/02/1969",4.89,2.7
"12/02/1969",0.95,2.3
"13/02/1969",1.03,-0.5
"14/02/1969",2.22,-0.7
"15/02/1969",0.19,-2.9
"16/02/1969",0.38,-3.4
"17/02/1969",0.2,-2
"18/02/1969",0.57,-2
"19/02/1969",7.76,-1
"20/02/1969",8.03,0.7
"21/02/1969",4.79,1.6
"22/02/1969",2.66,4.2
"23/02/1969",2.66,5.6
"24/02/1969",2.44,3.4
"25/02/1969",0.7,3.3
"26/02/1969",0.44,2.5
"27/02/1969",1.5,1
"28/02/1969",1.01,1.6
"1/03/1969",0.11,1.5
"2/03/1969",0.56,1.2
"3/03/1969",0.23,2
"4/03/1969",0.06,2.8
"5/03/1969",0,2.8
"6/03/1969",0,3
"7/03/1969",0,3
"8/03/1969",0.01,4.4
"9/03/1969",0,2.9
"10/03/1969",4.97,3.2
"11/03/1969",9.38,3.6
"12/03/1969",21.54,2.7
"13/03/1969",8.26,3.4
"14/03/1969",1.52,5.4
"15/03/1969",1.46,7
"16/03/1969",2.28,2.2
"17/03/1969",6.46,3
"18/03/1969",5.38,2.3
"19/03/1969",2.68,3.4
"20/03/1969",0.48,4.2
"21/03/1969",0,3.5
"22/03/1969",0,2.4
"23/03/1969",0,1.6
"24/03/1969",0.48,0.9
"25/03/1969",0.08,2
"26/03/1969",0,1.4
"27/03/1969",0,3.1
"28/03/1969",0.18,2.2
"29/03/1969",2.6,4.8
"30/03/1969",6.18,8.4
"31/03/1969",4.56,7.9
"1/04/1969",0.24,4.7
"2/04/1969",0,3.7
"3/04/1969",0,4.4
"4/04/1969",0,6.1
"5/04/1969",0,6.8
"6/04/1969",0,7.6
"7/04/1969",0,9.7
"8/04/1969",0,11.6
"9/04/1969",2.1,10.8
"10/04/1969",3.12,11.1
"11/04/1969",4.11,10
"12/04/1969",1.51,6.9
"13/04/1969",0.49,5.7
"14/04/1969",3.26,6.5
"15/04/1969",2.35,9.1
"16/04/1969",0.52,7.2
"17/04/1969",0.05,6.5
"18/04/1969",0,4.1
"19/04/1969",0.03,4.4
"20/04/1969",1.75,4.2
"21/04/1969",9.17,6.4
"22/04/1969",6.05,6.7
"23/04/1969",4.38,8.3
"24/04/1969",2.06,10.1
"25/04/1969",6.44,10.9
"26/04/1969",5.28,9.1
"27/04/1969",2.58,8.2
"28/04/1969",0.84,6.6
"29/04/1969",0.3,6.9
"30/04/1969",0.32,7.7
"1/05/1969",0,8.4
"2/05/1969",4.27,7.8
"3/05/1969",3.06,12
"4/05/1969",0.56,12.5
"5/05/1969",11.26,10.8
"6/05/1969",6.14,8.9
"7/05/1969",3.53,9.7
"8/05/1969",1.93,10.8
"9/05/1969",6.95,10.8
"10/05/1969",3.68,11.3
"11/05/1969",0.91,12.9
"12/05/1969",1.69,14.5
"13/05/1969",1.27,16.2
"14/05/1969",3.02,13.8
"15/05/1969",8.22,11.4
"16/05/1969",3.19,10.9
"17/05/1969",6.65,10.3
"18/05/1969",2.89,7.4
"19/05/1969",0.59,7.1
"20/05/1969",2.72,9
"21/05/1969",0.03,12.4
"22/05/1969",0.23,12.6
"23/05/1969",1.05,11.7
"24/05/1969",8.07,12
"25/05/1969",10.35,13.6
"26/05/1969",3.05,10.5
"27/05/1969",5.89,9.7
"28/05/1969",1.34,11.2
"29/05/1969",6.99,12.5
"30/05/1969",3.62,13
"31/05/1969",2.69,11.7
"1/06/1969",0.52,10.5
"2/06/1969",8.39,11.7
"3/06/1969",0.56,13.1
"4/06/1969",0,9.2
"5/06/1969",0,8.9
"6/06/1969",0,10
"7/06/1969",0,11.6
"8/06/1969",0,14
"9/06/1969",0,15.4
"10/06/1969",0,15.6
"11/06/1969",0,16
"12/06/1969",0,16.5
"13/06/1969",0.02,17.2
"14/06/1969",1.15,17.6
"15/06/1969",2.38,17.8
"16/06/1969",4.2,15.3
"17/06/1969",9.51,13
"18/06/1969",1.84,14.5
"19/06/1969",5.12,13.7
"20/06/1969",1.72,13.2
"21/06/1969",1.81,11.3
"22/06/1969",2.45,12.7
"23/06/1969",8.89,12
"24/06/1969",0.03,15.5
"25/06/1969",0,14.8
"26/06/1969",1.79,13.9
"27/06/1969",0.01,15.5
"28/06/1969",0.24,14
"29/06/1969",0,15.9
"30/06/1969",0.68,16.5
"1/07/1969",0.61,16.7
"2/07/1969",0.22,17.6
"3/07/1969",0.02,16
"4/07/1969",0.09,15.6
"5/07/1969",0.31,15.3
"6/07/1969",11.25,12
"7/07/1969",2.66,12.4
"8/07/1969",2.82,12.7
"9/07/1969",0.75,12.9
"10/07/1969",0.57,14.5
"11/07/1969",0.09,17.8
"12/07/1969",0.01,19
"13/07/1969",0,18.3
"14/07/1969",0,19.8
"15/07/1969",0.06,20.7
"16/07/1969",0.03,21.4
"17/07/1969",0.04,16.9
"18/07/1969",0.95,15
"19/07/1969",0.08,17.5
"20/07/1969",0.06,19.3
"21/07/1969",0.05,19.5
"22/07/1969",0.14,18.8
"23/07/1969",3.17,19.9
"24/07/1969",0.03,17.5
"25/07/1969",0.05,18
"26/07/1969",1.39,17
"27/07/1969",4.02,16.8
"28/07/1969",33.26,15.7
"29/07/1969",7.61,15.4
"30/07/1969",0,14.9
"31/07/1969",0,16.2
"1/08/1969",3.63,17
"2/08/1969",15.09,18.8
"3/08/1969",2.96,15.7
"4/08/1969",2.33,17.1
"5/08/1969",1.04,16.9
"6/08/1969",0,16.4
"7/08/1969",0,17.8
"8/08/1969",4.45,19.7
"9/08/1969",2.24,19.9
"10/08/1969",0.09,21
"11/08/1969",11.05,20.3
"12/08/1969",4.86,17.6
"13/08/1969",0.88,17.1
"14/08/1969",3.85,16.7
"15/08/1969",1.69,16.5
"16/08/1969",0.12,17.3
"17/08/1969",0.43,17.5
"18/08/1969",3.3,17.1
"19/08/1969",2.77,18
"20/08/1969",2.56,14.7
"21/08/1969",2.82,15
"22/08/1969",3.99,13.5
"23/08/1969",0.26,13.7
"24/08/1969",2.66,12.5
"25/08/1969",0.38,14.9
"26/08/1969",2.43,14.3
"27/08/1969",0.06,14.4
"28/08/1969",0.13,13.8
"29/08/1969",0.02,13.3
"30/08/1969",0.27,14.5
"31/08/1969",0.15,15.6
"1/09/1969",0.05,14.4
"2/09/1969",0,13.7
"3/09/1969",0.03,14.9
"4/09/1969",0,14.9
"5/09/1969",0.03,16
"6/09/1969",0.02,15.8
"7/09/1969",0,15.6
"8/09/1969",0,14.9
"9/09/1969",0.4,14.8
"10/09/1969",8.72,15.1
"11/09/1969",6.56,17.1
"12/09/1969",4.6,13.3
"13/09/1969",1.58,12.7
"14/09/1969",2.43,13.5
"15/09/1969",1.08,14
"16/09/1969",1.44,13.9
"17/09/1969",3.19,16.5
"18/09/1969",3.81,16.4
"19/09/1969",0,15
"20/09/1969",1.06,11.3
"21/09/1969",1.34,15.5
"22/09/1969",0.17,14.1
"23/09/1969",0.16,11.5
"24/09/1969",1.01,14.9
"25/09/1969",0.27,14.1
"26/09/1969",1.37,12.8
"27/09/1969",0.01,12.4
"28/09/1969",1.64,10.2
"29/09/1969",0.01,10
"30/09/1969",0.31,7.7
"1/10/1969",1.23,9.3
"2/10/1969",0.68,11.8
"3/10/1969",0.16,14.8
"4/10/1969",0,14.2
"5/10/1969",0.44,15
"6/10/1969",0.11,15.3
"7/10/1969",1.68,14.2
"8/10/1969",0.18,16.7
"9/10/1969",0,16.8
"10/10/1969",0,13.7
"11/10/1969",0.02,13.1
"12/10/1969",0.4,12.9
"13/10/1969",2.49,14.5
"14/10/1969",0.36,15.5
"15/10/1969",0.04,13.9
"16/10/1969",0,14.1
"17/10/1969",0,14.4
"18/10/1969",0.15,11.5
"19/10/1969",3.04,11.9
"20/10/1969",0.13,13.8
"21/10/1969",0.47,11.7
"22/10/1969",0.5,12.5
"23/10/1969",2.79,12.1
"24/10/1969",1.18,11
"25/10/1969",1.02,11.1
"26/10/1969",0.08,13.1
"27/10/1969",0.01,13.6
"28/10/1969",0.18,11.8
"29/10/1969",0.01,9.9
"30/10/1969",0.06,8.7
"31/10/1969",0.04,10.2
"1/11/1969",0.93,10.9
"2/11/1969",2.29,13
"3/11/1969",11.5,13.4
"4/11/1969",1.39,5.9
"5/11/1969",0.66,5.7
"6/11/1969",8.73,6.3
"7/11/1969",3.42,5.7
"8/11/1969",9.97,6
"9/11/1969",7.08,6.7
"10/11/1969",8.4,7.7
"11/11/1969",14.74,9.6
"12/11/1969",6.14,6.1
"13/11/1969",2.78,5.1
"14/11/1969",14.51,3.6
"15/11/1969",4.73,4.6
"16/11/1969",11.79,2.8
"17/11/1969",0.6,2.5
"18/11/1969",0.91,3.6
"19/11/1969",1.04,7.5
"20/11/1969",1.91,6.9
"21/11/1969",9.84,6.1
"22/11/1969",2.64,7.2
"23/11/1969",0.19,5.8
"24/11/1969",1.55,2.2
"25/11/1969",2.1,1.8
"26/11/1969",0.71,2
"27/11/1969",4.91,3.1
"28/11/1969",0.95,0.7
"29/11/1969",1.39,-0.8
"30/11/1969",0.51,0.2
"1/12/1969",0.75,2.3
"2/12/1969",9.02,6.3
"3/12/1969",2.42,7.6
"4/12/1969",0.84,1
"5/12/1969",3.66,1.7
"6/12/1969",1.36,1.6
"7/12/1969",3.18,4.8
"8/12/1969",0.04,4.4
"9/12/1969",0.11,5.2
"10/12/1969",1.83,5.6
"11/12/1969",4.33,5
"12/12/1969",3.15,1.9
"13/12/1969",7.51,3.5
"14/12/1969",9.78,4.1
"15/12/1969",2.54,4.1
"16/12/1969",2.47,3.1
"17/12/1969",1.84,0.2
"18/12/1969",2.28,0
"19/12/1969",4.55,-0.7
"20/12/1969",8.49,4.2
"21/12/1969",8.72,5.9
"22/12/1969",0.83,7.7
"23/12/1969",1.35,6.3
"24/12/1969",4.61,6.9
"25/12/1969",0.62,5.3
"26/12/1969",0,3.8
"27/12/1969",0,0.6
"28/12/1969",0,-0.6
"29/12/1969",0.09,0.2
"30/12/1969",0.59,0.3
"31/12/1969",0.14,-0.2
"1/01/1970",0.92,1.1
"2/01/1970",1.18,2
"3/01/1970",0.21,1.1
"4/01/1970",0.03,-1.1
"5/01/1970",3.28,-2.7
"6/01/1970",0.09,-2
"7/01/1970",0.12,-3.7
"8/01/1970",7.25,-1.9
"9/01/1970",6.4,3.7
"10/01/1970",7.84,5.2
"11/01/1970",5.28,6.2
"12/01/1970",2.46,7.3
"13/01/1970",5.01,5.5
"14/01/1970",5.53,6.9
"15/01/1970",6.11,7.9
"16/01/1970",0.84,6.4
"17/01/1970",6.38,3.8
"18/01/1970",1.83,4.7
"19/01/1970",4.58,5.9
"20/01/1970",1.19,6.5
"21/01/1970",9.21,7.3
"22/01/1970",4.95,6.4
"23/01/1970",5.22,5.8
"24/01/1970",5.74,6.4
"25/01/1970",2.26,6
"26/01/1970",0.69,5.7
"27/01/1970",0.07,5.1
"28/01/1970",1.55,1.8
"29/01/1970",10.33,3
"30/01/1970",0.19,2.9
"31/01/1970",3.13,1.3
"1/02/1970",7.2,4.9
"2/02/1970",6.43,5.6
"3/02/1970",2.6,5.6
"4/02/1970",2.83,3.4
"5/02/1970",0.52,2
"6/02/1970",2.6,0.5
"7/02/1970",2.66,2.2
"8/02/1970",4.56,5.2
"9/02/1970",3.16,3.8
"10/02/1970",0.97,2.7
"11/02/1970",4.67,0
"12/02/1970",3.32,-0.4
"13/02/1970",0.7,-1
"14/02/1970",0.31,-0.9
"15/02/1970",0.23,-2.3
"16/02/1970",7.56,-0.8
"17/02/1970",3.06,0.2
"18/02/1970",5.22,3.5
"19/02/1970",7.72,6
"20/02/1970",7.39,6.5
"21/02/1970",5.93,6.8
"22/02/1970",6.58,8.5
"23/02/1970",0.93,5.9
"24/02/1970",1.19,5.2
"25/02/1970",0.87,2.4
"26/02/1970",0.85,2.1
"27/02/1970",0.49,1.5
"28/02/1970",0.03,2
"1/03/1970",1.69,4.5
"2/03/1970",0.57,2.8
"3/03/1970",7.21,0.5
"4/03/1970",3.79,0.4
"5/03/1970",0.72,-1
"6/03/1970",1.4,0.1
"7/03/1970",1.77,-0.3
"8/03/1970",1.43,-0.5
"9/03/1970",0.67,-0.5
"10/03/1970",4.79,0.6
"11/03/1970",6.02,3.1
"12/03/1970",5.05,2.7
"13/03/1970",1.04,2.5
"14/03/1970",0.05,2.8
"15/03/1970",0.08,4.9
"16/03/1970",0.75,6.4
"17/03/1970",2.33,8.6
"18/03/1970",1.18,6.7
"19/03/1970",1.03,6.7
"20/03/1970",1.03,9
"21/03/1970",3.38,8.3
"22/03/1970",2.78,6.5
"23/03/1970",2.53,4.9
"24/03/1970",0.43,4.5
"25/03/1970",0.1,2.7
"26/03/1970",0.53,3.7
"27/03/1970",0.38,3
"28/03/1970",2.93,3.3
"29/03/1970",2.94,5.9
"30/03/1970",3.28,7.2
"31/03/1970",2.36,4.8
"1/04/1970",0.74,2.3
"2/04/1970",2.17,3
"3/04/1970",1.59,5.5
"4/04/1970",2.09,6
"5/04/1970",9.69,4.3
"6/04/1970",0.73,4
"7/04/1970",1.53,4
"8/04/1970",1.68,2.8
"9/04/1970",2.63,2.5
"10/04/1970",1.34,4.5
"11/04/1970",3.87,4.4
"12/04/1970",11.01,4.7
"13/04/1970",0.03,6.1
"14/04/1970",1.59,6.5
"15/04/1970",4.21,10.3
"16/04/1970",2.14,11.5
"17/04/1970",1.76,12.2
"18/04/1970",1.34,10.8
"19/04/1970",0.75,7.7
"20/04/1970",7.32,7
"21/04/1970",3.12,9.5
"22/04/1970",5.6,11.1
"23/04/1970",1.08,11.1
"24/04/1970",6.2,7
"25/04/1970",9.13,9.7
"26/04/1970",1.58,6.5
"27/04/1970",0.45,5.7
"28/04/1970",3.02,4.4
"29/04/1970",0.11,8
"30/04/1970",0.22,8
"1/05/1970",0.61,10.9
"2/05/1970",0,13
"3/05/1970",0,13
"4/05/1970",0,14.3
"5/05/1970",0.1,15.6
"6/05/1970",0.91,14.4
"7/05/1970",1.52,14.3
"8/05/1970",2.85,16.1
"9/05/1970",2.08,11.4
"10/05/1970",4.49,10.4
"11/05/1970",1.82,12
"12/05/1970",0.42,13.2
"13/05/1970",0.65,12.9
"14/05/1970",3.33,13.1
"15/05/1970",1.39,12.4
"16/05/1970",0.5,12.1
"17/05/1970",0.29,11.4
"18/05/1970",0.17,13.3
"19/05/1970",0.36,14.6
"20/05/1970",0.48,11.9
"21/05/1970",0.45,10.1
"22/05/1970",0.02,9.9
"23/05/1970",0,12.2
"24/05/1970",0.12,14.2
"25/05/1970",0.07,13.9
"26/05/1970",0.01,13
"27/05/1970",0,14.6
"28/05/1970",1.23,14.1
"29/05/1970",0.17,12.1
"30/05/1970",0.09,13.4
"31/05/1970",0.11,15.4
"1/06/1970",0.1,14.7
"2/06/1970",0,16.1
"3/06/1970",0,16.9
"4/06/1970",0,14.6
"5/06/1970",0.02,14.8
"6/06/1970",0.11,16.1
"7/06/1970",0.2,18.4
"8/06/1970",0.64,20.1
"9/06/1970",0.77,20.9
"10/06/1970",0.34,21.5
"11/06/1970",2.26,21
"12/06/1970",0.11,17.9
"13/06/1970",1.1,17.1
"14/06/1970",0,13
"15/06/1970",0.05,13.9
"16/06/1970",2.53,13.3
"17/06/1970",2.59,14.4
"18/06/1970",0.41,19
"19/06/1970",0.23,17.9
"20/06/1970",0,17.2
"21/06/1970",0.38,17.2
"22/06/1970",4.75,17
"23/06/1970",5.86,14.6
"24/06/1970",1.69,15.8
"25/06/1970",0,15.7
"26/06/1970",1.16,14.4
"27/06/1970",4.51,17.4
"28/06/1970",2.3,14.9
"29/06/1970",2.38,13
"30/06/1970",6.24,13.1
"1/07/1970",1.42,13.1
"2/07/1970",1.48,12.7
"3/07/1970",0.41,13
"4/07/1970",1.4,15.1
"5/07/1970",0.1,16.9
"6/07/1970",0.06,19.1
"7/07/1970",3.18,21.6
"8/07/1970",6.41,18.5
"9/07/1970",0.48,15.7
"10/07/1970",2.41,13.7
"11/07/1970",0.25,15.6
"12/07/1970",0.32,16.3
"13/07/1970",5.93,15.9
"14/07/1970",3.25,13.1
"15/07/1970",0.1,13.1
"16/07/1970",0,13.9
"17/07/1970",0.05,16.5
"18/07/1970",7.08,16.9
"19/07/1970",2.88,14.6
"20/07/1970",1.1,12.6
"21/07/1970",0.47,12.8
"22/07/1970",3.34,12.6
"23/07/1970",6.21,15.3
"24/07/1970",8.7,15.7
"25/07/1970",3.06,14.1
"26/07/1970",3.48,13.9
"27/07/1970",7.64,15.8
"28/07/1970",2.01,16.2
"29/07/1970",0.02,15.9
"30/07/1970",0.05,15.5
"31/07/1970",0.52,15.8
"1/08/1970",0.01,18
"2/08/1970",0,19
"3/08/1970",0.78,19.9
"4/08/1970",0.43,20
"5/08/1970",5.14,19.3
"6/08/1970",6.84,18.2
"7/08/1970",1.11,17.3
"8/08/1970",0.29,16.6
"9/08/1970",3.09,16.9
"10/08/1970",1.59,17.1
"11/08/1970",0.14,15.6
"12/08/1970",0.43,15.8
"13/08/1970",2.57,18.2
"14/08/1970",0.44,15
"15/08/1970",12.07,13.8
"16/08/1970",2.62,13.5
"17/08/1970",0.04,13.1
"18/08/1970",6.77,11.7
"19/08/1970",18.13,12.4
"20/08/1970",9.3,13.2
"21/08/1970",3.86,14.2
"22/08/1970",1.1,15
"23/08/1970",0.05,14.7
"24/08/1970",0,14.7
"25/08/1970",0,14.3
"26/08/1970",0,15.6
"27/08/1970",0,16.6
"28/08/1970",0,16.2
"29/08/1970",0,15.8
"30/08/1970",2.73,17.2
"31/08/1970",0.51,17.1
"1/09/1970",2.53,13.4
"2/09/1970",4.99,13.1
"3/09/1970",0.45,14.4
"4/09/1970",0.58,15
"5/09/1970",0.05,15.6
"6/09/1970",0.41,15.5
"7/09/1970",3.54,17
"8/09/1970",10.23,16
"9/09/1970",5.06,14.2
"10/09/1970",5.53,12.7
"11/09/1970",5.82,12.5
"12/09/1970",5.17,11
"13/09/1970",8.75,11.1
"14/09/1970",4.28,12.6
"15/09/1970",1.76,11
"16/09/1970",1.23,11.8
"17/09/1970",0.42,14.5
"18/09/1970",0.4,13.9
"19/09/1970",0.48,14.8
"20/09/1970",0.23,17.7
"21/09/1970",0.28,16.1
"22/09/1970",0.02,15.4
"23/09/1970",0,14.2
"24/09/1970",0,15
"25/09/1970",0.02,15
"26/09/1970",0.46,15
"27/09/1970",0.14,16.1
"28/09/1970",0.55,18.5
"29/09/1970",3.67,15.9
"30/09/1970",0.66,13.1
"1/10/1970",1.72,13.3
"2/10/1970",1.47,12.3
"3/10/1970",1.25,11.5
"4/10/1970",1.69,13.3
"5/10/1970",3.63,13.1
"6/10/1970",3,9.8
"7/10/1970",2.11,8.6
"8/10/1970",0.46,8.5
"9/10/1970",0.08,8.4
"10/10/1970",0.82,8.7
"11/10/1970",4.18,12.4
"12/10/1970",0,13.8
"13/10/1970",0,13.4
"14/10/1970",0.07,12.2
"15/10/1970",0,12.2
"16/10/1970",0,10.2
"17/10/1970",0.01,9.4
"18/10/1970",2.17,10.3
"19/10/1970",2.69,10.7
"20/10/1970",1.59,5.9
"21/10/1970",0.6,6
"22/10/1970",0.17,7.5
"23/10/1970",1.36,9.5
"24/10/1970",2.09,11.1
"25/10/1970",4.93,11.8
"26/10/1970",0.83,10.3
"27/10/1970",8.81,8.6
"28/10/1970",2.63,10.4
"29/10/1970",2.24,11.7
"30/10/1970",7.63,13.4
"31/10/1970",3.67,13.5
"1/11/1970",18.1,12.2
"2/11/1970",9.8,12.4
"3/11/1970",1.51,11.2
"4/11/1970",3.91,10.3
"5/11/1970",0.31,9.7
"6/11/1970",15.26,8.2
"7/11/1970",0.47,7
"8/11/1970",1.35,6
"9/11/1970",0.36,8
"10/11/1970",2.96,9.5
"11/11/1970",9.53,9.6
"12/11/1970",2.16,6.8
"13/11/1970",9.79,4.5
"14/11/1970",10.44,3.4
"15/11/1970",3.62,3.3
"16/11/1970",5.34,3.8
"17/11/1970",13.81,6.4
"18/11/1970",14.13,6.4
"19/11/1970",2.66,6.5
"20/11/1970",6.35,5.3
"21/11/1970",1.98,6.6
"22/11/1970",10.52,4.9
"23/11/1970",3.45,7.7
"24/11/1970",0,10.6
"25/11/1970",1.35,10.9
"26/11/1970",1.02,8.5
"27/11/1970",3.14,9
"28/11/1970",9.67,10.1
"29/11/1970",12.53,8.1
"30/11/1970",3.11,7.1
"1/12/1970",0.58,7
"2/12/1970",5.62,8.3
"3/12/1970",9.32,8.5
"4/12/1970",1.14,8.4
"5/12/1970",4.24,8
"6/12/1970",2.94,7
"7/12/1970",0.13,5.6
"8/12/1970",0,3.4
"9/12/1970",0,2.5
"10/12/1970",0,3
"11/12/1970",0.23,5.8
"12/12/1970",2.39,6.9
"13/12/1970",0,4.2
"14/12/1970",0,2.8
"15/12/1970",1.38,3.4
"16/12/1970",1.51,5.6
"17/12/1970",0.7,7.1
"18/12/1970",0.83,8
"19/12/1970",0.85,8.9
"20/12/1970",0.18,6.4
"21/12/1970",0.18,3.3
"22/12/1970",0.86,1.7
"23/12/1970",2.92,3.7
"24/12/1970",1.39,0.3
"25/12/1970",2.84,-0.1
"26/12/1970",2.03,0.2
"27/12/1970",1.62,-1
"28/12/1970",3.63,0.6
"29/12/1970",4.99,2.2
"30/12/1970",1.08,1.9
"31/12/1970",0.33,-0.3
"1/01/1971",0.13,-0.9
"2/01/1971",0.04,-1.1
"3/01/1971",0,-3.1
"4/01/1971",0.04,-3.4
"5/01/1971",0.73,-2.7
"6/01/1971",5.11,3.7
"7/01/1971",8.35,5.5
"8/01/1971",2.1,9.7
"9/01/1971",0.1,10.3
"10/01/1971",0,9.9
"11/01/1971",0.26,3.5
"12/01/1971",0.29,3.5
"13/01/1971",0.12,4.4
"14/01/1971",2,4.6
"15/01/1971",1.09,3.7
"16/01/1971",4.05,4.8
"17/01/1971",0.47,5.1
"18/01/1971",5.33,6.2
"19/01/1971",5.95,6.9
"20/01/1971",9.49,5.3
"21/01/1971",5.23,6.2
"22/01/1971",9.5,7
"23/01/1971",11.3,7.2
"24/01/1971",4.45,6.8
"25/01/1971",6.39,7
"26/01/1971",8.46,6.2
"27/01/1971",2.86,6.6
"28/01/1971",3.4,5.2
"29/01/1971",3.01,5.6
"30/01/1971",6.59,2.7
"31/01/1971",5.67,3.1
"1/02/1971",0.01,2.5
"2/02/1971",0.61,2.5
"3/02/1971",0.05,4.5
"4/02/1971",0.04,6.6
"5/02/1971",0.03,4.3
"6/02/1971",0.08,4.4
"7/02/1971",0.02,5.7
"8/02/1971",0.03,5.3
"9/02/1971",0.01,5
"10/02/1971",0.04,5.6
"11/02/1971",1.22,5.4
"12/02/1971",5.76,6.5
"13/02/1971",1.41,5.6
"14/02/1971",7.7,4.7
"15/02/1971",1.1,3.3
"16/02/1971",2.6,0
"17/02/1971",5.86,2
"18/02/1971",0.69,4.3
"19/02/1971",1.4,5.4
"20/02/1971",2.27,6.9
"21/02/1971",0.08,6.6
"22/02/1971",0,6.3
"23/02/1971",0,4
"24/02/1971",0.04,5.8
"25/02/1971",0,5
"26/02/1971",0.03,3.7
"27/02/1971",3.38,2.7
"28/02/1971",0.58,1.3
"1/03/1971",10,2
"2/03/1971",0.17,3.8
"3/03/1971",0.16,2
"4/03/1971",0.33,-0.5
"5/03/1971",0.79,-1
"6/03/1971",0.2,-0.3
"7/03/1971",1.01,0.4
"8/03/1971",0.53,3.4
"9/03/1971",0.42,6.6
"10/03/1971",0.32,3.4
"11/03/1971",0.09,6.4
"12/03/1971",0.14,7.2
"13/03/1971",0.54,7.4
"14/03/1971",8.76,5.3
"15/03/1971",1.9,4.8
"16/03/1971",1.59,3.8
"17/03/1971",15.39,5
"18/03/1971",7.41,6.7
"19/03/1971",6.3,7.1
"20/03/1971",2.28,6.2
"21/03/1971",0.2,5.9
"22/03/1971",0.01,5.7
"23/03/1971",1.95,4.3
"24/03/1971",4.02,7.7
"25/03/1971",1.52,7.3
"26/03/1971",0.31,5.9
"27/03/1971",0.26,6.4
"28/03/1971",0.51,7.5
"29/03/1971",1.72,8.7
"30/03/1971",0.02,7.7
"31/03/1971",0.21,5.1
"1/04/1971",0.32,5.4
"2/04/1971",0.05,6.9
"3/04/1971",0.27,5.4
"4/04/1971",0.41,6.6
"5/04/1971",0.31,6.7
"6/04/1971",0.16,8
"7/04/1971",0.09,7.7
"8/04/1971",1.76,6.7
"9/04/1971",0.71,6.6
"10/04/1971",0,7.2
"11/04/1971",0,8.4
"12/04/1971",0,8.2
"13/04/1971",0,8.9
"14/04/1971",0,7.8
"15/04/1971",0.24,7.9
"16/04/1971",1.88,7.2
"17/04/1971",0.04,6.6
"18/04/1971",0.06,8.9
"19/04/1971",0.06,9.6
"20/04/1971",0,11.2
"21/04/1971",0.91,12.2
"22/04/1971",6.44,13.3
"23/04/1971",26.09,11.8
"24/04/1971",7.52,8.1
"25/04/1971",5.9,7.3
"26/04/1971",1.03,5
"27/04/1971",0.38,5.4
"28/04/1971",0.03,6.1
"29/04/1971",0.13,7.3
"30/04/1971",0.24,8.6
"1/05/1971",0,7.4
"2/05/1971",0,7.6
"3/05/1971",0,8.8
"4/05/1971",0,10.3
"5/05/1971",0.63,12.4
"6/05/1971",8.22,14.7
"7/05/1971",3.95,12.7
"8/05/1971",0.08,13.1
"9/05/1971",0.22,12.6
"10/05/1971",0.08,14.4
"11/05/1971",0.6,15.2
"12/05/1971",0,14.4
"13/05/1971",0,13.9
"14/05/1971",0.17,12.4
"15/05/1971",4.09,10.4
"16/05/1971",1.3,9.6
"17/05/1971",0.3,10.9
"18/05/1971",0,10.5
"19/05/1971",0,11.7
"20/05/1971",0,11.1
"21/05/1971",0,11.6
"22/05/1971",5.39,12.3
"23/05/1971",6.28,11.9
"24/05/1971",5.19,12.1
"25/05/1971",0.27,10.7
"26/05/1971",2.74,10.1
"27/05/1971",2.33,10.4
"28/05/1971",1.81,9.8
"29/05/1971",5.65,10.5
"30/05/1971",1.6,13.2
"31/05/1971",0.62,12.9
"1/06/1971",0,13.6
"2/06/1971",0.57,15.5
"3/06/1971",0.12,14.8
"4/06/1971",0.02,12
"5/06/1971",0.22,10.6
"6/06/1971",0.93,10.8
"7/06/1971",0.78,12.1
"8/06/1971",6.93,10.4
"9/06/1971",4.75,10
"10/06/1971",20.61,10.5
"11/06/1971",7.34,10.4
"12/06/1971",0.89,12.1
"13/06/1971",4.84,12.4
"14/06/1971",8.2,10.5
"15/06/1971",0.54,9.2
"16/06/1971",1.59,11.4
"17/06/1971",0.35,10.9
"18/06/1971",24.25,11.2
"19/06/1971",10.71,12.9
"20/06/1971",0.72,13.4
"21/06/1971",2.16,12
"22/06/1971",0.09,14.1
"23/06/1971",0.01,14.2
"24/06/1971",0.27,15.3
"25/06/1971",4.54,14.9
"26/06/1971",2.07,14.1
"27/06/1971",4.49,13.3
"28/06/1971",1.82,12.6
"29/06/1971",0.65,11.7
"30/06/1971",0.24,15
"1/07/1971",0,17.7
"2/07/1971",0.3,19.3
"3/07/1971",0.64,18.8
"4/07/1971",2.38,17.1
"5/07/1971",0,16.5
"6/07/1971",0,16.9
"7/07/1971",0,18
"8/07/1971",0,19.4
"9/07/1971",0.17,19.9
"10/07/1971",0,18.6
"11/07/1971",1.02,19.5
"12/07/1971",0,18.1
"13/07/1971",0,14.2
"14/07/1971",0,14.6
"15/07/1971",0,18.1
"16/07/1971",0,14.5
"17/07/1971",0,13.2
"18/07/1971",0,12
"19/07/1971",0.24,14.5
"20/07/1971",0.29,15
"21/07/1971",0.91,16.2
"22/07/1971",2.92,16
"23/07/1971",4.96,17
"24/07/1971",5.42,17.1
"25/07/1971",5.85,17.3
"26/07/1971",3.28,17.3
"27/07/1971",8.44,16.6
"28/07/1971",1.31,17.4
"29/07/1971",0,17.8
"30/07/1971",5.41,18.2
"31/07/1971",0.87,16.9
"1/08/1971",4.79,15.6
"2/08/1971",3.45,15.9
"3/08/1971",12.06,15.2
"4/08/1971",8.77,16.6
"5/08/1971",4.15,16
"6/08/1971",2.83,15.9
"7/08/1971",1.58,14.8
"8/08/1971",1.06,14.3
"9/08/1971",9.7,17.8
"10/08/1971",10.97,15.7
"11/08/1971",1.31,14.7
"12/08/1971",6.92,14.2
"13/08/1971",14.78,16.3
"14/08/1971",6.73,15.4
"15/08/1971",0.08,13.6
"16/08/1971",0,13.5
"17/08/1971",0,13.9
"18/08/1971",3.17,15.7
"19/08/1971",2.13,17.9
"20/08/1971",4.43,16.7
"21/08/1971",1.12,14.9
"22/08/1971",0.46,15.5
"23/08/1971",0.39,16.8
"24/08/1971",0.11,16.8
"25/08/1971",0,16.2
"26/08/1971",1.73,15.7
"27/08/1971",0.47,15.2
"28/08/1971",3.37,17.1
"29/08/1971",2.59,17.1
"30/08/1971",1.87,13.3
"31/08/1971",0.53,15.1
"1/09/1971",0.31,16.4
"2/09/1971",1.32,14.6
"3/09/1971",0.97,15.7
"4/09/1971",0.03,15.2
"5/09/1971",0,15.1
"6/09/1971",0,15
"7/09/1971",0,16
"8/09/1971",0,16.6
"9/09/1971",0,17
"10/09/1971",0.64,13.3
"11/09/1971",1.78,13.6
"12/09/1971",0,13.2
"13/09/1971",0.13,12.1
"14/09/1971",0.63,12.7
"15/09/1971",0.12,13
"16/09/1971",0,14
"17/09/1971",0.02,13.7
"18/09/1971",0,12.1
"19/09/1971",0.05,12.8
"20/09/1971",0,13.9
"21/09/1971",0.23,14.5
"22/09/1971",0.31,16.2
"23/09/1971",1.66,13.6
"24/09/1971",2.62,13.2
"25/09/1971",1.99,11.5
"26/09/1971",9.1,13
"27/09/1971",2.39,11.6
"28/09/1971",0.61,11.3
"29/09/1971",1.22,12.9
"30/09/1971",0.14,16.2
"1/10/1971",0,15.8
"2/10/1971",0.03,14.7
"3/10/1971",2.19,13.8
"4/10/1971",0.03,13.3
"5/10/1971",0,11.3
"6/10/1971",0.03,10.1
"7/10/1971",0.09,12
"8/10/1971",0.52,10.6
"9/10/1971",0.14,12.4
"10/10/1971",1.14,13.8
"11/10/1971",3.26,15.3
"12/10/1971",6.78,13
"13/10/1971",12.26,7.3
"14/10/1971",0.04,6.1
"15/10/1971",7.54,6.3
"16/10/1971",7.85,9.4
"17/10/1971",8.44,11.9
"18/10/1971",11.22,12.6
"19/10/1971",11.85,13.4
"20/10/1971",1.91,10
"21/10/1971",0.75,12.2
"22/10/1971",0,15.6
"23/10/1971",0.06,13.9
"24/10/1971",0.19,11.8
"25/10/1971",0,10.8
"26/10/1971",0,8.2
"27/10/1971",0.03,9
"28/10/1971",0.21,9
"29/10/1971",0.17,8.3
"30/10/1971",0.44,8.2
"31/10/1971",0.03,10.2
"1/11/1971",0.02,11.1
"2/11/1971",0.32,11.8
"3/11/1971",0.05,11.3
"4/11/1971",2.9,10.7
"5/11/1971",9.75,9.9
"6/11/1971",0.24,5.8
"7/11/1971",7.59,5.2
"8/11/1971",3.5,6
"9/11/1971",0.57,3
"10/11/1971",0.07,2.3
"11/11/1971",0.16,3.2
"12/11/1971",1.06,5.9
"13/11/1971",0.37,8.3
"14/11/1971",0,5.7
"15/11/1971",0.42,6.6
"16/11/1971",1.5,10.1
"17/11/1971",7.07,8.9
"18/11/1971",4.71,6.8
"19/11/1971",1.01,1.2
"20/11/1971",22.57,4.3
"21/11/1971",2.76,4.7
"22/11/1971",5.99,2.8
"23/11/1971",1.13,2
"24/11/1971",0.15,3
"25/11/1971",2.15,5.1
"26/11/1971",0.96,8.5
"27/11/1971",11.56,8.4
"28/11/1971",0.42,5.7
"29/11/1971",3.32,0.3
"30/11/1971",1.24,1.4
"1/12/1971",3.26,2.7
"2/12/1971",0.71,2.6
"3/12/1971",0.27,2.9
"4/12/1971",0.18,4.5
"5/12/1971",0.07,6.3
"6/12/1971",0.03,6.8
"7/12/1971",0.27,4.9
"8/12/1971",0.22,4.1
"9/12/1971",0,6.6
"10/12/1971",0.01,8.6
"11/12/1971",0.04,8.7
"12/12/1971",0.6,8.5
"13/12/1971",0.3,9.3
"14/12/1971",0.29,8.5
"15/12/1971",0.1,9.3
"16/12/1971",0.04,10.1
"17/12/1971",0.03,7.2
"18/12/1971",4.11,8.2
"19/12/1971",8.78,8.7
"20/12/1971",0.46,10.3
"21/12/1971",2.61,11.4
"22/12/1971",6.2,8.7
"23/12/1971",0.12,6.1
"24/12/1971",0.12,6.1
"25/12/1971",0.28,7.5
"26/12/1971",1.65,7.3
"27/12/1971",3.52,7.2
"28/12/1971",0.93,3.5
"29/12/1971",0.92,1.9
"30/12/1971",1.35,2.8
"31/12/1971",0.11,3.5
"1/01/1972",1.05,4.1
"2/01/1972",2.1,3
"3/01/1972",1.26,2.6
"4/01/1972",1.5,2.8
"5/01/1972",0.22,3.2
"6/01/1972",0.83,1.2
"7/01/1972",6.98,1.5
"8/01/1972",3.63,3.4
"9/01/1972",0.61,5.6
"10/01/1972",9.24,7.7
"11/01/1972",7.15,8.4
"12/01/1972",7.87,5.6
"13/01/1972",2.88,6.2
"14/01/1972",0.86,6.7
"15/01/1972",4.61,5.8
"16/01/1972",3.7,5.5
"17/01/1972",3.15,4.9
"18/01/1972",7.7,4.8
"19/01/1972",0.55,3.6
"20/01/1972",0.47,2.5
"21/01/1972",0.41,3
"22/01/1972",0.51,5
"23/01/1972",7.25,6.9
"24/01/1972",2.77,6.2
"25/01/1972",4.59,3.8
"26/01/1972",11.35,5.5
"27/01/1972",2.77,5.2
"28/01/1972",0.42,3.1
"29/01/1972",0.96,0.6
"30/01/1972",1.2,-2.9
"31/01/1972",2.18,-4.5
"1/02/1972",6.75,-2
"2/02/1972",6.51,3.4
"3/02/1972",8.77,5.4
"4/02/1972",1.54,4.4
"5/02/1972",3.4,4.7
"6/02/1972",1.65,4.9
"7/02/1972",0.74,3.6
"8/02/1972",4.4,4.7
"9/02/1972",0.38,5.2
"10/02/1972",4.28,3.2
"11/02/1972",5.65,3.6
"12/02/1972",0.81,4
"13/02/1972",0.21,4.3
"14/02/1972",2.16,5.2
"15/02/1972",10.39,4.1
"16/02/1972",2.36,5.8
"17/02/1972",1.17,5.6
"18/02/1972",2.99,3.5
"19/02/1972",0,3.3
"20/02/1972",0.6,2.6
"21/02/1972",0.88,3.3
"22/02/1972",0.56,3.9
"23/02/1972",0.09,4.7
"24/02/1972",2,4.1
"25/02/1972",1.99,5.3
"26/02/1972",0.36,6.1
"27/02/1972",0.23,5.3
"28/02/1972",0.9,6
"29/02/1972",3.87,6.4
"1/03/1972",1.88,5.9
"2/03/1972",3.37,3.3
"3/03/1972",7.2,4.3
"4/03/1972",10.1,2.9
"5/03/1972",2.77,3.9
"6/03/1972",7.57,3.1
"7/03/1972",3.48,5
"8/03/1972",1.12,5.9
"9/03/1972",0.56,4.8
"10/03/1972",0.94,4.4
"11/03/1972",1.11,2.7
"12/03/1972",0.06,3.2
"13/03/1972",0.58,2.4
"14/03/1972",2.39,6.9
"15/03/1972",0.5,9.9
"16/03/1972",1.9,10.4
"17/03/1972",0,10.8
"18/03/1972",0.02,9.7
"19/03/1972",0.16,10.7
"20/03/1972",0,9.8
"21/03/1972",0,7.2
"22/03/1972",0,7.4
"23/03/1972",0,8
"24/03/1972",0,8.5
"25/03/1972",3.65,7.5
"26/03/1972",4.06,7.3
"27/03/1972",4.95,6.1
"28/03/1972",1.81,5.2
"29/03/1972",3.41,6.5
"30/03/1972",3.39,7.9
"31/03/1972",8.4,9.9
"1/04/1972",2.75,11.2
"2/04/1972",1.83,11.2
"3/04/1972",1.16,9
"4/04/1972",4.82,9
"5/04/1972",4.37,8.6
"6/04/1972",4.78,9.5
"7/04/1972",5.85,9.8
"8/04/1972",2.22,7.3
"9/04/1972",7.84,6.6
"10/04/1972",6.09,6.9
"11/04/1972",2.42,6.6
"12/04/1972",0.39,8
"13/04/1972",5.6,8.9
"14/04/1972",0.69,8.7
"15/04/1972",0.37,7.5
"16/04/1972",0.1,8.4
"17/04/1972",0.32,9.8
"18/04/1972",0.32,10.1
"19/04/1972",0.3,7.4
"20/04/1972",0,6.5
"21/04/1972",0.32,7.9
"22/04/1972",0.02,6.8
"23/04/1972",0,6.4
"24/04/1972",0,6.6
"25/04/1972",0,6.5
"26/04/1972",0.3,7.9
"27/04/1972",0,8.7
"28/04/1972",10.03,7.8
"29/04/1972",5.41,8.3
"30/04/1972",1.18,8.4
"1/05/1972",1,10.7
"2/05/1972",2.13,10.2
"3/05/1972",3.11,11.1
"4/05/1972",1.02,11.6
"5/05/1972",3.41,9.3
"6/05/1972",2.86,10.7
"7/05/1972",0.93,11.1
"8/05/1972",5.8,9.6
"9/05/1972",4.25,11.4
"10/05/1972",1.27,10
"11/05/1972",9.73,8
"12/05/1972",2.91,7.9
"13/05/1972",0.42,8.6
"14/05/1972",0.46,9.5
"15/05/1972",0.86,9.2
"16/05/1972",0.19,8.7
"17/05/1972",0.32,9.2
"18/05/1972",1.08,9.7
"19/05/1972",0.36,10.1
"20/05/1972",3.42,12.1
"21/05/1972",2.17,10.9
"22/05/1972",0.33,13.3
"23/05/1972",4.63,11.7
"24/05/1972",1.42,12.9
"25/05/1972",4.2,11
"26/05/1972",7.37,11.2
"27/05/1972",1.11,10.9
"28/05/1972",0.97,10.9
"29/05/1972",2.09,11.3
"30/05/1972",3.29,11.4
"31/05/1972",1.93,11.3
"1/06/1972",1.54,10.3
"2/06/1972",2.93,9.2
"3/06/1972",3.27,10.8
"4/06/1972",6.95,10.4
"5/06/1972",0.94,12.2
"6/06/1972",6.27,11.5
"7/06/1972",3.2,12
"8/06/1972",2.92,11.6
"9/06/1972",5.47,11.2
"10/06/1972",6.14,10.4
"11/06/1972",2.34,11.1
"12/06/1972",4.11,11.1
"13/06/1972",1.06,11.8
"14/06/1972",0.38,12.4
"15/06/1972",0.2,12.1
"16/06/1972",0.04,13.3
"17/06/1972",3.48,13.4
"18/06/1972",2.86,12.4
"19/06/1972",2.15,10.8
"20/06/1972",1.21,10.1
"21/06/1972",0.95,12.4
"22/06/1972",1.57,13
"23/06/1972",0.53,11.5
"24/06/1972",0.65,13.3
"25/06/1972",2.65,14.2
"26/06/1972",1.74,14.2
"27/06/1972",4.06,12.6
"28/06/1972",0.52,11.6
"29/06/1972",0.78,11.4
"30/06/1972",0.88,11.8
"1/07/1972",0.59,13.7
"2/07/1972",1.51,13
"3/07/1972",3.59,14.4
"4/07/1972",2.55,14.3
"5/07/1972",0.14,14.9
"6/07/1972",1.05,12.4
"7/07/1972",3.71,13.4
"8/07/1972",4.58,13
"9/07/1972",0.17,13.7
"10/07/1972",0.37,12.3
"11/07/1972",0.05,13.5
"12/07/1972",0.13,13.4
"13/07/1972",0.01,16.4
"14/07/1972",0,18.2
"15/07/1972",0,17.7
"16/07/1972",0,18.1
"17/07/1972",0.14,18.4
"18/07/1972",1.89,19.2
"19/07/1972",0.12,17.7
"20/07/1972",1.47,19.1
"21/07/1972",5.44,16.2
"22/07/1972",4.07,16.8
"23/07/1972",4.4,18
"24/07/1972",3.22,17.2
"25/07/1972",0.12,17
"26/07/1972",0,16.1
"27/07/1972",0.05,14.1
"28/07/1972",0.24,14.3
"29/07/1972",0,15.8
"30/07/1972",2.93,15.3
"31/07/1972",10.49,16.1
"1/08/1972",8.94,15.4
"2/08/1972",0.55,14.7
"3/08/1972",1.75,14.1
"4/08/1972",2.52,13.9
"5/08/1972",1.66,15.5
"6/08/1972",8.05,16.1
"7/08/1972",6.71,17.1
"8/08/1972",1.77,16.1
"9/08/1972",1.27,14.2
"10/08/1972",0.28,13.2
"11/08/1972",0,12.7
"12/08/1972",0.4,13.9
"13/08/1972",0,16.9
"14/08/1972",0.02,17.9
"15/08/1972",0.01,15.6
"16/08/1972",0.9,14.9
"17/08/1972",0.18,15.7
"18/08/1972",0.01,12.8
"19/08/1972",0.2,12.8
"20/08/1972",0.12,16.5
"21/08/1972",0,14.4
"22/08/1972",0,14.8
"23/08/1972",0,15.1
"24/08/1972",0,15.3
"25/08/1972",0,16.6
"26/08/1972",0.12,14.2
"27/08/1972",0.02,13.8
"28/08/1972",0,15.6
"29/08/1972",0,15.7
"30/08/1972",0.02,16
"31/08/1972",0,16.5
"1/09/1972",0,15.7
"2/09/1972",0,15.4
"3/09/1972",0.38,14.8
"4/09/1972",0,14.4
"5/09/1972",0,12.2
"6/09/1972",0.27,13.9
"7/09/1972",1.98,12.7
"8/09/1972",27.12,9.8
"9/09/1972",0.62,9.7
"10/09/1972",0.6,9.2
"11/09/1972",1.01,10.5
"12/09/1972",2.57,12.3
"13/09/1972",3.47,11.6
"14/09/1972",0.16,12.1
"15/09/1972",0,10.2
"16/09/1972",0.09,11.1
"17/09/1972",1.02,11.2
"18/09/1972",1.97,10.8
"19/09/1972",0.02,11.8
"20/09/1972",0.03,10.7
"21/09/1972",0.16,10.6
"22/09/1972",0,13.1
"23/09/1972",0,13.7
"24/09/1972",0.03,10.6
"25/09/1972",0,11.6
"26/09/1972",0,9.6
"27/09/1972",0,8.4
"28/09/1972",0,10.7
"29/09/1972",0,11.1
"30/09/1972",0,11.3
"1/10/1972",0.57,11.2
"2/10/1972",0,12.6
"3/10/1972",0,12.1
"4/10/1972",0,9.9
"5/10/1972",0,10.4
"6/10/1972",0.06,10.9
"7/10/1972",0,11.5
"8/10/1972",1.36,13.4
"9/10/1972",11.32,12.8
"10/10/1972",4.43,12.9
"11/10/1972",0.25,11.5
"12/10/1972",0,10.5
"13/10/1972",0,9.8
"14/10/1972",0,10.4
"15/10/1972",0,10.4
"16/10/1972",0,10.9
"17/10/1972",0.06,10.8
"18/10/1972",0.03,8.8
"19/10/1972",0.36,7.5
"20/10/1972",0.44,6.6
"21/10/1972",0.23,6.2
"22/10/1972",0.23,9.1
"23/10/1972",0.18,12.4
"24/10/1972",0.24,10.2
"25/10/1972",0,11
"26/10/1972",2.2,10.5
"27/10/1972",3,12.1
"28/10/1972",1.65,9.1
"29/10/1972",3.03,9.5
"30/10/1972",3.46,12.4
"31/10/1972",0.58,11
"1/11/1972",0.12,8.7
"2/11/1972",0.49,10.1
"3/11/1972",1.35,9.6
"4/11/1972",2.46,10.4
"5/11/1972",0.42,11.5
"6/11/1972",4.64,13.1
"7/11/1972",5.95,12.1
"8/11/1972",0.11,7.7
"9/11/1972",12.43,7.6
"10/11/1972",2.73,7.2
"11/11/1972",2.5,5.5
"12/11/1972",21.25,7.7
"13/11/1972",1.3,5.6
"14/11/1972",0.64,2.5
"15/11/1972",5.63,3.2
"16/11/1972",2.8,2.5
"17/11/1972",1.21,1.6
"18/11/1972",7.3,1.3
"19/11/1972",10.87,4
"20/11/1972",5.31,7
"21/11/1972",2.73,7.2
"22/11/1972",0.62,6.6
"23/11/1972",0.83,4.8
"24/11/1972",0.22,2.8
"25/11/1972",1.94,2.4
"26/11/1972",0,3.2
"27/11/1972",1.97,4.3
"28/11/1972",0.91,6.4
"29/11/1972",5.96,5.8
"30/11/1972",3.45,6.9
"1/12/1972",17.4,7.9
"2/12/1972",6.38,8
"3/12/1972",5.6,5.4
"4/12/1972",9.92,6.5
"5/12/1972",16.13,7.5
"6/12/1972",11.64,8.5
"7/12/1972",4.22,6.4
"8/12/1972",4.56,4.1
"9/12/1972",5.72,4.5
"10/12/1972",3.73,4.9
"11/12/1972",9.89,5.4
"12/12/1972",6.61,7.3
"13/12/1972",1.19,9.6
"14/12/1972",0.1,10.9
"15/12/1972",1.33,6.4
"16/12/1972",0.59,7.4
"17/12/1972",0,8.7
"18/12/1972",0.03,6.2
"19/12/1972",0,3.9
"20/12/1972",0,2.7
"21/12/1972",0,2.9
"22/12/1972",0,1.7
"23/12/1972",0.47,2.2
"24/12/1972",1.3,2.9
"25/12/1972",0.53,3.7
"26/12/1972",1.11,5.7
"27/12/1972",2.24,7.9
"28/12/1972",1.98,8.9
"29/12/1972",0.06,6.7
"30/12/1972",0.03,2.4
"31/12/1972",0.73,2.4
"1/01/1973",0.07,3.8
"2/01/1973",0.83,5.3
"3/01/1973",0.7,6.6
"4/01/1973",0.31,8.7
"5/01/1973",0.03,6.6
"6/01/1973",0.15,2.9
"7/01/1973",0.16,2.9
"8/01/1973",0.05,2.9
"9/01/1973",0.1,2.4
"10/01/1973",0.24,2.8
"11/01/1973",0,3.2
"12/01/1973",0,1.5
"13/01/1973",3.6,3.3
"14/01/1973",6.44,4.7
"15/01/1973",2.48,5.7
"16/01/1973",0.1,3.2
"17/01/1973",0.01,0.1
"18/01/1973",0.38,0.8
"19/01/1973",5.61,0.5
"20/01/1973",8.85,2.3
"21/01/1973",1.87,2
"22/01/1973",3.03,4
"23/01/1973",0.77,6.5
"24/01/1973",0.04,8.6
"25/01/1973",0.58,8.3
"26/01/1973",5.52,7.6
"27/01/1973",0.62,6.9
"28/01/1973",0.33,6.2
"29/01/1973",0.65,7.3
"30/01/1973",1.16,7.5
"31/01/1973",1.41,4.4
"1/02/1973",0.13,5.4
"2/02/1973",0.19,5.8
"3/02/1973",0.01,6
"4/02/1973",0.1,4.6
"5/02/1973",0.4,4.9
"6/02/1973",0.33,7
"7/02/1973",3.28,8.4
"8/02/1973",5.11,7.5
"9/02/1973",1.92,4.4
"10/02/1973",1.03,4.3
"11/02/1973",6.22,5.3
"12/02/1973",8.17,6.4
"13/02/1973",3.58,1.5
"14/02/1973",0.51,1
"15/02/1973",1.73,-1.5
"16/02/1973",0,1.1
"17/02/1973",0.01,0.6
"18/02/1973",0.45,2.5
"19/02/1973",0.27,6.9
"20/02/1973",0.44,8.1
"21/02/1973",1.23,8
"22/02/1973",2.79,5.9
"23/02/1973",3.49,4.3
"24/02/1973",0.57,2.7
"25/02/1973",1.3,1.4
"26/02/1973",0.06,2.1
"27/02/1973",0.41,2.3
"28/02/1973",2.08,3.8
"1/03/1973",4.38,5.6
"2/03/1973",1.1,5.8
"3/03/1973",1.56,7.5
"4/03/1973",1.96,8.9
"5/03/1973",4.77,6.8
"6/03/1973",1.51,4.6
"7/03/1973",0,5.6
"8/03/1973",0,5.3
"9/03/1973",0,5
"10/03/1973",0,4.5
"11/03/1973",0,3.4
"12/03/1973",0,4.3
"13/03/1973",0.14,4
"14/03/1973",0,4.2
"15/03/1973",0,5.2
"16/03/1973",0,4.7
"17/03/1973",0,6.6
"18/03/1973",0.07,7.9
"19/03/1973",0,7.9
"20/03/1973",0,7
"21/03/1973",0,6.1
"22/03/1973",0,7.7
"23/03/1973",0.23,8.6
"24/03/1973",2.53,7.8
"25/03/1973",1.13,7.7
"26/03/1973",0.11,6.8
"27/03/1973",0.75,5.8
"28/03/1973",0,6.8
"29/03/1973",0.74,7.2
"30/03/1973",1.34,7
"31/03/1973",0.71,5.8
"1/04/1973",18.62,8.1
"2/04/1973",2.83,6
"3/04/1973",4.93,4.7
"4/04/1973",2.14,7.1
"5/04/1973",0.84,8.5
"6/04/1973",0.97,6.6
"7/04/1973",2.04,6.8
"8/04/1973",1.97,3.5
"9/04/1973",0.36,1.7
"10/04/1973",0.63,4.2
"11/04/1973",0.28,6
"12/04/1973",0.33,5.6
"13/04/1973",0.24,7.4
"14/04/1973",0,8.5
"15/04/1973",0.03,9.1
"16/04/1973",0,9.7
"17/04/1973",0.03,8.9
"18/04/1973",0.6,9.3
"19/04/1973",0.63,6.3
"20/04/1973",2.34,6.3
"21/04/1973",4.39,5.2
"22/04/1973",5.16,6.1
"23/04/1973",5.94,6.6
"24/04/1973",0.14,8.6
"25/04/1973",0,9.4
"26/04/1973",0.11,8.2
"27/04/1973",0.44,8.6
"28/04/1973",2.05,9
"29/04/1973",0.86,6.5
"30/04/1973",8.66,7.5
"1/05/1973",0,8
"2/05/1973",0.92,7.5
"3/05/1973",11.95,8.2
"4/05/1973",5.2,11.1
"5/05/1973",3.35,10.2
"6/05/1973",4.26,9.7
"7/05/1973",1.55,7.6
"8/05/1973",0.33,9.4
"9/05/1973",5.45,10.8
"10/05/1973",1.77,9.2
"11/05/1973",0.03,8.6
"12/05/1973",0.59,9.4
"13/05/1973",3.43,9.8
"14/05/1973",0.25,9.2
"15/05/1973",0,8.5
"16/05/1973",0,9.4
"17/05/1973",0.57,11.1
"18/05/1973",0.85,13.8
"19/05/1973",6.19,13.3
"20/05/1973",4.35,13.6
"21/05/1973",6.51,14.5
"22/05/1973",6.3,14.2
"23/05/1973",4.99,12.3
"24/05/1973",1.71,13.8
"25/05/1973",0.08,13.2
"26/05/1973",0.12,16
"27/05/1973",3.07,16.8
"28/05/1973",2.86,16.1
"29/05/1973",6.57,12.7
"30/05/1973",1.83,13.4
"31/05/1973",1.02,11.7
"1/06/1973",0.13,10.3
"2/06/1973",3.23,9.9
"3/06/1973",0.15,11.5
"4/06/1973",0.06,11.5
"5/06/1973",0,12.1
"6/06/1973",0,13.7
"7/06/1973",0,15.7
"8/06/1973",0.2,16.3
"9/06/1973",0.28,15.9
"10/06/1973",0.07,14.3
"11/06/1973",0,15.8
"12/06/1973",0.24,14.2
"13/06/1973",0.04,13.5
"14/06/1973",0,11.7
"15/06/1973",0,15.3
"16/06/1973",0.44,17.5
"17/06/1973",0.05,17.4
"18/06/1973",0.81,16.1
"19/06/1973",22.58,15.9
"20/06/1973",4.3,13
"21/06/1973",0.05,16.4
"22/06/1973",0.06,16.1
"23/06/1973",0.81,17.3
"24/06/1973",2.21,16.1
"25/06/1973",1.64,16.5
"26/06/1973",6.84,15.8
"27/06/1973",17.22,15.3
"28/06/1973",0.03,16.6
"29/06/1973",0.03,15.6
"30/06/1973",0,16.6
"1/07/1973",0.35,17.8
"2/07/1973",0.41,17.2
"3/07/1973",0.17,16
"4/07/1973",0.02,16.8
"5/07/1973",2.49,18.2
"6/07/1973",12.41,17.5
"7/07/1973",0.23,14.4
"8/07/1973",0.05,13.7
"9/07/1973",0.39,13.9
"10/07/1973",1.36,16.2
"11/07/1973",0.74,16.7
"12/07/1973",0.45,16.6
"13/07/1973",4.61,16.5
"14/07/1973",11.29,15.6
"15/07/1973",19.04,16.2
"16/07/1973",9.78,15.9
"17/07/1973",2.39,15.2
"18/07/1973",3.63,14.6
"19/07/1973",1.67,15
"20/07/1973",8.35,14.6
"21/07/1973",7.52,14.8
"22/07/1973",1.54,13.9
"23/07/1973",0.85,12.6
"24/07/1973",0.5,12.3
"25/07/1973",0.24,15.8
"26/07/1973",0,15.2
"27/07/1973",0.09,14.7
"28/07/1973",0.03,14.2
"29/07/1973",0.52,16.4
"30/07/1973",1.53,17.7
"31/07/1973",0.86,17.4
"1/08/1973",0.19,17.9
"2/08/1973",1.26,17.6
"3/08/1973",3.06,17
"4/08/1973",7.45,14
"5/08/1973",23.51,14.5
"6/08/1973",6.77,15.3
"7/08/1973",1.89,13.3
"8/08/1973",0.54,13.6
"9/08/1973",1.08,15.6
"10/08/1973",1.87,16.7
"11/08/1973",0.02,16.8
"12/08/1973",0,17.1
"13/08/1973",0,19.5
"14/08/1973",0,20.4
"15/08/1973",0,20.5
"16/08/1973",0.08,20.9
"17/08/1973",0,18.5
"18/08/1973",0.07,15.1
"19/08/1973",3.5,16.7
"20/08/1973",1.46,17.7
"21/08/1973",0.24,14
"22/08/1973",2.85,15.6
"23/08/1973",0.09,16.5
"24/08/1973",0,16.8
"25/08/1973",0,17
"26/08/1973",0.12,16.6
"27/08/1973",3.16,15.8
"28/08/1973",0.01,16.9
"29/08/1973",3.18,13.8
"30/08/1973",0.87,14.7
"31/08/1973",0.51,14.9
"1/09/1973",2.54,16.1
"2/09/1973",2.13,16.1
"3/09/1973",1.3,17.9
"4/09/1973",0.07,19.2
"5/09/1973",0.02,19.6
"6/09/1973",0.01,18.1
"7/09/1973",0,17.6
"8/09/1973",0,18.7
"9/09/1973",0.37,17.6
"10/09/1973",0,14
"11/09/1973",0,13.7
"12/09/1973",0,13.4
"13/09/1973",0.05,13.6
"14/09/1973",1.7,16.2
"15/09/1973",5.32,15.8
"16/09/1973",2.04,17.8
"17/09/1973",3.32,15.5
"18/09/1973",15.07,12.1
"19/09/1973",0.24,13.7
"20/09/1973",8.87,12.5
"21/09/1973",2.41,11.3
"22/09/1973",4.19,10.5
"23/09/1973",0.56,10.9
"24/09/1973",1.6,12
"25/09/1973",0.99,12.4
"26/09/1973",2.69,13
"27/09/1973",13.57,8.6
"28/09/1973",2.7,11.3
"29/09/1973",3.28,9.9
"30/09/1973",0.42,9.9
"1/10/1973",0.03,7.8
"2/10/1973",0.2,11.4
"3/10/1973",0.18,13.2
"4/10/1973",0.62,14
"5/10/1973",0.86,14.6
"6/10/1973",3.09,13.8
"7/10/1973",0.21,13.3
"8/10/1973",1.49,13.3
"9/10/1973",5,12.7
"10/10/1973",6.9,11.3
"11/10/1973",0.72,7.6
"12/10/1973",6.3,5.9
"13/10/1973",0.5,7.4
"14/10/1973",2.96,7.3
"15/10/1973",8.67,7.5
"16/10/1973",1.41,7.6
"17/10/1973",0.57,4.9
"18/10/1973",5.47,6.6
"19/10/1973",5.61,8.3
"20/10/1973",3.41,10.2
"21/10/1973",0.78,9.8
"22/10/1973",2.16,7.7
"23/10/1973",0.03,9.1
"24/10/1973",0.03,8.6
"25/10/1973",0.03,8.4
"26/10/1973",0,7.5
"27/10/1973",0.08,8
"28/10/1973",0.09,6
"29/10/1973",0,4.9
"30/10/1973",0.03,4.6
"31/10/1973",0.07,5.6
"1/11/1973",0.26,8.5
"2/11/1973",0.06,9.7
"3/11/1973",1.66,11.1
"4/11/1973",7.65,12
"5/11/1973",0.87,6.2
"6/11/1973",0.04,5.2
"7/11/1973",0.33,8
"8/11/1973",1,10.5
"9/11/1973",8.91,11.3
"10/11/1973",1.75,10.9
"11/11/1973",1.43,7.4
"12/11/1973",2.42,7.9
"13/11/1973",1.53,8.4
"14/11/1973",4.88,8
"15/11/1973",2.16,7.5
"16/11/1973",0.1,6.3
"17/11/1973",0.03,2.4
"18/11/1973",0.56,5.1
"19/11/1973",0,6.3
"20/11/1973",0,2.4
"21/11/1973",0,2.4
"22/11/1973",0.14,3.9
"23/11/1973",0.21,5.9
"24/11/1973",0.64,9.8
"25/11/1973",0.41,3.6
"26/11/1973",0.34,0.3
"27/11/1973",1.26,0.6
"28/11/1973",9.69,-0.2
"29/11/1973",0.43,0.3
"30/11/1973",2.16,-1.7
"1/12/1973",0.25,-1.4
"2/12/1973",0.91,1.2
"3/12/1973",0.49,4
"4/12/1973",0.33,8.8
"5/12/1973",0.75,9.3
"6/12/1973",2.72,7.3
"7/12/1973",14.11,7.1
"8/12/1973",0.17,3.9
"9/12/1973",0.09,0.9
"10/12/1973",4.71,3.3
"11/12/1973",0.56,4.1
"12/12/1973",3.45,6
"13/12/1973",0.87,6.9
"14/12/1973",0.53,6
"15/12/1973",4.7,3.9
"16/12/1973",0.96,4.1
"17/12/1973",1.22,3.3
"18/12/1973",0.42,3.7
"19/12/1973",6.84,4.5
"20/12/1973",4.13,6
"21/12/1973",4.34,7.6
"22/12/1973",4.61,5.7
"23/12/1973",1.18,4.6
"24/12/1973",0.03,2.9
"25/12/1973",3.13,4
"26/12/1973",0.27,4.9
"27/12/1973",0.81,7.7
"28/12/1973",1.19,7.6
"29/12/1973",4,8.1
"30/12/1973",0.7,5.3
"31/12/1973",0.1,0.7
"1/01/1974",0.02,-1.6
"2/01/1974",0.4,-0.3
"3/01/1974",1.32,2.9
"4/01/1974",9.48,5.6
"5/01/1974",7.27,8.5
"6/01/1974",7.26,6.8
"7/01/1974",3.81,6.7
"8/01/1974",8.95,5
"9/01/1974",1.32,2.7
"10/01/1974",13.97,5.9
"11/01/1974",2.87,7.7
"12/01/1974",7.64,7.9
"13/01/1974",3.52,7
"14/01/1974",4.62,7.6
"15/01/1974",7.31,8.6
"16/01/1974",6.41,6.5
"17/01/1974",0.72,7
"18/01/1974",0.27,8.5
"19/01/1974",0,8.9
"20/01/1974",0,4.7
"21/01/1974",0.97,4.8
"22/01/1974",2.28,6.6
"23/01/1974",3.31,6.9
"24/01/1974",0.27,7.3
"25/01/1974",1.09,6.1
"26/01/1974",5.56,6.9
"27/01/1974",6.95,6.2
"28/01/1974",2.32,6
"29/01/1974",4.65,4.8
"30/01/1974",5.03,5.4
"31/01/1974",1.03,5.6
"1/02/1974",4.84,6.8
"2/02/1974",2.41,6.9
"3/02/1974",2.89,4.6
"4/02/1974",3.01,3.9
"5/02/1974",8.23,2.7
"6/02/1974",2.16,2.1
"7/02/1974",3.12,3.8
"8/02/1974",13.23,5
"9/02/1974",6.96,6.4
"10/02/1974",16.75,8.8
"11/02/1974",6.52,9.1
"12/02/1974",2.84,5.2
"13/02/1974",1.46,5.6
"14/02/1974",14.19,4.6
"15/02/1974",3.65,5.9
"16/02/1974",1.28,8.2
"17/02/1974",0.17,7.2
"18/02/1974",0.21,6.2
"19/02/1974",0.14,5.1
"20/02/1974",1.03,4.7
"21/02/1974",0.35,6.7
"22/02/1974",0.89,7.8
"23/02/1974",0,6.2
"24/02/1974",0.01,4.1
"25/02/1974",0.26,3.9
"26/02/1974",0.05,5.4
"27/02/1974",0.69,2.9
"28/02/1974",8.5,1.8
"1/03/1974",1.2,3
"2/03/1974",0.49,4
"3/03/1974",2.11,2.7
"4/03/1974",1.56,3.5
"5/03/1974",0.15,3.1
"6/03/1974",2.7,2.9
"7/03/1974",0.18,6.3
"8/03/1974",0.04,4.3
"9/03/1974",4.87,2.6
"10/03/1974",3.68,2.9
"11/03/1974",2.34,3.2
"12/03/1974",0.98,4.5
"13/03/1974",1.15,3.6
"14/03/1974",7.01,4.4
"15/03/1974",4.1,6.8
"16/03/1974",0.68,9.1
"17/03/1974",6.04,7.9
"18/03/1974",1.58,6.8
"19/03/1974",2.7,6.8
"20/03/1974",1.25,7.4
"21/03/1974",0.06,6.4
"22/03/1974",0.21,6.8
"23/03/1974",0,7.2
"24/03/1974",0.83,5.9
"25/03/1974",0.32,9.1
"26/03/1974",0,7.4
"27/03/1974",0,6.1
"28/03/1974",0.34,7.4
"29/03/1974",0.03,8.3
"30/03/1974",0,9
"31/03/1974",0,8.9
"1/04/1974",0.03,7.1
"2/04/1974",0,8.8
"3/04/1974",0.03,10.2
"4/04/1974",0.09,12
"5/04/1974",0,10.1
"6/04/1974",0,9.6
"7/04/1974",0,10.4
"8/04/1974",0,10.6
"9/04/1974",0.03,10.4
"10/04/1974",1.94,10.4
"11/04/1974",3.57,9.3
"12/04/1974",0.42,8.7
"13/04/1974",0,6.4
"14/04/1974",0,6
"15/04/1974",0.02,6.6
"16/04/1974",0.02,9.7
"17/04/1974",0,6.5
"18/04/1974",0.03,6.7
"19/04/1974",0.03,7
"20/04/1974",0,7.2
"21/04/1974",0,7.8
"22/04/1974",0,7
"23/04/1974",0.03,7.6
"24/04/1974",0,7.3
"25/04/1974",1.53,6.9
"26/04/1974",0.17,7.1
"27/04/1974",2.86,5.6
"28/04/1974",2.54,7.1
"29/04/1974",0.04,7.9
"30/04/1974",0.89,8.1
"1/05/1974",3.37,7.8
"2/05/1974",4.95,8.1
"3/05/1974",1.35,7.9
"4/05/1974",0.44,9.4
"5/05/1974",0.45,8.7
"6/05/1974",0.03,7.3
"7/05/1974",0,7
"8/05/1974",0.17,8.5
"9/05/1974",6.78,10.1
"10/05/1974",3.3,11.6
"11/05/1974",2.57,10.8
"12/05/1974",2.32,11.3
"13/05/1974",1.75,12.3
"14/05/1974",0,11.6
"15/05/1974",0.12,12.6
"16/05/1974",0.34,14.1
"17/05/1974",0.18,15.7
"18/05/1974",1.33,13.5
"19/05/1974",0,13.4
"20/05/1974",0.17,13.4
"21/05/1974",0.75,11.5
"22/05/1974",1.7,12
"23/05/1974",6.88,11
"24/05/1974",0.25,11.3
"25/05/1974",0,11.3
"26/05/1974",0,11.1
"27/05/1974",0.05,12.8
"28/05/1974",1.04,11.6
"29/05/1974",0,10.5
"30/05/1974",0.36,10.2
"31/05/1974",0,12.9
"1/06/1974",1.26,13.1
"2/06/1974",1.83,15.4
"3/06/1974",0,13.6
"4/06/1974",0.04,12.5
"5/06/1974",3.61,12.1
"6/06/1974",1.77,10.7
"7/06/1974",6.77,11
"8/06/1974",3.27,10.8
"9/06/1974",3.92,10.3
"10/06/1974",0.65,9.9
"11/06/1974",0.01,13.5
"12/06/1974",0,15.1
"13/06/1974",0,14
"14/06/1974",0,15.3
"15/06/1974",2.24,17.1
"16/06/1974",14.53,16.8
"17/06/1974",2.28,15.5
"18/06/1974",0.94,13.3
"19/06/1974",0.22,14.5
"20/06/1974",0,16.7
"21/06/1974",0,18
"22/06/1974",1.72,15.4
"23/06/1974",0.12,14.9
"24/06/1974",0,15.4
"25/06/1974",4.05,15.1
"26/06/1974",12.24,12.9
"27/06/1974",1.63,11.2
"28/06/1974",2.39,12.5
"29/06/1974",1.31,15.1
"30/06/1974",3.56,15.3
"1/07/1974",0.87,15
"2/07/1974",16.64,12.4
"3/07/1974",3.34,13.9
"4/07/1974",7.94,13.1
"5/07/1974",1.1,15.6
"6/07/1974",0.11,14.7
"7/07/1974",0.03,15.8
"8/07/1974",0.09,18.5
"9/07/1974",0.86,16.9
"10/07/1974",1.41,15.2
"11/07/1974",0.86,15
"12/07/1974",1.94,14
"13/07/1974",3.75,13.1
"14/07/1974",5.35,13.9
"15/07/1974",6.3,14.2
"16/07/1974",3.95,14.7
"17/07/1974",0.43,14.6
"18/07/1974",0.13,14.1
"19/07/1974",0.37,13.7
"20/07/1974",0.03,17.9
"21/07/1974",0.03,16
"22/07/1974",2.2,17.2
"23/07/1974",0.99,15.5
"24/07/1974",1.96,14.2
"25/07/1974",1.24,14.3
"26/07/1974",0.26,16.4
"27/07/1974",0.7,15.3
"28/07/1974",0.67,16.8
"29/07/1974",1.62,15.5
"30/07/1974",4.05,16.5
"31/07/1974",3.31,17.1
"1/08/1974",0.07,15.6
"2/08/1974",0.02,14.3
"3/08/1974",6.8,15
"4/08/1974",7.37,13
"5/08/1974",0.06,14.8
"6/08/1974",0,15.3
"7/08/1974",3.19,15.8
"8/08/1974",7.84,16.2
"9/08/1974",9.12,15.2
"10/08/1974",4.35,13.8
"11/08/1974",10.66,14.8
"12/08/1974",3.3,16
"13/08/1974",5.34,14.5
"14/08/1974",3.31,15.7
"15/08/1974",0.58,18.6
"16/08/1974",0.81,17.3
"17/08/1974",2.07,15.1
"18/08/1974",1.59,12.6
"19/08/1974",0,14.4
"20/08/1974",0.01,15
"21/08/1974",0.05,15.1
"22/08/1974",0.12,15.9
"23/08/1974",0.82,15.4
"24/08/1974",0.75,17.7
"25/08/1974",12.27,17
"26/08/1974",5.51,14.6
"27/08/1974",0.03,13.6
"28/08/1974",0,12.2
"29/08/1974",0.86,14.9
"30/08/1974",5.55,17
"31/08/1974",7.3,14.3
"1/09/1974",7.56,14.4
"2/09/1974",13.79,12.7
"3/09/1974",4.99,14.2
"4/09/1974",19.09,13.9
"5/09/1974",7.51,12.6
"6/09/1974",8.5,12.8
"7/09/1974",6.92,13.1
"8/09/1974",2.13,13.4
"9/09/1974",1.22,13.8
"10/09/1974",0.03,12.1
"11/09/1974",1.92,13.3
"12/09/1974",6.22,15.8
"13/09/1974",0.18,16.9
"14/09/1974",0.89,13.9
"15/09/1974",5.21,14.7
"16/09/1974",0.64,15
"17/09/1974",2.51,13.2
"18/09/1974",0,10.9
"19/09/1974",0.15,10.6
"20/09/1974",1.78,12.1
"21/09/1974",2.43,11.9
"22/09/1974",10.22,10.3
"23/09/1974",9.27,11.6
"24/09/1974",8.03,10.5
"25/09/1974",4.27,9.9
"26/09/1974",11.96,9.4
"27/09/1974",9.46,8
"28/09/1974",2.59,7.5
"29/09/1974",2.27,7
"30/09/1974",0.9,8
"1/10/1974",5.02,7.2
"2/10/1974",6.35,7.8
"3/10/1974",5.77,8.5
"4/10/1974",2.36,8.5
"5/10/1974",0.08,9.2
"6/10/1974",11.95,8.2
"7/10/1974",6.74,7.3
"8/10/1974",0.62,9.3
"9/10/1974",1.18,8.4
"10/10/1974",3.12,7.2
"11/10/1974",0.53,7.8
"12/10/1974",0.09,6.7
"13/10/1974",1.52,6.6
"14/10/1974",0.36,8.1
"15/10/1974",7.51,8.3
"16/10/1974",2.04,9
"17/10/1974",1.6,9
"18/10/1974",13.13,9.6
"19/10/1974",5.05,8.8
"20/10/1974",2.07,7.4
"21/10/1974",2.43,7
"22/10/1974",0.63,7.9
"23/10/1974",0.11,8
"24/10/1974",0.23,8.3
"25/10/1974",0.27,9.3
"26/10/1974",0.58,10.6
"27/10/1974",1.3,9.5
"28/10/1974",2.01,6.7
"29/10/1974",2.24,5.2
"30/10/1974",3.16,3.6
"31/10/1974",2.12,4.1
"1/11/1974",0.69,6
"2/11/1974",4.35,8.7
"3/11/1974",4.3,7.6
"4/11/1974",0.18,6.5
"5/11/1974",0.57,5.9
"6/11/1974",2.16,6.6
"7/11/1974",1.71,8.6
"8/11/1974",2.85,10
"9/11/1974",2.67,10.6
"10/11/1974",8.6,8.5
"11/11/1974",6.35,8.2
"12/11/1974",2.85,5.4
"13/11/1974",18.94,7
"14/11/1974",4.49,9
"15/11/1974",2.95,8.5
"16/11/1974",2.18,5.9
"17/11/1974",10.45,4.1
"18/11/1974",3.55,3.6
"19/11/1974",6.33,4.6
"20/11/1974",12.1,3.3
"21/11/1974",11.76,5.6
"22/11/1974",3.25,7.1
"23/11/1974",2.03,7.5
"24/11/1974",5.47,6.3
"25/11/1974",0.7,6.3
"26/11/1974",1.17,6.8
"27/11/1974",3.21,5.3
"28/11/1974",1.28,6.1
"29/11/1974",5.17,7.7
"30/11/1974",0.78,7.9
"1/12/1974",0.95,9.9
"2/12/1974",1.55,11.3
"3/12/1974",0.58,10.9
"4/12/1974",0.54,9.3
"5/12/1974",0.46,7.1
"6/12/1974",0.44,9.2
"7/12/1974",0.94,9.9
"8/12/1974",1.29,10.7
"9/12/1974",1.7,7.2
"10/12/1974",8.16,4.9
"11/12/1974",3.9,3.3
"12/12/1974",1.86,5.5
"13/12/1974",1.28,4.4
"14/12/1974",0.71,5.1
"15/12/1974",3.34,6.8
"16/12/1974",5.13,7
"17/12/1974",1.8,5.4
"18/12/1974",0.84,6.5
"19/12/1974",0.54,7.5
"20/12/1974",1.59,9.9
"21/12/1974",6.14,10.6
"22/12/1974",1.09,10.7
"23/12/1974",3.49,10.3
"24/12/1974",3.37,7.6
"25/12/1974",10.82,7.5
"26/12/1974",9.77,8.4
"27/12/1974",2.82,10.3
"28/12/1974",3.34,11
"29/12/1974",0.43,10.1
"30/12/1974",0.37,5.8
"31/12/1974",0.46,6.7
"1/01/1975",1.2,7.5
"2/01/1975",0.13,8.1
"3/01/1975",0.11,8
"4/01/1975",0.49,6.4
"5/01/1975",0.19,7.5
"6/01/1975",3.98,9.4
"7/01/1975",1.82,7.2
"8/01/1975",0.13,7.6
"9/01/1975",0.3,7.9
"10/01/1975",1.41,8.9
"11/01/1975",1.19,9.2
"12/01/1975",4.42,9
"13/01/1975",1.77,7.1
"14/01/1975",3.04,8
"15/01/1975",3.49,8.3
"16/01/1975",5.11,4.9
"17/01/1975",5.29,4.2
"18/01/1975",2.83,2.6
"19/01/1975",12.6,4.2
"20/01/1975",7.2,4.6
"21/01/1975",9.46,5.9
"22/01/1975",8.52,7.3
"23/01/1975",2.39,5.2
"24/01/1975",8.96,7.5
"25/01/1975",2.19,8
"26/01/1975",10.49,4.3
"27/01/1975",5.4,5
"28/01/1975",7.56,4.5
"29/01/1975",3.62,6.3
"30/01/1975",6.22,8
"31/01/1975",2.67,9.1
"1/02/1975",0.04,7.6
"2/02/1975",0.03,5.3
"3/02/1975",0,6.1
"4/02/1975",0,3.5
"5/02/1975",0,3.2
"6/02/1975",0.04,2.9
"7/02/1975",0.14,4.3
"8/02/1975",0,3.6
"9/02/1975",0,1.7
"10/02/1975",3.73,2.2
"11/02/1975",3.82,4.7
"12/02/1975",3.21,6.9
"13/02/1975",3.91,6
"14/02/1975",5.76,2.8
"15/02/1975",0.54,2.8
"16/02/1975",2.76,5
"17/02/1975",1.49,6.3
"18/02/1975",4.43,5.1
"19/02/1975",0.14,3.2
"20/02/1975",0.46,3.5
"21/02/1975",0,4.3
"22/02/1975",0.26,3.5
"23/02/1975",1.38,5.2
"24/02/1975",0.23,6.9
"25/02/1975",0,3.8
"26/02/1975",0,5
"27/02/1975",0.03,3.6
"28/02/1975",0.06,3.7
"1/03/1975",1.41,5.2
"2/03/1975",3.71,7.6
"3/03/1975",1.95,8.5
"4/03/1975",3.96,6.6
"5/03/1975",0.48,7.1
"6/03/1975",7.81,6.4
"7/03/1975",2.63,7.4
"8/03/1975",10.17,5.2
"9/03/1975",3.67,5.4
"10/03/1975",3.53,4.3
"11/03/1975",3.73,4.7
"12/03/1975",1.62,5.4
"13/03/1975",4.78,4.3
"14/03/1975",0.44,2.8
"15/03/1975",0.83,3.8
"16/03/1975",0.29,3.2
"17/03/1975",0.19,2.6
"18/03/1975",0.4,2.4
"19/03/1975",0.63,1.9
"20/03/1975",0.22,5.2
"21/03/1975",11.37,4.7
"22/03/1975",0.89,5.8
"23/03/1975",0.25,6.6
"24/03/1975",0.11,6.6
"25/03/1975",2.21,5.9
"26/03/1975",5.68,4.4
"27/03/1975",4.74,2.3
"28/03/1975",1.67,2.5
"29/03/1975",1.52,4.1
"30/03/1975",0.81,3.4
"31/03/1975",0.24,3.7
"1/04/1975",4.55,4.1
"2/04/1975",2.26,5.1
"3/04/1975",1.86,3.3
"4/04/1975",1.21,3
"5/04/1975",2.29,2.4
"6/04/1975",1.21,4.2
"7/04/1975",2.41,5
"8/04/1975",1.9,3.6
"9/04/1975",0.53,2.6
"10/04/1975",2.63,4
"11/04/1975",0.82,7.4
"12/04/1975",0.29,9.7
"13/04/1975",4.24,10.3
"14/04/1975",5.95,10.1
"15/04/1975",2.07,9.4
"16/04/1975",4.24,9.6
"17/04/1975",3.01,10.8
"18/04/1975",12.96,11.6
"19/04/1975",1.04,10.8
"20/04/1975",2.88,9.2
"21/04/1975",2.63,10.4
"22/04/1975",0.03,12.2
"23/04/1975",0.03,12.1
"24/04/1975",0.03,12.1
"25/04/1975",0.65,13.1
"26/04/1975",0.36,14.5
"27/04/1975",0.55,10.7
"28/04/1975",2.1,11.3
"29/04/1975",0.97,9.3
"30/04/1975",2.2,8.1
"1/05/1975",3.72,9.6
"2/05/1975",2.47,11.2
"3/05/1975",0.03,8.4
"4/05/1975",0,8.1
"5/05/1975",0,8.3
"6/05/1975",0,9.6
"7/05/1975",7.92,10.8
"8/05/1975",3.1,11.6
"9/05/1975",2.11,10.5
"10/05/1975",2.27,10.3
"11/05/1975",0.2,9.6
"12/05/1975",5.79,8.1
"13/05/1975",5.31,10.7
"14/05/1975",2.33,10.5
"15/05/1975",1.3,8.4
"16/05/1975",7.13,8.8
"17/05/1975",5.13,8.4
"18/05/1975",0,10.2
"19/05/1975",0,11.1
"20/05/1975",0,13
"21/05/1975",0,12.7
"22/05/1975",0.2,9.1
"23/05/1975",0,9
"24/05/1975",0.48,7.6
"25/05/1975",0.4,10
"26/05/1975",0,11.5
"27/05/1975",0.06,11.9
"28/05/1975",0,12.9
"29/05/1975",0.03,8.7
"30/05/1975",0.44,8
"31/05/1975",0.1,7.1
"1/06/1975",3.36,8.8
"2/06/1975",5.26,8.1
"3/06/1975",1.06,8.6
"4/06/1975",1.51,9.1
"5/06/1975",0.39,13.9
"6/06/1975",0,17.7
"7/06/1975",0,19.9
"8/06/1975",0,17.8
"9/06/1975",0,16.4
"10/06/1975",0,16.4
"11/06/1975",0,17.5
"12/06/1975",0,18.3
"13/06/1975",0,16.8
"14/06/1975",0.07,17
"15/06/1975",2.65,13.6
"16/06/1975",4.16,11.3
"17/06/1975",1.63,12.6
"18/06/1975",0.21,12.8
"19/06/1975",0.81,15.6
"20/06/1975",0.01,17
"21/06/1975",0.02,18
"22/06/1975",0,16.5
"23/06/1975",0.93,16.6
"24/06/1975",0,17.6
"25/06/1975",0,15.4
"26/06/1975",0,16.3
"27/06/1975",0,14.2
"28/06/1975",0,12
"29/06/1975",0,12.2
"30/06/1975",0,14.3
"1/07/1975",0,16.4
"2/07/1975",0,17
"3/07/1975",0.27,17.4
"4/07/1975",1.49,17.9
"5/07/1975",0,16
"6/07/1975",0,16.5
"7/07/1975",8.58,17
"8/07/1975",2.16,16.8
"9/07/1975",5.16,17.3
"10/07/1975",3.55,17.8
"11/07/1975",1.29,17.5
"12/07/1975",7.87,16.4
"13/07/1975",2.68,18.8
"14/07/1975",5.28,19.3
"15/07/1975",2.31,17.6
"16/07/1975",0.72,17.5
"17/07/1975",4.27,18.4
"18/07/1975",3.1,17.5
"19/07/1975",2.24,16.6
"20/07/1975",0.79,18
"21/07/1975",1.63,15.9
"22/07/1975",4.8,16.8
"23/07/1975",1.75,16.7
"24/07/1975",2.08,13.6
"25/07/1975",0.15,14.6
"26/07/1975",0.02,17.5
"27/07/1975",0,18.8
"28/07/1975",0.06,19.7
"29/07/1975",0.06,20.3
"30/07/1975",0.08,19.7
"31/07/1975",0.08,18.7
"1/08/1975",0,19.3
"2/08/1975",0,19.8
"3/08/1975",0.12,22
"4/08/1975",2.3,23.4
"5/08/1975",1.36,22.1
"6/08/1975",0.17,20.8
"7/08/1975",0.1,22.8
"8/08/1975",5.82,23.7
"9/08/1975",0.97,21
"10/08/1975",0.14,18.2
"11/08/1975",0.06,19.1
"12/08/1975",1.15,19.8
"13/08/1975",1.76,20.5
"14/08/1975",5.65,19.1
"15/08/1975",6.98,18.2
"16/08/1975",2.99,16.5
"17/08/1975",0.73,16
"18/08/1975",3.18,16.6
"19/08/1975",5,18.2
"20/08/1975",0.79,18.1
"21/08/1975",1.45,16.6
"22/08/1975",0.23,14.4
"23/08/1975",1.46,12.9
"24/08/1975",0.71,16.2
"25/08/1975",0,16.1
"26/08/1975",0,17.8
"27/08/1975",0,20.3
"28/08/1975",0.03,18.9
"29/08/1975",4.49,18.2
"30/08/1975",3.94,16.2
"31/08/1975",0,15.5
"1/09/1975",0,16.1
"2/09/1975",0.22,15.8
"3/09/1975",0.21,15.4
"4/09/1975",0.51,13.9
"5/09/1975",0.46,14.4
"6/09/1975",0.4,15.2
"7/09/1975",0.25,16.6
"8/09/1975",2.67,16.5
"9/09/1975",3.36,16.4
"10/09/1975",2.82,15.2
"11/09/1975",8.17,12.8
"12/09/1975",1.75,10.7
"13/09/1975",21.04,11.5
"14/09/1975",2.04,9.1
"15/09/1975",0.03,10.1
"16/09/1975",2.61,9.6
"17/09/1975",6,13.4
"18/09/1975",0.6,14.4
"19/09/1975",2.4,12.7
"20/09/1975",0.4,15
"21/09/1975",0,13.2
"22/09/1975",1.08,12.9
"23/09/1975",0.4,14.6
"24/09/1975",6.11,12.9
"25/09/1975",12.15,13.3
"26/09/1975",12.35,11.2
"27/09/1975",7.02,12.6
"28/09/1975",0.82,11.8
"29/09/1975",3.39,15.3
"30/09/1975",7.19,12.7
"1/10/1975",2.03,11.9
"2/10/1975",9.69,11.5
"3/10/1975",0.5,12
"4/10/1975",1.15,11.6
"5/10/1975",0.23,13.9
"6/10/1975",0.11,13.3
"7/10/1975",0,11.3
"8/10/1975",0.32,8.4
"9/10/1975",3.94,9.9
"10/10/1975",1.3,9.8
"11/10/1975",0.4,8.6
"12/10/1975",0.04,7.3
"13/10/1975",0.83,6.8
"14/10/1975",3.53,6.2
"15/10/1975",2.58,9.1
"16/10/1975",1.56,7.6
"17/10/1975",1.51,8.1
"18/10/1975",0.27,8.7
"19/10/1975",0,8.8
"20/10/1975",0,9.5
"21/10/1975",0.22,8.8
"22/10/1975",0.16,8.5
"23/10/1975",2.18,11.8
"24/10/1975",0.08,12.2
"25/10/1975",0,11
"26/10/1975",0,9.9
"27/10/1975",0.03,10.3
"28/10/1975",0,7.7
"29/10/1975",0.21,8.4
"30/10/1975",0.23,11
"31/10/1975",4.8,12.4
"1/11/1975",3.7,8.6
"2/11/1975",6.28,9.7
"3/11/1975",0.17,10.2
"4/11/1975",0.67,7.2
"5/11/1975",2.82,9.5
"6/11/1975",0.17,9.3
"7/11/1975",0.11,6.5
"8/11/1975",0.08,6.8
"9/11/1975",0.86,7.7
"10/11/1975",1.31,5.8
"11/11/1975",0.03,4.9
"12/11/1975",0.8,5.7
"13/11/1975",0.1,3.2
"14/11/1975",1.57,3
"15/11/1975",15.18,5.8
"16/11/1975",3.7,7.9
"17/11/1975",1.9,4.7
"18/11/1975",1.62,5.9
"19/11/1975",2.96,7.4
"20/11/1975",0,10
"21/11/1975",0,2.5
"22/11/1975",0.24,3.4
"23/11/1975",3.3,5.1
"24/11/1975",1.95,7.2
"25/11/1975",4.31,8.6
"26/11/1975",4.77,5.2
"27/11/1975",3.46,6.1
"28/11/1975",8.44,5.6
"29/11/1975",0.71,3.9
"30/11/1975",1.93,0.7
"1/12/1975",24.53,4.2
"2/12/1975",1.9,5
"3/12/1975",0.14,4.6
"4/12/1975",0.26,5.8
"5/12/1975",0.09,8.3
"6/12/1975",0.08,9.3
"7/12/1975",0.03,8.2
"8/12/1975",0,3.9
"9/12/1975",0,1.8
"10/12/1975",0.13,4
"11/12/1975",0.77,5.1
"12/12/1975",1.2,4.1
"13/12/1975",0.12,0.4
"14/12/1975",0.29,0
"15/12/1975",0.04,2.8
"16/12/1975",1.28,3.4
"17/12/1975",0.24,2.6
"18/12/1975",0.48,2.2
"19/12/1975",0.1,3.4
"20/12/1975",0.03,5.3
"21/12/1975",0.05,6.3
"22/12/1975",0.21,7.6
"23/12/1975",4.22,7.1
"24/12/1975",3.15,5.9
"25/12/1975",0.41,7
"26/12/1975",0.01,8.4
"27/12/1975",0.14,6.3
"28/12/1975",0.1,6.5
"29/12/1975",0.13,7.3
"30/12/1975",1.79,8.3
"31/12/1975",6.1,7.9
"1/01/1976",8.4,7.3
"2/01/1976",7.7,7.5
"3/01/1976",1.19,5
"4/01/1976",7.52,5.3
"5/01/1976",1.75,5.8
"6/01/1976",0.93,9.3
"7/01/1976",0.07,8.7
"8/01/1976",1.94,8.9
"9/01/1976",5.44,8.5
"10/01/1976",1.3,9
"11/01/1976",0.28,9.7
"12/01/1976",0.28,9.9
"13/01/1976",0.45,9.4
"14/01/1976",0.08,8.2
"15/01/1976",0.01,6.6
"16/01/1976",0.17,6.4
"17/01/1976",0.12,7.3
"18/01/1976",1.32,6.9
"19/01/1976",3.88,7.5
"20/01/1976",1.73,8.5
"21/01/1976",1.26,7.7
"22/01/1976",1.49,8.6
"23/01/1976",1.67,5.7
"24/01/1976",2,0.7
"25/01/1976",1.01,0.4
"26/01/1976",3.26,1.4
"27/01/1976",0.06,2.2
"28/01/1976",1.77,1.1
"29/01/1976",0.49,1.9
"30/01/1976",0.22,-1.2
"31/01/1976",0,-1
"1/02/1976",0.14,-0.7
"2/02/1976",0.65,-0.3
"3/02/1976",0.84,-0.4
"4/02/1976",0.66,0.8
"5/02/1976",2.09,1.3
"6/02/1976",2.72,2.9
"7/02/1976",1.32,4.5
"8/02/1976",0.93,6.2
"9/02/1976",2.44,5
"10/02/1976",3.17,4.9
"11/02/1976",2.28,3.7
"12/02/1976",11.38,6.1
"13/02/1976",0.11,5.6
"14/02/1976",0.71,2.5
"15/02/1976",0.41,1.2
"16/02/1976",0.21,0.5
"17/02/1976",0.57,1.3
"18/02/1976",0.15,2.3
"19/02/1976",0.01,3.5
"20/02/1976",0.39,4.6
"21/02/1976",2.55,6.8
"22/02/1976",0.54,7.8
"23/02/1976",3.06,9
"24/02/1976",0.06,9.5
"25/02/1976",0.17,9.1
"26/02/1976",0.04,8.9
"27/02/1976",0,7.2
"28/02/1976",0.38,7.7
"29/02/1976",1.95,8.5
"1/03/1976",0,5.7
"2/03/1976",0,4.2
"3/03/1976",0,6
"4/03/1976",0,4.9
"5/03/1976",0,5.6
"6/03/1976",0.06,1.7
"7/03/1976",0.13,0.9
"8/03/1976",0.12,0.8
"9/03/1976",0.25,1.6
"10/03/1976",0.33,3.1
"11/03/1976",3.7,5.4
"12/03/1976",7.28,4.7
"13/03/1976",0.41,4.1
"14/03/1976",3.49,3.8
"15/03/1976",2.74,4.2
"16/03/1976",3.06,5
"17/03/1976",1.26,5.4
"18/03/1976",1,4.8
"19/03/1976",0.2,2.8
"20/03/1976",2.5,4.3
"21/03/1976",12.01,4
"22/03/1976",0.61,2.9
"23/03/1976",0,0.9
"24/03/1976",3.13,3.6
"25/03/1976",2.77,6.3
"26/03/1976",0.5,8.4
"27/03/1976",0.04,8.3
"28/03/1976",0.96,8.8
"29/03/1976",0.37,8.8
"30/03/1976",0.58,9
"31/03/1976",0.47,9.6
"1/04/1976",2.96,8.5
"2/04/1976",1.97,6.3
"3/04/1976",0.8,5.6
"4/04/1976",0.12,7.5
"5/04/1976",0.18,7.7
"6/04/1976",0.85,10.1
"7/04/1976",0.41,7.8
"8/04/1976",0.21,5
"9/04/1976",0.03,7.9
"10/04/1976",0.09,9.2
"11/04/1976",1.36,8.5
"12/04/1976",0.21,8.4
"13/04/1976",5.56,7.2
"14/04/1976",3.46,7.2
"15/04/1976",0,9.5
"16/04/1976",0,8.3
"17/04/1976",0.18,10
"18/04/1976",0.04,11.9
"19/04/1976",0,12.7
"20/04/1976",0,11
"21/04/1976",0.02,9.6
"22/04/1976",0.05,8.4
"23/04/1976",0.25,5.3
"24/04/1976",0.08,7.5
"25/04/1976",0,8.3
"26/04/1976",0.02,6.9
"27/04/1976",0.03,6.5
"28/04/1976",0.02,4.7
"29/04/1976",0,5.7
"30/04/1976",0.05,9.9
"1/05/1976",2.78,7
"2/05/1976",2.61,10.4
"3/05/1976",2.69,10.3
"4/05/1976",1.6,10.6
"5/05/1976",2.24,12.3
"6/05/1976",0.93,14.8
"7/05/1976",1,16.1
"8/05/1976",0.07,15.1
"9/05/1976",1.79,15
"10/05/1976",0.08,13.6
"11/05/1976",1.97,10.1
"12/05/1976",3.37,10.6
"13/05/1976",0.18,10
"14/05/1976",0.48,10.3
"15/05/1976",2.84,9.8
"16/05/1976",0,10.7
"17/05/1976",1.09,12.6
"18/05/1976",3.63,12.3
"19/05/1976",7.27,9.1
"20/05/1976",3.77,10.2
"21/05/1976",0.64,10.8
"22/05/1976",0.01,14
"23/05/1976",0,15.1
"24/05/1976",3.55,15.8
"25/05/1976",4.85,12.2
"26/05/1976",0.86,11.3
"27/05/1976",0.07,12
"28/05/1976",4.8,14
"29/05/1976",2.87,13.2
"30/05/1976",1.37,11.4
"31/05/1976",2.71,13.4
"1/06/1976",1.15,13.3
"2/06/1976",1.29,12.9
"3/06/1976",0.01,11.8
"4/06/1976",0.03,13.3
"5/06/1976",0.38,15
"6/06/1976",0,17.7
"7/06/1976",0,17.7
"8/06/1976",0,20
"9/06/1976",0.39,19.3
"10/06/1976",0.14,14.5
"11/06/1976",0.74,14.1
"12/06/1976",0.1,15.4
"13/06/1976",0.08,16.5
"14/06/1976",0.08,16.9
"15/06/1976",0.55,16.5
"16/06/1976",2.57,14.5
"17/06/1976",0.59,14.2
"18/06/1976",1.61,15.1
"19/06/1976",8.68,12.4
"20/06/1976",0.29,14.3
"21/06/1976",0.01,14
"22/06/1976",0,18.3
"23/06/1976",0,20.7
"24/06/1976",0,19.2
"25/06/1976",0,21
"26/06/1976",0,22.3
"27/06/1976",0,22.5
"28/06/1976",0,22.6
"29/06/1976",0,22.4
"30/06/1976",0,22.1
"1/07/1976",0,22.9
"2/07/1976",0,22.8
"3/07/1976",0.98,24.6
"4/07/1976",0.5,24.7
"5/07/1976",0.12,23.9
"6/07/1976",0,23.3
"7/07/1976",0,22.6
"8/07/1976",0.19,21.4
"9/07/1976",1.01,19.4
"10/07/1976",0.02,17.2
"11/07/1976",0.09,19
"12/07/1976",3.78,20.6
"13/07/1976",2.64,18.6
"14/07/1976",0.76,18.2
"15/07/1976",10.85,18.1
"16/07/1976",0.59,18.2
"17/07/1976",0.29,17.1
"18/07/1976",1.24,17.6
"19/07/1976",1.23,19.1
"20/07/1976",3.43,15.9
"21/07/1976",0.22,14.9
"22/07/1976",0.03,15.5
"23/07/1976",0.23,15.3
"24/07/1976",0.1,15.7
"25/07/1976",0.08,16.7
"26/07/1976",0,16.9
"27/07/1976",0,17.5
"28/07/1976",0,16.3
"29/07/1976",0.5,16.3
"30/07/1976",0.97,15.4
"31/07/1976",0.23,13.5
"1/08/1976",0.35,12.6
"2/08/1976",0.52,16
"3/08/1976",0.58,16.7
"4/08/1976",0,15.1
"5/08/1976",0,15.3
"6/08/1976",0,16.8
"7/08/1976",0,17
"8/08/1976",0,17
"9/08/1976",0.24,17.5
"10/08/1976",0,17.8
"11/08/1976",0,18
"12/08/1976",0.4,18.5
"13/08/1976",0.06,19.1
"14/08/1976",0.34,18.7
"15/08/1976",0,18.5
"16/08/1976",0.02,18.6
"17/08/1976",0,18.7
"18/08/1976",0,18.2
"19/08/1976",0,18.2
"20/08/1976",0,19.4
"21/08/1976",0,18.4
"22/08/1976",0,20.3
"23/08/1976",0,19.7
"24/08/1976",0,20.2
"25/08/1976",0,20.5
"26/08/1976",0.06,19.8
"27/08/1976",0.63,16.5
"28/08/1976",5.66,15.8
"29/08/1976",8.6,16.9
"30/08/1976",7.67,15.4
"31/08/1976",0.08,15.8
"1/09/1976",2.2,14.6
"2/09/1976",0.22,11.3
"3/09/1976",0,12.2
"4/09/1976",0,14.8
"5/09/1976",0,13.6
"6/09/1976",0,14.6
"7/09/1976",0,14
"8/09/1976",3.32,14.7
"9/09/1976",2.26,11.2
"10/09/1976",24.02,10.6
"11/09/1976",11.9,11.3
"12/09/1976",0.33,10.6
"13/09/1976",7.33,10.2
"14/09/1976",6.48,10.8
"15/09/1976",1.05,10.6
"16/09/1976",1.75,10.8
"17/09/1976",3.65,11.2
"18/09/1976",0.13,11
"19/09/1976",0.33,13.8
"20/09/1976",2.13,17.1
"21/09/1976",8.7,17
"22/09/1976",6.71,14.2
"23/09/1976",2.03,13.4
"24/09/1976",15.24,14
"25/09/1976",17.24,16.3
"26/09/1976",6.71,17.5
"27/09/1976",4.74,16.4
"28/09/1976",7.08,15.2
"29/09/1976",4.6,14.6
"30/09/1976",10.64,13.6
"1/10/1976",8.41,15.5
"2/10/1976",7.15,12.9
"3/10/1976",10.97,13.5
"4/10/1976",3.21,10.4
"5/10/1976",11.65,10.6
"6/10/1976",8.06,13
"7/10/1976",0.95,13
"8/10/1976",7.78,10.3
"9/10/1976",0.6,12.3
"10/10/1976",5.31,11.7
"11/10/1976",4.16,14.7
"12/10/1976",3.11,12
"13/10/1976",9.31,9
"14/10/1976",16.95,9.8
"15/10/1976",4.48,10.6
"16/10/1976",0.47,9.7
"17/10/1976",7.63,9.7
"18/10/1976",4.18,10.7
"19/10/1976",3.22,10.8
"20/10/1976",2.67,9.8
"21/10/1976",3.93,9.6
"22/10/1976",7.35,9.7
"23/10/1976",2.72,11.1
"24/10/1976",2.33,7.6
"25/10/1976",5.41,8.5
"26/10/1976",1.16,10
"27/10/1976",1.33,9.1
"28/10/1976",2.57,8.5
"29/10/1976",2.85,9
"30/10/1976",0.23,8.9
"31/10/1976",4.12,6.7
"1/11/1976",5.12,8.5
"2/11/1976",2.68,7.2
"3/11/1976",0.7,4.3
"4/11/1976",3.6,5.8
"5/11/1976",3.02,7.8
"6/11/1976",4.72,8.2
"7/11/1976",4.3,7.4
"8/11/1976",3.12,7.5
"9/11/1976",2.49,6.9
"10/11/1976",0.94,4.1
"11/11/1976",5.17,3.6
"12/11/1976",3.42,3.3
"13/11/1976",0.11,3.1
"14/11/1976",1.27,2.5
"15/11/1976",5.65,4.5
"16/11/1976",1,7.9
"17/11/1976",2.6,6.9
"18/11/1976",0.12,8
"19/11/1976",0,7.5
"20/11/1976",0.02,7
"21/11/1976",0.12,6.4
"22/11/1976",0.08,6
"23/11/1976",0.15,4.6
"24/11/1976",0.09,5.3
"25/11/1976",0.33,8.2
"26/11/1976",3.5,8.9
"27/11/1976",7.34,8.5
"28/11/1976",9.71,8
"29/11/1976",10.13,6.3
"30/11/1976",10.22,3.8
"1/12/1976",5.77,2.8
"2/12/1976",1.72,3
"3/12/1976",0.75,-0.6
"4/12/1976",0.55,-2
"5/12/1976",8.6,0.4
"6/12/1976",6.55,2
"7/12/1976",6.76,5.2
"8/12/1976",0.77,5.7
"9/12/1976",0.09,3.9
"10/12/1976",0.34,0.5
"11/12/1976",0.92,0.8
"12/12/1976",0.26,1.2
"13/12/1976",0.24,2.5
"14/12/1976",0.36,2.1
"15/12/1976",1.26,1.2
"16/12/1976",5.11,1.1
"17/12/1976",7.9,1
"18/12/1976",7.55,1.5
"19/12/1976",5.33,2
"20/12/1976",5.41,2.8
"21/12/1976",1.61,3.4
"22/12/1976",1.01,3.9
"23/12/1976",0.1,4.8
"24/12/1976",0.15,3.5
"25/12/1976",0.32,2.1
"26/12/1976",0.11,2.1
"27/12/1976",2.95,2.7
"28/12/1976",0.13,0.4
"29/12/1976",0.31,-1.7
"30/12/1976",6.91,0.7
"31/12/1976",14.18,3.5
"1/01/1977",6.94,2.9
"2/01/1977",0.11,1
"3/01/1977",0.1,-0.2
"4/01/1977",3.85,1.5
"5/01/1977",2.79,4.2
"6/01/1977",0.05,3.2
"7/01/1977",0.09,3.3
"8/01/1977",2.27,5.1
"9/01/1977",3.49,5.8
"10/01/1977",1.38,1.4
"11/01/1977",0.81,0.5
"12/01/1977",1.98,-1.8
"13/01/1977",16.69,-0.4
"14/01/1977",8.1,0.7
"15/01/1977",1.35,2.8
"16/01/1977",0.13,2.4
"17/01/1977",1.91,-1.2
"18/01/1977",2.35,-0.1
"19/01/1977",0.53,3
"20/01/1977",1.73,4.4
"21/01/1977",3.7,7
"22/01/1977",5.06,5.5
"23/01/1977",0.29,5.5
"24/01/1977",5.7,6.2
"25/01/1977",12.25,8.2
"26/01/1977",3.12,6.4
"27/01/1977",9.92,4.8
"28/01/1977",0.56,2.7
"29/01/1977",0.01,0.9
"30/01/1977",1.53,-0.8
"31/01/1977",4.06,1.4
"1/02/1977",3.65,1.3
"2/02/1977",9.46,3.1
"3/02/1977",2.29,6.6
"4/02/1977",6.69,5.3
"5/02/1977",6.06,6.7
"6/02/1977",5.54,7.2
"7/02/1977",2.93,7.8
"8/02/1977",1.21,7.4
"9/02/1977",16.42,6.8
"10/02/1977",10.37,7.2
"11/02/1977",2.6,6.7
"12/02/1977",2.07,4.3
"13/02/1977",0.94,5.7
"14/02/1977",0.15,5.2
"15/02/1977",5,3.1
"16/02/1977",1.76,4.5
"17/02/1977",7.16,5.7
"18/02/1977",10.63,6.5
"19/02/1977",9.62,5.4
"20/02/1977",6.35,4.9
"21/02/1977",4.28,5.9
"22/02/1977",7.52,6.8
"23/02/1977",7.19,6.4
"24/02/1977",6.53,4.8
"25/02/1977",1.59,3.8
"26/02/1977",0.04,2
"27/02/1977",0.16,1.5
"28/02/1977",5,2.1
"1/03/1977",2.03,5
"2/03/1977",1.92,10.6
"3/03/1977",0.54,9.9
"4/03/1977",0.05,9.1
"5/03/1977",0.03,7.7
"6/03/1977",0,6.6
"7/03/1977",0.98,8.4
"8/03/1977",0,8.2
"9/03/1977",0.79,10.3
"10/03/1977",1.91,7
"11/03/1977",1.48,8.9
"12/03/1977",1.44,7
"13/03/1977",7.52,6.7
"14/03/1977",2.3,6.8
"15/03/1977",9.56,7.1
"16/03/1977",3.62,8.7
"17/03/1977",3.36,9
"18/03/1977",3.44,8.3
"19/03/1977",3.08,7.7
"20/03/1977",4.11,6.8
"21/03/1977",1.88,5.4
"22/03/1977",1.77,5.1
"23/03/1977",1.58,6.6
"24/03/1977",0.06,6.8
"25/03/1977",0.67,5.7
"26/03/1977",7.13,6.3
"27/03/1977",2.37,5.1
"28/03/1977",0.45,2.4
"29/03/1977",0.21,2.3
"30/03/1977",3.01,2.7
"31/03/1977",8.31,4.9
"1/04/1977",2.93,7.2
"2/04/1977",0.75,6.5
"3/04/1977",1.69,5.1
"4/04/1977",0.04,4.5
"5/04/1977",0.4,6.4
"6/04/1977",1.36,8.1
"7/04/1977",0.67,4
"8/04/1977",0.73,2.9
"9/04/1977",0.79,3.5
"10/04/1977",0.87,4.2
"11/04/1977",1.68,7.3
"12/04/1977",1.49,10
"13/04/1977",0.84,10
"14/04/1977",0.14,7.4
"15/04/1977",0,6.2
"16/04/1977",0.6,6.2
"17/04/1977",0.02,6.7
"18/04/1977",0.64,4.1
"19/04/1977",1.77,6.6
"20/04/1977",2.19,8.3
"21/04/1977",3.64,10.5
"22/04/1977",2.59,11.7
"23/04/1977",4.41,9.8
"24/04/1977",0.76,8.5
"25/04/1977",4.71,10.3
"26/04/1977",6.4,9.6
"27/04/1977",1.79,8.2
"28/04/1977",4.81,7.4
"29/04/1977",2.92,8.4
"30/04/1977",0.94,7.3
"1/05/1977",3.49,7.7
"2/05/1977",11.97,8.9
"3/05/1977",4.21,8.8
"4/05/1977",1.28,7.1
"5/05/1977",2.11,9.2
"6/05/1977",3.1,7.5
"7/05/1977",3.81,9.1
"8/05/1977",0.81,9.6
"9/05/1977",2.56,8.5
"10/05/1977",0.67,12.2
"11/05/1977",5.97,12.1
"12/05/1977",5.77,10.3
"13/05/1977",1.19,7.8
"14/05/1977",1.08,7.1
"15/05/1977",1.5,7.9
"16/05/1977",0.2,9.1
"17/05/1977",0,8.7
"18/05/1977",0,10.3
"19/05/1977",0.03,10.5
"20/05/1977",0.05,12.2
"21/05/1977",0,13.1
"22/05/1977",0,13
"23/05/1977",0,13.2
"24/05/1977",0.18,13.5
"25/05/1977",0.86,13.5
"26/05/1977",0.03,16.1
"27/05/1977",0,14.4
"28/05/1977",0,14.9
"29/05/1977",0.1,12.7
"30/05/1977",0,9.9
"31/05/1977",0,9.5
"1/06/1977",0,11.1
"2/06/1977",0,13.1
"3/06/1977",0.07,15.2
"4/06/1977",2.83,13.4
"5/06/1977",1.05,12.9
"6/06/1977",7.52,10.5
"7/06/1977",2.68,10.1
"8/06/1977",0.77,11
"9/06/1977",8.33,10.3
"10/06/1977",15.08,10.2
"11/06/1977",4.01,10.7
"12/06/1977",10.34,11.3
"13/06/1977",12.21,12.2
"14/06/1977",4.14,12.5
"15/06/1977",0.33,11.8
"16/06/1977",0.66,12.5
"17/06/1977",1.33,10.1
"18/06/1977",0.75,10.5
"19/06/1977",0.08,11.2
"20/06/1977",0,10.3
"21/06/1977",0,11.1
"22/06/1977",0,13.8
"23/06/1977",0,14.1
"24/06/1977",1.01,13.9
"25/06/1977",1.27,14.6
"26/06/1977",0.4,13.2
"27/06/1977",2.86,13.3
"28/06/1977",3.28,13.9
"29/06/1977",0.22,13.2
"30/06/1977",3.29,14.7
"1/07/1977",1.92,15.4
"2/07/1977",0.14,17
"3/07/1977",0,17.9
"4/07/1977",0,19.7
"5/07/1977",0.06,20
"6/07/1977",0,19.4
"7/07/1977",0,19.6
"8/07/1977",0.59,17.7
"9/07/1977",0.32,17
"10/07/1977",0.02,16.5
"11/07/1977",1.15,15.2
"12/07/1977",0.32,15.1
"13/07/1977",0.1,13.9
"14/07/1977",0,13.6
"15/07/1977",0.54,12.8
"16/07/1977",0.18,15.2
"17/07/1977",5.65,14.8
"18/07/1977",1.02,15.8
"19/07/1977",1.77,15.5
"20/07/1977",0.52,14.5
"21/07/1977",0.99,14.4
"22/07/1977",0.53,16.9
"23/07/1977",1.36,18.7
"24/07/1977",2.45,16.1
"25/07/1977",2.54,14.1
"26/07/1977",0.7,13.9
"27/07/1977",0.34,13.9
"28/07/1977",0.53,13.3
"29/07/1977",0,14.2
"30/07/1977",0,14.7
"31/07/1977",0,16.1
"1/08/1977",0.1,17
"2/08/1977",0.41,17.8
"3/08/1977",0.16,17.1
"4/08/1977",3.07,15.1
"5/08/1977",2.74,16.3
"6/08/1977",4.9,12.6
"7/08/1977",1.64,14.1
"8/08/1977",0.41,14.2
"9/08/1977",0,15.3
"10/08/1977",0,15.3
"11/08/1977",0,16.5
"12/08/1977",0.02,15
"13/08/1977",0.68,16
"14/08/1977",3.35,16.3
"15/08/1977",0.93,17.5
"16/08/1977",16.51,18.1
"17/08/1977",8.89,15.1
"18/08/1977",6.13,13.6
"19/08/1977",7.61,13.2
"20/08/1977",1.55,15.4
"21/08/1977",3.62,15.7
"22/08/1977",1.21,15.9
"23/08/1977",4.79,14.1
"24/08/1977",19.29,14
"25/08/1977",6.1,15.4
"26/08/1977",2.68,15.5
"27/08/1977",3.74,13.5
"28/08/1977",0.03,12.6
"29/08/1977",1.62,14.7
"30/08/1977",2.86,14.9
"31/08/1977",2.24,14.2
"1/09/1977",5.82,14.5
"2/09/1977",2.61,14.6
"3/09/1977",0.08,13.2
"4/09/1977",2.72,11.9
"5/09/1977",1.29,16
"6/09/1977",0.86,16.6
"7/09/1977",0.83,13
"8/09/1977",2.1,12.8
"9/09/1977",1.5,11.3
"10/09/1977",1.26,13.8
"11/09/1977",0.36,17.9
"12/09/1977",0,14.1
"13/09/1977",0,11.7
"14/09/1977",0,13.1
"15/09/1977",0.21,15.2
"16/09/1977",0.03,12.1
"17/09/1977",0,9.9
"18/09/1977",0.08,10.2
"19/09/1977",0.19,10.5
"20/09/1977",0.11,10.3
"21/09/1977",0.21,10.6
"22/09/1977",0.06,10.9
"23/09/1977",1.37,12.5
"24/09/1977",3.77,13.2
"25/09/1977",2.83,15.1
"26/09/1977",1.04,14
"27/09/1977",2.03,15.8
"28/09/1977",0.4,15.5
"29/09/1977",1.95,13.9
"30/09/1977",6.88,14.6
"1/10/1977",1.81,10.8
"2/10/1977",0.03,10.7
"3/10/1977",8.27,10.2
"4/10/1977",2.66,13
"5/10/1977",5.73,10.4
"6/10/1977",4.89,12.3
"7/10/1977",1.79,12.3
"8/10/1977",4.05,10.1
"9/10/1977",2.73,11.5
"10/10/1977",0.01,12.1
"11/10/1977",1.75,9.5
"12/10/1977",0.31,11.8
"13/10/1977",0,10.7
"14/10/1977",0,11.7
"15/10/1977",0,11.3
"16/10/1977",0.04,11.6
"17/10/1977",0.04,12.2
"18/10/1977",0.48,12.7
"19/10/1977",1.99,14.4
"20/10/1977",6.36,14.2
"21/10/1977",3.55,15.2
"22/10/1977",1,14.5
"23/10/1977",2.63,12.4
"24/10/1977",2.8,12.5
"25/10/1977",0,11.8
"26/10/1977",0.18,8.8
"27/10/1977",1.06,11.8
"28/10/1977",0.12,9.4
"29/10/1977",0.43,11.4
"30/10/1977",11.81,11.2
"31/10/1977",4.02,11.8
"1/11/1977",17.87,9.2
"2/11/1977",5.53,9.6
"3/11/1977",1.87,10.1
"4/11/1977",3.89,8.2
"5/11/1977",5.78,10.2
"6/11/1977",1.48,9.6
"7/11/1977",7,10.3
"8/11/1977",6.44,9.7
"9/11/1977",4.66,12.1
"10/11/1977",1.95,13.4
"11/11/1977",7.54,12.6
"12/11/1977",4.37,7.2
"13/11/1977",2.77,7.6
"14/11/1977",4.24,7.9
"15/11/1977",1.63,5.4
"16/11/1977",3.85,5
"17/11/1977",1.14,2.8
"18/11/1977",0.8,4
"19/11/1977",8.87,5
"20/11/1977",2.43,5.1
"21/11/1977",3.44,2.9
"22/11/1977",0.59,4.5
"23/11/1977",9.09,6
"24/11/1977",0.72,5.9
"25/11/1977",0.53,4
"26/11/1977",0.2,2.5
"27/11/1977",0.51,2.2
"28/11/1977",0.03,2.1
"29/11/1977",0.08,1.5
"30/11/1977",0.77,0.9
"1/12/1977",0.39,2.7
"2/12/1977",0.27,2.9
"3/12/1977",0.88,1.2
"4/12/1977",0.97,2.2
"5/12/1977",2.06,2.8
"6/12/1977",4.46,3.6
"7/12/1977",18.35,5.1
"8/12/1977",3.04,6.4
"9/12/1977",12.28,7.4
"10/12/1977",9.05,8.4
"11/12/1977",4.15,9.2
"12/12/1977",2.01,9
"13/12/1977",0.44,8.6
"14/12/1977",0.03,7.7
"15/12/1977",0,7.3
"16/12/1977",0.13,6.4
"17/12/1977",7,6.5
"18/12/1977",1.67,6.9
"19/12/1977",0.11,6
"20/12/1977",0.09,3.8
"21/12/1977",4.14,5.4
"22/12/1977",6.13,6.5
"23/12/1977",4.59,11.3
"24/12/1977",1,10.1
"25/12/1977",2.61,8.7
"26/12/1977",5.67,7.5
"27/12/1977",3.17,4.5
"28/12/1977",0.72,3.5
"29/12/1977",1.07,5.3
"30/12/1977",0.57,5.2
"31/12/1977",0.34,6.6
"1/01/1978",0.57,7
"2/01/1978",5.36,7.2
"3/01/1978",3.72,5
"4/01/1978",1.16,2.8
"5/01/1978",0.06,3.4
"6/01/1978",0.01,6.1
"7/01/1978",0.01,4.3
"8/01/1978",1.42,4.5
"9/01/1978",2.48,5.4
"10/01/1978",12.74,3.8
"11/01/1978",7.82,3
"12/01/1978",0.51,0.1
"13/01/1978",0.13,1.8
"14/01/1978",0.07,3.2
"15/01/1978",0.48,4
"16/01/1978",5.36,2.4
"17/01/1978",0.59,1.8
"18/01/1978",6.38,-1.7
"19/01/1978",3.1,0
"20/01/1978",1.06,2.1
"21/01/1978",6.09,2.8
"22/01/1978",3.02,3.1
"23/01/1978",11.45,4.7
"24/01/1978",0.29,5.6
"25/01/1978",3.92,4.6
"26/01/1978",3.01,2.7
"27/01/1978",14.19,3.8
"28/01/1978",7.95,3.7
"29/01/1978",3.55,3.3
"30/01/1978",1.69,2.9
"31/01/1978",4.92,1
"1/02/1978",8.88,4.6
"2/02/1978",1.68,4.9
"3/02/1978",6.13,2.3
"4/02/1978",8.67,3.8
"5/02/1978",2.41,5.5
"6/02/1978",1.32,5.1
"7/02/1978",0.4,3.4
"8/02/1978",0.89,1.5
"9/02/1978",0.77,-1
"10/02/1978",0.65,-1.7
"11/02/1978",2.02,-3.3
"12/02/1978",2.13,-2.3
"13/02/1978",1.11,-0.2
"14/02/1978",0.35,0.1
"15/02/1978",3.53,0
"16/02/1978",2.94,0.9
"17/02/1978",0.12,0.8
"18/02/1978",4.89,-1.5
"19/02/1978",2.44,-0.3
"20/02/1978",2.01,-0.2
"21/02/1978",2.77,1.7
"22/02/1978",5.54,4
"23/02/1978",3.53,8
"24/02/1978",3.87,8.8
"25/02/1978",7.15,8.8
"26/02/1978",2.99,8
"27/02/1978",2.63,8.5
"28/02/1978",4.34,7.5
"1/03/1978",2.13,8.9
"2/03/1978",5.2,6.4
"3/03/1978",0.63,7.7
"4/03/1978",0,5.7
"5/03/1978",0,3.5
"6/03/1978",0.05,4.6
"7/03/1978",1.65,6.2
"8/03/1978",0.04,8.5
"9/03/1978",0.89,5.5
"10/03/1978",0.18,9.6
"11/03/1978",1.35,10.5
"12/03/1978",1.95,8.7
"13/03/1978",5.8,6.5
"14/03/1978",4.94,8.5
"15/03/1978",6.89,7.6
"16/03/1978",2.76,3.3
"17/03/1978",0.17,3.1
"18/03/1978",0.38,3.6
"19/03/1978",6.65,6.3
"20/03/1978",7.05,5.9
"21/03/1978",1.15,4.8
"22/03/1978",5.99,7.2
"23/03/1978",2.03,5.2
"24/03/1978",1.03,6.2
"25/03/1978",4.56,8.3
"26/03/1978",3.67,6.4
"27/03/1978",3.29,8.8
"28/03/1978",5.64,8.6
"29/03/1978",1.3,8.7
"30/03/1978",0.99,7.1
"31/03/1978",6.31,6.1
"1/04/1978",2.67,8.4
"2/04/1978",1.53,9.7
"3/04/1978",0.35,6.5
"4/04/1978",0.02,6.9
"5/04/1978",0,6.7
"6/04/1978",0,6.2
"7/04/1978",0,5
"8/04/1978",0,6.2
"9/04/1978",0.76,6
"10/04/1978",2.12,1.9
"11/04/1978",3.78,1.3
"12/04/1978",1.97,4.2
"13/04/1978",6.93,3.2
"14/04/1978",0.47,4.3
"15/04/1978",0.03,4.6
"16/04/1978",0,5.4
"17/04/1978",3.09,7.1
"18/04/1978",0.96,5.8
"19/04/1978",5.84,7.5
"20/04/1978",3.92,9.5
"21/04/1978",0.62,8
"22/04/1978",0,10.3
"23/04/1978",0,9.9
"24/04/1978",0.49,9.9
"25/04/1978",3.48,6.9
"26/04/1978",4.44,5.1
"27/04/1978",2.27,5.5
"28/04/1978",1.76,6.4
"29/04/1978",4.38,8
"30/04/1978",2.5,8.6
"1/05/1978",6.87,7.6
"2/05/1978",5.18,7.7
"3/05/1978",1.22,11.1
"4/05/1978",5.22,12.3
"5/05/1978",15.72,8.7
"6/05/1978",0.39,10.7
"7/05/1978",0.48,12.6
"8/05/1978",0.58,10.8
"9/05/1978",0.03,11.8
"10/05/1978",0.06,10.9
"11/05/1978",2.54,11.8
"12/05/1978",2.38,8.8
"13/05/1978",2.01,9.1
"14/05/1978",2.65,9
"15/05/1978",0.96,10.3
"16/05/1978",0.27,10.6
"17/05/1978",0,11.3
"18/05/1978",0,9.8
"19/05/1978",0,9.8
"20/05/1978",0,11.7
"21/05/1978",0.16,10.8
"22/05/1978",0.11,12.5
"23/05/1978",0.17,12.1
"24/05/1978",0.01,12.2
"25/05/1978",0,12.2
"26/05/1978",0,12.8
"27/05/1978",0,14.7
"28/05/1978",0,16.1
"29/05/1978",0,16
"30/05/1978",0,17.1
"31/05/1978",0.54,19.4
"1/06/1978",2.27,19.6
"2/06/1978",0,17.1
"3/06/1978",1.33,18.3
"4/06/1978",3.88,18.9
"5/06/1978",0.44,15.4
"6/06/1978",0.39,15.6
"7/06/1978",4.76,12.2
"8/06/1978",0.34,13.5
"9/06/1978",0,12.4
"10/06/1978",0,12
"11/06/1978",0.05,13.6
"12/06/1978",0.02,12.3
"13/06/1978",0.03,9.6
"14/06/1978",0.55,11.3
"15/06/1978",9.22,10.2
"16/06/1978",4.63,12.5
"17/06/1978",0.06,14.3
"18/06/1978",0,14.1
"19/06/1978",0.03,14.6
"20/06/1978",0.83,15
"21/06/1978",7.36,13.2
"22/06/1978",5.92,12.7
"23/06/1978",4.9,11
"24/06/1978",1.36,10.9
"25/06/1978",1.91,12.2
"26/06/1978",0.67,12
"27/06/1978",2.29,11.9
"28/06/1978",1.55,15.4
"29/06/1978",5.89,14.3
"30/06/1978",1.42,13.8
"1/07/1978",4.61,12.5
"2/07/1978",3.61,14.5
"3/07/1978",6.24,12.6
"4/07/1978",4.77,11.9
"5/07/1978",0.34,11.7
"6/07/1978",0.27,12.4
"7/07/1978",1.12,12.9
"8/07/1978",3.98,13.5
"9/07/1978",0.4,15.5
"10/07/1978",1.4,14.3
"11/07/1978",0.39,13.7
"12/07/1978",0.55,15.4
"13/07/1978",0,16.3
"14/07/1978",0,16.7
"15/07/1978",0,15.2
"16/07/1978",0,14.5
"17/07/1978",0.11,15.5
"18/07/1978",0.11,15.1
"19/07/1978",0.63,15
"20/07/1978",0.44,13.8
"21/07/1978",0.06,14.8
"22/07/1978",3.57,15.1
"23/07/1978",5.35,15.2
"24/07/1978",0.02,15.8
"25/07/1978",6.16,14.2
"26/07/1978",0.84,16.4
"27/07/1978",5.62,17.7
"28/07/1978",0.01,18.7
"29/07/1978",6.1,17.3
"30/07/1978",6,16.6
"31/07/1978",21.19,15.5
"1/08/1978",4.96,16.4
"2/08/1978",8.34,15.7
"3/08/1978",2.67,15.8
"4/08/1978",2.34,15.7
"5/08/1978",4.42,15.8
"6/08/1978",4.1,14.4
"7/08/1978",4.46,14.9
"8/08/1978",3.99,13.4
"9/08/1978",3.34,14.5
"10/08/1978",0.01,14.4
"11/08/1978",2.12,14.9
"12/08/1978",2.9,15.1
"13/08/1978",1.78,14.9
"14/08/1978",3.58,16.2
"15/08/1978",3.05,16
"16/08/1978",1.15,15.3
"17/08/1978",0,14.2
"18/08/1978",0,15.7
"19/08/1978",1.45,16.7
"20/08/1978",0.34,17
"21/08/1978",1.71,16.5
"22/08/1978",1.59,16.5
"23/08/1978",0,14.2
"24/08/1978",0.01,14.7
"25/08/1978",0,15.3
"26/08/1978",0,14
"27/08/1978",0.01,13.9
"28/08/1978",0.05,15.6
"29/08/1978",1.23,14.3
"30/08/1978",1.13,13.8
"31/08/1978",2.77,10.4
"1/09/1978",0.16,13.2
"2/09/1978",0.17,12.8
"3/09/1978",0.42,13.3
"4/09/1978",0.46,14.2
"5/09/1978",6.46,13.9
"6/09/1978",3.9,15.7
"7/09/1978",0.19,15.8
"8/09/1978",1.97,14.3
"9/09/1978",1.32,16.8
"10/09/1978",3,19
"11/09/1978",0.81,16
"12/09/1978",0.25,14.1
"13/09/1978",6.87,16.7
"14/09/1978",0.14,14.1
"15/09/1978",0.05,14.7
"16/09/1978",0.2,15.4
"17/09/1978",0,14
"18/09/1978",0,11.8
"19/09/1978",0,12.8
"20/09/1978",0.03,12.5
"21/09/1978",0.06,15.1
"22/09/1978",0.04,15.3
"23/09/1978",0.25,15.4
"24/09/1978",1.78,17
"25/09/1978",0.62,14.4
"26/09/1978",2.66,12.1
"27/09/1978",8.31,12.8
"28/09/1978",8.03,12.2
"29/09/1978",4.59,12
"30/09/1978",2.5,9.9
"1/10/1978",0.25,11.8
"2/10/1978",2.37,8.7
"3/10/1978",0.24,10.7
"4/10/1978",0.14,10.6
"5/10/1978",0.01,13
"6/10/1978",0.03,14.6
"7/10/1978",0,12.4
"8/10/1978",0.34,13.8
"9/10/1978",1.3,14.4
"10/10/1978",0.39,15.4
"11/10/1978",0.07,17.6
"12/10/1978",0,16.5
"13/10/1978",0.07,12
"14/10/1978",1.36,11.7
"15/10/1978",2.26,12.8
"16/10/1978",1.88,10.2
"17/10/1978",1.09,9.4
"18/10/1978",0.04,6.7
"19/10/1978",0.14,9.4
"20/10/1978",0.45,12.1
"21/10/1978",0.54,9.8
"22/10/1978",0.31,11.8
"23/10/1978",0.14,9.8
"24/10/1978",1.08,12.5
"25/10/1978",1.06,14
"26/10/1978",0.04,13.6
"27/10/1978",0,11.5
"28/10/1978",0,9.9
"29/10/1978",0.04,8.9
"30/10/1978",0.06,10.7
"31/10/1978",1.5,12.2
"1/11/1978",0.6,11.5
"2/11/1978",0.95,12.8
"3/11/1978",0.27,9
"4/11/1978",0.06,11.4
"5/11/1978",0.03,11.7
"6/11/1978",0.02,10.2
"7/11/1978",0.25,11.2
"8/11/1978",0.06,12.3
"9/11/1978",0,8.2
"10/11/1978",0.12,8.2
"11/11/1978",0.08,8.5
"12/11/1978",7.06,10
"13/11/1978",0.95,8.9
"14/11/1978",3.43,10.4
"15/11/1978",6.76,12.6
"16/11/1978",1.68,8.4
"17/11/1978",2.54,10.4
"18/11/1978",9.9,12.2
"19/11/1978",5.2,12.4
"20/11/1978",1.85,7.1
"21/11/1978",1.82,9
"22/11/1978",0.72,12
"23/11/1978",4.31,11.6
"24/11/1978",4.05,9.7
"25/11/1978",1.25,4
"26/11/1978",0.13,2.5
"27/11/1978",0.58,-0.4
"28/11/1978",0.33,-0.2
"29/11/1978",0.74,-0.4
"30/11/1978",0.47,-0.8
"1/12/1978",3.94,-1.2
"2/12/1978",1.76,1.8
"3/12/1978",7.99,4
"4/12/1978",0.3,6.2
"5/12/1978",0.06,1.5
"6/12/1978",0.54,1.3
"7/12/1978",13.17,4
"8/12/1978",8.82,6
"9/12/1978",7.45,9.8
"10/12/1978",9.45,10.3
"11/12/1978",6.29,11.4
"12/12/1978",11.24,9.5
"13/12/1978",7.66,7
"14/12/1978",6.56,5.5
"15/12/1978",2.94,4.8
"16/12/1978",0.67,4.3
"17/12/1978",0.15,2.4
"18/12/1978",0,-0.1
"19/12/1978",0.06,-2.4
"20/12/1978",3.65,-1.8
"21/12/1978",3.22,0
"22/12/1978",0.91,0.3
"23/12/1978",8.64,1.1
"24/12/1978",9.89,3.4
"25/12/1978",5.39,6.2
"26/12/1978",6.51,7
"27/12/1978",18.42,8.1
"28/12/1978",14.6,8.5
"29/12/1978",5.64,6.1
"30/12/1978",5.46,0.8
"31/12/1978",1.42,-3.5
"1/01/1979",1.97,-3.8
"2/01/1979",0.19,-2.7
"3/01/1979",0,-3.5
"4/01/1979",0.06,-2.5
"5/01/1979",0.06,-3.5
"6/01/1979",3.04,-0.9
"7/01/1979",3.6,1.7
"8/01/1979",1.64,5.4
"9/01/1979",9.67,3.1
"10/01/1979",3.09,2.2
"11/01/1979",1.06,2.1
"12/01/1979",0.06,0.3
"13/01/1979",0.49,-3.9
"14/01/1979",1.86,-2.6
"15/01/1979",0.36,2.6
"16/01/1979",3.21,4.2
"17/01/1979",3.06,1.3
"18/01/1979",0.66,0.8
"19/01/1979",14.25,0.2
"20/01/1979",3.36,1
"21/01/1979",0.28,-0.6
"22/01/1979",5.6,-1
"23/01/1979",2.09,-0.5
"24/01/1979",3.78,-1.4
"25/01/1979",6.95,-1.3
"26/01/1979",0.48,-1.2
"27/01/1979",0.87,-4.2
"28/01/1979",5.49,-4.3
"29/01/1979",3.49,-1
"30/01/1979",0.51,1
"31/01/1979",8.37,1.5
"1/02/1979",13.21,4.3
"2/02/1979",0.22,0.8
"3/02/1979",0.81,1.6
"4/02/1979",1.29,1.4
"5/02/1979",0.09,2.2
"6/02/1979",10.59,-0.1
"7/02/1979",1.45,0.7
"8/02/1979",1.82,0.2
"9/02/1979",2.7,0.8
"10/02/1979",1.78,1.1
"11/02/1979",4.82,1.5
"12/02/1979",6.08,0.8
"13/02/1979",6.62,1.9
"14/02/1979",2.25,-1.2
"15/02/1979",2.78,-3.4
"16/02/1979",0.38,-2.1
"17/02/1979",0.26,-1.4
"18/02/1979",1.65,-0.9
"19/02/1979",0.17,0.3
"20/02/1979",0.02,1.9
"21/02/1979",2.55,1.8
"22/02/1979",0.7,3.9
"23/02/1979",0,4.9
"24/02/1979",0,2.6
"25/02/1979",0.02,1.3
"26/02/1979",0.2,2.2
"27/02/1979",8.77,3.8
"28/02/1979",1.52,2.9
"1/03/1979",2.32,4.4
"2/03/1979",1.03,7
"3/03/1979",6.15,9.8
"4/03/1979",0.05,6.1
"5/03/1979",0.1,5.4
"6/03/1979",7.7,5.3
"7/03/1979",0.67,4.3
"8/03/1979",11.13,5.4
"9/03/1979",3.06,5.6
"10/03/1979",5.63,5.5
"11/03/1979",2.5,6.4
"12/03/1979",1.97,6.8
"13/03/1979",7.48,4.1
"14/03/1979",0.89,3.5
"15/03/1979",2.43,1.5
"16/03/1979",10.22,0.3
"17/03/1979",3.62,1.1
"18/03/1979",4,2.9
"19/03/1979",1.63,2.8
"20/03/1979",4.14,4.7
"21/03/1979",2.81,3.4
"22/03/1979",1.16,3.4
"23/03/1979",0,3.9
"24/03/1979",12.41,4.4
"25/03/1979",5.53,7.9
"26/03/1979",7.15,4.9
"27/03/1979",7.7,4.9
"28/03/1979",10.48,3.9
"29/03/1979",2.06,4.3
"30/03/1979",0.64,5.3
"31/03/1979",0.36,6.4
"1/04/1979",2.18,7
"2/04/1979",2.55,4.5
"3/04/1979",1.35,2.7
"4/04/1979",1.21,2.9
"5/04/1979",1.25,3.6
"6/04/1979",2.02,3.3
"7/04/1979",12.05,4.5
"8/04/1979",5.29,5.4
"9/04/1979",6.14,7.3
"10/04/1979",5.03,9.3
"11/04/1979",2.44,11.9
"12/04/1979",3.89,9.4
"13/04/1979",0.24,10.4
"14/04/1979",0.05,14
"15/04/1979",0,12
"16/04/1979",0,9.3
"17/04/1979",0,6.8
"18/04/1979",0,7.4
"19/04/1979",1.64,9.1
"20/04/1979",0.72,9.7
"21/04/1979",0.25,8.9
"22/04/1979",5.62,8.8
"23/04/1979",5.94,9.3
"24/04/1979",2.04,8.1
"25/04/1979",2.42,7.6
"26/04/1979",0.63,7.5
"27/04/1979",2.24,8.3
"28/04/1979",0.65,9
"29/04/1979",0.95,8.2
"30/04/1979",1.15,6.5
"1/05/1979",8,4.4
"2/05/1979",1.65,3.8
"3/05/1979",2.07,4.7
"4/05/1979",0.86,4.5
"5/05/1979",0.97,4
"6/05/1979",3.63,6
"7/05/1979",2.56,8.2
"8/05/1979",1.8,10.2
"9/05/1979",0.8,9.5
"10/05/1979",14.47,8.8
"11/05/1979",0.62,12.4
"12/05/1979",0.07,14.3
"13/05/1979",0,15.5
"14/05/1979",0.03,15.9
"15/05/1979",0.11,16.2
"16/05/1979",3.27,13.5
"17/05/1979",5.16,10
"18/05/1979",1.7,10.5
"19/05/1979",0.3,9.3
"20/05/1979",14.63,9.4
"21/05/1979",5.12,10.6
"22/05/1979",6.74,9.9
"23/05/1979",2.51,10.2
"24/05/1979",2.52,9.5
"25/05/1979",4.91,8.9
"26/05/1979",10.54,9.1
"27/05/1979",2.32,10.5
"28/05/1979",7.65,10.7
"29/05/1979",0.68,14.2
"30/05/1979",13.38,12
"31/05/1979",0.04,12.2
"1/06/1979",1.14,12.1
"2/06/1979",0.14,13.5
"3/06/1979",0.07,14
"4/06/1979",0.28,15
"5/06/1979",0.6,15.4
"6/06/1979",2.41,11.9
"7/06/1979",3.89,11.7
"8/06/1979",1.5,12
"9/06/1979",0.23,14.3
"10/06/1979",0.97,15
"11/06/1979",0.08,14
"12/06/1979",4.06,14
"13/06/1979",5.06,14.2
"14/06/1979",3.07,12.9
"15/06/1979",1.58,11.2
"16/06/1979",0,13.3
"17/06/1979",0,15.8
"18/06/1979",0,16.7
"19/06/1979",0,17.7
"20/06/1979",0,18.8
"21/06/1979",1.42,15.9
"22/06/1979",0.14,13.5
"23/06/1979",4.76,13.2
"24/06/1979",6.19,12.1
"25/06/1979",0.49,12.6
"26/06/1979",0.08,12.5
"27/06/1979",0.15,13.8
"28/06/1979",0.21,14.8
"29/06/1979",0.3,13.3
"30/06/1979",0,13
"1/07/1979",0,12.9
"2/07/1979",0,14.3
"3/07/1979",0,14.5
"4/07/1979",0,16.3
"5/07/1979",0,16.1
"6/07/1979",0.09,17.5
"7/07/1979",0.11,16.3
"8/07/1979",1.24,16.6
"9/07/1979",0,16.2
"10/07/1979",0,14.9
"11/07/1979",0.03,16.8
"12/07/1979",0.06,17.4
"13/07/1979",0.06,16.7
"14/07/1979",0.11,14.9
"15/07/1979",0.46,15.9
"16/07/1979",0.33,16.3
"17/07/1979",0.84,18.6
"18/07/1979",0.22,16.7
"19/07/1979",0.13,14.1
"20/07/1979",0.52,15.1
"21/07/1979",0.69,14.1
"22/07/1979",0,12.7
"23/07/1979",0.24,14.9
"24/07/1979",1.06,15.7
"25/07/1979",0.4,17.7
"26/07/1979",0.02,18.1
"27/07/1979",0.24,19.3
"28/07/1979",9.37,19.2
"29/07/1979",5.13,19
"30/07/1979",9.28,16.5
"31/07/1979",3.51,16.1
"1/08/1979",3.24,16.1
"2/08/1979",1.71,15.9
"3/08/1979",1.09,15.5
"4/08/1979",0.01,15.8
"5/08/1979",0.55,15.9
"6/08/1979",1.67,17.4
"7/08/1979",5.45,17.5
"8/08/1979",15.04,14.4
"9/08/1979",2.64,13.9
"10/08/1979",1.67,13.6
"11/08/1979",0.66,17.4
"12/08/1979",2.14,19.5
"13/08/1979",16.42,17.2
"14/08/1979",4.78,15.8
"15/08/1979",0.35,14.5
"16/08/1979",12.39,13.4
"17/08/1979",3.56,14.2
"18/08/1979",0.4,15.4
"19/08/1979",0.46,15.2
"20/08/1979",2.41,15.4
"21/08/1979",0.77,15.1
"22/08/1979",1.88,12.8
"23/08/1979",7.26,11.3
"24/08/1979",2.1,12.1
"25/08/1979",1.89,11.9
"26/08/1979",0.32,13.4
"27/08/1979",0.04,12.6
"28/08/1979",0,13
"29/08/1979",0,13.9
"30/08/1979",0,16.3
"31/08/1979",0.1,15.9
"1/09/1979",7.72,17.7
"2/09/1979",3.28,15.9
"3/09/1979",0.28,14.7
"4/09/1979",0,16.1
"5/09/1979",0,15.9
"6/09/1979",0.08,16.5
"7/09/1979",0.26,14.8
"8/09/1979",2.01,15.4
"9/09/1979",0.08,16.2
"10/09/1979",0.01,15.2
"11/09/1979",0.36,15.2
"12/09/1979",0.19,14.6
"13/09/1979",0.07,14
"14/09/1979",0.12,11.2
"15/09/1979",0,9.7
"16/09/1979",0.79,11.7
"17/09/1979",1.74,14.5
"18/09/1979",3.23,15.8
"19/09/1979",6.94,16.1
"20/09/1979",1.23,12.1
"21/09/1979",1.86,10.1
"22/09/1979",0.65,7.5
"23/09/1979",1.34,9.6
"24/09/1979",0.48,10.1
"25/09/1979",2.46,12.5
"26/09/1979",4.2,15.9
"27/09/1979",0,12.9
"28/09/1979",0,10.4
"29/09/1979",0,10.2
"30/09/1979",0.43,11.4
"1/10/1979",0.82,13.3
"2/10/1979",1.2,12.2
"3/10/1979",6.6,13.8
"4/10/1979",0.8,14.6
"5/10/1979",0,10.8
"6/10/1979",5.63,10.5
"7/10/1979",0.93,14.8
"8/10/1979",4.1,15.2
"9/10/1979",7.05,17.3
"10/10/1979",5.77,13.9
"11/10/1979",0.7,13.3
"12/10/1979",4.71,14
"13/10/1979",6.49,13.7
"14/10/1979",0.8,11.9
"15/10/1979",1.2,11.7
"16/10/1979",0.15,11.4
"17/10/1979",2.16,10.5
"18/10/1979",0.46,11.6
"19/10/1979",1.08,12.2
"20/10/1979",0.02,10.2
"21/10/1979",0.32,8.9
"22/10/1979",2.68,8.8
"23/10/1979",1.57,8.4
"24/10/1979",6.88,8.2
"25/10/1979",13.93,10
"26/10/1979",1.34,10.6
"27/10/1979",0,6.4
"28/10/1979",0.96,5.7
"29/10/1979",1.32,7.8
"30/10/1979",6.66,8.8
"31/10/1979",1.96,10.8
"1/11/1979",0.3,9
"2/11/1979",8.17,7.8
"3/11/1979",5.17,11.2
"4/11/1979",3.95,11.4
"5/11/1979",5.1,8.9
"6/11/1979",3.5,9.6
"7/11/1979",8.45,9.1
"8/11/1979",3.21,6.6
"9/11/1979",1.42,5
"10/11/1979",1.04,4.4
"11/11/1979",9.92,5.9
"12/11/1979",0.2,4.2
"13/11/1979",5.74,0.2
"14/11/1979",5.92,1.8
"15/11/1979",5.33,4.2
"16/11/1979",0.71,4.7
"17/11/1979",3.17,4.1
"18/11/1979",0.95,5.9
"19/11/1979",0.1,7.2
"20/11/1979",0.06,2.1
"21/11/1979",0.46,3.1
"22/11/1979",1.68,5.4
"23/11/1979",1.62,8.7
"24/11/1979",2.32,4.8
"25/11/1979",5.74,8
"26/11/1979",7.59,10.5
"27/11/1979",0.28,9.6
"28/11/1979",0.19,10.4
"29/11/1979",0.7,9.5
"30/11/1979",0.72,10.6
"1/12/1979",0.65,11
"2/12/1979",2.95,10.9
"3/12/1979",2.67,9.4
"4/12/1979",7.42,10
"5/12/1979",3.14,10.2
"6/12/1979",2.27,8.9
"7/12/1979",3.86,10.1
"8/12/1979",7.02,10.1
"9/12/1979",15.19,9.7
"10/12/1979",9.87,8.9
"11/12/1979",1.91,6.7
"12/12/1979",8.61,6.1
"13/12/1979",17.74,6.4
"14/12/1979",9.97,6.1
"15/12/1979",1.87,5.8
"16/12/1979",1.43,6.6
"17/12/1979",2.54,5.5
"18/12/1979",3.55,5
"19/12/1979",0.95,3.2
"20/12/1979",0.44,2.5
"21/12/1979",0.67,1.8
"22/12/1979",0.63,-0.2
"23/12/1979",1.58,1.6
"24/12/1979",0.04,2.2
"25/12/1979",1.42,0.9
"26/12/1979",16.44,2.6
"27/12/1979",28.17,7.1
"28/12/1979",3.64,4.4
"29/12/1979",2.01,2.7
"30/12/1979",0.38,2.7
"31/12/1979",0.08,1.6
"1/01/1980",0.38,-1.3
"2/01/1980",2.8,-1.7
"3/01/1980",13.2,2.4
"4/01/1980",1.72,4.6
"5/01/1980",0.62,4.9
"6/01/1980",0.59,5.9
"7/01/1980",0.48,3.9
"8/01/1980",0.14,2.9
"9/01/1980",1.44,1.5
"10/01/1980",0.07,1.4
"11/01/1980",0.22,-0.4
"12/01/1980",0,0.3
"13/01/1980",0.68,-0.9
"14/01/1980",5.96,-1.9
"15/01/1980",0.38,0.1
"16/01/1980",0.12,2.1
"17/01/1980",0.04,2.2
"18/01/1980",0.08,-0.6
"19/01/1980",2.21,0.5
"20/01/1980",9.88,3.2
"21/01/1980",7.52,3.9
"22/01/1980",3.55,4.8
"23/01/1980",1.61,4.4
"24/01/1980",0.67,4.2
"25/01/1980",0.13,4.8
"26/01/1980",0,2.1
"27/01/1980",1.47,0.1
"28/01/1980",1.72,1.4
"29/01/1980",3.51,5
"30/01/1980",9.71,6.5
"31/01/1980",4.5,5.6
"1/02/1980",7.92,2
"2/02/1980",5.09,3.2
"3/02/1980",7.03,4.6
"4/02/1980",13.99,4.5
"5/02/1980",3.02,5.3
"6/02/1980",7.23,5.4
"7/02/1980",11.26,5.9
"8/02/1980",4.66,6.6
"9/02/1980",1.48,9.5
"10/02/1980",0.31,7.4
"11/02/1980",0.27,7.6
"12/02/1980",0.66,6.7
"13/02/1980",0.08,6.6
"14/02/1980",2.9,7.2
"15/02/1980",1.92,8.3
"16/02/1980",0.67,5.9
"17/02/1980",0.14,8
"18/02/1980",1.23,6.9
"19/02/1980",0.12,6.8
"20/02/1980",1.64,5.3
"21/02/1980",5.57,6.1
"22/02/1980",6.37,8
"23/02/1980",0.54,5.4
"24/02/1980",3.1,3.1
"25/02/1980",4.46,3.8
"26/02/1980",0.28,2.7
"27/02/1980",0.01,3
"28/02/1980",0.04,4.2
"29/02/1980",0,6.3
"1/03/1980",0,7.2
"2/03/1980",0.03,6.6
"3/03/1980",0,3
"4/03/1980",0.17,3
"5/03/1980",6.39,3.6
"6/03/1980",7.23,6.4
"7/03/1980",4.15,4.8
"8/03/1980",0.66,5.6
"9/03/1980",3.61,6.6
"10/03/1980",1.68,5
"11/03/1980",4.23,6
"12/03/1980",7.2,7
"13/03/1980",0.67,4.7
"14/03/1980",0.96,3.2
"15/03/1980",0.07,3.1
"16/03/1980",3.73,3.1
"17/03/1980",12.09,3.6
"18/03/1980",6.62,2.8
"19/03/1980",0.49,1.3
"20/03/1980",0.38,1.1
"21/03/1980",0.6,0.4
"22/03/1980",1.1,1.4
"23/03/1980",4.5,2.8
"24/03/1980",5.86,6
"25/03/1980",1.63,6.5
"26/03/1980",7.48,6.3
"27/03/1980",2.24,7.3
"28/03/1980",8.61,7.3
"29/03/1980",0.48,7.2
"30/03/1980",2.47,6.4
"31/03/1980",6.91,7.9
"1/04/1980",6.08,8.5
"2/04/1980",0.56,7.9
"3/04/1980",0,6.6
"4/04/1980",0,6.1
"5/04/1980",0,7.4
"6/04/1980",0,8.4
"7/04/1980",0.04,7.2
"8/04/1980",0.16,6.9
"9/04/1980",0,5.6
"10/04/1980",0,7.3
"11/04/1980",0,8.1
"12/04/1980",0,10.4
"13/04/1980",1.24,12.1
"14/04/1980",0.22,13.3
"15/04/1980",0.03,13.7
"16/04/1980",0.07,12.7
"17/04/1980",0.03,11.1
"18/04/1980",0,11.2
"19/04/1980",0.08,10.7
"20/04/1980",0.11,5.9
"21/04/1980",0.29,6.8
"22/04/1980",0.67,9.2
"23/04/1980",0.46,9.3
"24/04/1980",0.57,9.7
"25/04/1980",0.39,7.8
"26/04/1980",1.19,7
"27/04/1980",0.43,9.7
"28/04/1980",0.19,8.7
"29/04/1980",2.09,7.6
"30/04/1980",2.63,8.4
"1/05/1980",1.26,9.5
"2/05/1980",0.5,9.5
"3/05/1980",0,8.9
"4/05/1980",0,8.9
"5/05/1980",0,7.6
"6/05/1980",0.12,6.9
"7/05/1980",0.37,7.7
"8/05/1980",0.04,7.7
"9/05/1980",0,6.8
"10/05/1980",0,10
"11/05/1980",0.03,12.9
"12/05/1980",0,16
"13/05/1980",0,17
"14/05/1980",0,14.9
"15/05/1980",0,13.3
"16/05/1980",0,13.3
"17/05/1980",0,13.4
"18/05/1980",0,14.1
"19/05/1980",3.93,14.7
"20/05/1980",3.28,11
"21/05/1980",0.07,13.9
"22/05/1980",0.08,10.8
"23/05/1980",0.08,10
"24/05/1980",0,12.2
"25/05/1980",0.4,11.3
"26/05/1980",1.4,12.6
"27/05/1980",1.49,12.4
"28/05/1980",6.47,11.3
"29/05/1980",1.11,9.3
"30/05/1980",5.71,9.4
"31/05/1980",6.28,9.8
"1/06/1980",0.38,12.5
"2/06/1980",1.01,12.7
"3/06/1980",0,17.7
"4/06/1980",0.02,19.9
"5/06/1980",5.91,20.7
"6/06/1980",0.19,13.2
"7/06/1980",1.91,12.5
"8/06/1980",0.82,13
"9/06/1980",1.58,13.4
"10/06/1980",7.24,14.2
"11/06/1980",5.29,13
"12/06/1980",5.3,15.2
"13/06/1980",13.44,16.3
"14/06/1980",12.62,14.6
"15/06/1980",3.77,15.1
"16/06/1980",6.08,13.7
"17/06/1980",3.38,13.2
"18/06/1980",0.47,13.8
"19/06/1980",1.79,13.8
"20/06/1980",1.34,11.5
"21/06/1980",2.71,12.8
"22/06/1980",5.22,11.4
"23/06/1980",5.3,10.2
"24/06/1980",4.32,11.8
"25/06/1980",3.48,12.5
"26/06/1980",4.11,12.8
"27/06/1980",11.15,12
"28/06/1980",0.85,12.8
"29/06/1980",0.1,13.7
"30/06/1980",13.49,12.5
"1/07/1980",1.43,12.2
"2/07/1980",0.59,15.1
"3/07/1980",3.7,14.2
"4/07/1980",0.69,14.3
"5/07/1980",0.24,13.3
"6/07/1980",2.06,13
"7/07/1980",7.23,13.7
"8/07/1980",2.83,12.3
"9/07/1980",0.42,13.2
"10/07/1980",0,12.8
"11/07/1980",0.68,12.8
"12/07/1980",3.27,13.3
"13/07/1980",11.67,13.4
"14/07/1980",1.26,13.1
"15/07/1980",0.28,12.2
"16/07/1980",0.08,13.6
"17/07/1980",3.8,11.9
"18/07/1980",7.27,13.9
"19/07/1980",3.99,15.6
"20/07/1980",1.76,13.8
"21/07/1980",0.02,12.9
"22/07/1980",0,14.3
"23/07/1980",0.2,15.6
"24/07/1980",0,16.3
"25/07/1980",5.68,19.4
"26/07/1980",5.29,19.4
"27/07/1980",0.15,17.5
"28/07/1980",0.08,18.2
"29/07/1980",7.89,19.6
"30/07/1980",2.7,17.3
"31/07/1980",0.57,16
"1/08/1980",2.27,16.1
"2/08/1980",1.63,16.9
"3/08/1980",2.15,17.7
"4/08/1980",2.79,17.7
"5/08/1980",0.6,15.9
"6/08/1980",2.79,16.2
"7/08/1980",8.94,17.1
"8/08/1980",1.38,14.5
"9/08/1980",0.2,15.7
"10/08/1980",1.88,16.4
"11/08/1980",4.49,16.5
"12/08/1980",8.67,14.8
"13/08/1980",1.26,17.3
"14/08/1980",22.65,19
"15/08/1980",0.8,18.2
"16/08/1980",2.19,16.9
"17/08/1980",0.5,16.7
"18/08/1980",0.2,15.7
"19/08/1980",0.73,15.8
"20/08/1980",2.16,17.4
"21/08/1980",0,15.4
"22/08/1980",0,13.6
"23/08/1980",0,12.7
"24/08/1980",0,12.5
"25/08/1980",0,13.1
"26/08/1980",0,15.4
"27/08/1980",0.61,16
"28/08/1980",1.33,17.2
"29/08/1980",16.89,15.6
"30/08/1980",1.76,15.3
"31/08/1980",0.03,14.5
"1/09/1980",0,15.1
"2/09/1980",0,15.9
"3/09/1980",0.01,15.4
"4/09/1980",4.55,15.3
"5/09/1980",1.22,14.7
"6/09/1980",0.07,16
"7/09/1980",1.06,16.2
"8/09/1980",0.86,15.3
"9/09/1980",3.28,13.1
"10/09/1980",1.33,14.5
"11/09/1980",2.92,14.7
"12/09/1980",0.72,15.5
"13/09/1980",3.02,13.8
"14/09/1980",1.26,15.6
"15/09/1980",0.8,15.6
"16/09/1980",9.49,16.6
"17/09/1980",0.52,13.8
"18/09/1980",1.97,14.6
"19/09/1980",2.56,16.2
"20/09/1980",11.51,15.6
"21/09/1980",3.8,16.9
"22/09/1980",2.44,15.1
"23/09/1980",1.52,15.1
"24/09/1980",0.08,13.7
"25/09/1980",0,12.8
"26/09/1980",1.87,12.3
"27/09/1980",4.34,13.9
"28/09/1980",0.12,12.7
"29/09/1980",0.21,12.3
"30/09/1980",0.39,13.4
"1/10/1980",0.69,11.8
"2/10/1980",0,11.7
"3/10/1980",3.17,9.8
"4/10/1980",0,11.7
"5/10/1980",1.51,8.8
"6/10/1980",18.9,12.1
"7/10/1980",5.43,9.3
"8/10/1980",2.66,9.3
"9/10/1980",1.38,8.5
"10/10/1980",12.32,4.8
"11/10/1980",0.88,7.9
"12/10/1980",0.06,7.8
"13/10/1980",2.78,6.7
"14/10/1980",0.79,8.8
"15/10/1980",18.11,7.8
"16/10/1980",9.73,6.4
"17/10/1980",3.31,6.9
"18/10/1980",2.22,6.4
"19/10/1980",3.28,7.2
"20/10/1980",1.34,7.2
"21/10/1980",4.46,9.8
"22/10/1980",7.2,11.9
"23/10/1980",4.38,10.8
"24/10/1980",3.89,9.1
"25/10/1980",2.94,8.5
"26/10/1980",8.5,11.2
"27/10/1980",6.99,12.9
"28/10/1980",4.2,13.7
"29/10/1980",0.06,10.3
"30/10/1980",0,5.6
"31/10/1980",0,5.7
"1/11/1980",0,6.6
"2/11/1980",0,4.4
"3/11/1980",0.05,2.1
"4/11/1980",0.59,3.2
"5/11/1980",0.84,4.2
"6/11/1980",4.84,4.8
"7/11/1980",3.7,3.6
"8/11/1980",0.6,4
"9/11/1980",0.47,4.6
"10/11/1980",0.37,4.1
"11/11/1980",0.65,5.4
"12/11/1980",0.28,3.9
"13/11/1980",2.13,5.7
"14/11/1980",15.31,9
"15/11/1980",9.51,10.6
"16/11/1980",4.56,12.5
"17/11/1980",9.68,11.8
"18/11/1980",2.3,8.1
"19/11/1980",2.2,9.2
"20/11/1980",1.75,11.2
"21/11/1980",8.15,11.6
"22/11/1980",4.52,12.4
"23/11/1980",3.87,12.8
"24/11/1980",2.3,12.7
"25/11/1980",4.03,7.4
"26/11/1980",1.5,3.9
"27/11/1980",4.05,4.3
"28/11/1980",2.2,2.1
"29/11/1980",0.55,1.4
"30/11/1980",0.03,1.6
"1/12/1980",2.15,1.8
"2/12/1980",0.86,2.6
"3/12/1980",0.85,3.5
"4/12/1980",0.82,4.6
"5/12/1980",1.27,6.5
"6/12/1980",1.38,3.5
"7/12/1980",0.21,1.3
"8/12/1980",0.15,0.3
"9/12/1980",0.47,3
"10/12/1980",7.41,7.8
"11/12/1980",1,9.8
"12/12/1980",5.36,8.7
"13/12/1980",2.23,10.2
"14/12/1980",5.81,9.6
"15/12/1980",1.71,4.6
"16/12/1980",5.17,6.1
"17/12/1980",8.17,6.6
"18/12/1980",1.59,4
"19/12/1980",11.27,2.6
"20/12/1980",3.49,3.3
"21/12/1980",0.87,5.9
"22/12/1980",1.1,7.3
"23/12/1980",0.72,10.6
"24/12/1980",3.54,9.4
"25/12/1980",1.58,6
"26/12/1980",2.02,3.6
"27/12/1980",0.5,2.6
"28/12/1980",0.39,4.3
"29/12/1980",0.25,6.4
"30/12/1980",0.83,8.7
"31/12/1980",1.97,8.7
"1/01/1981",2.11,6.5
"2/01/1981",3.82,8.1
"3/01/1981",0.72,8.6
"4/01/1981",0.29,3.9
"5/01/1981",1.27,2.7
"6/01/1981",2.96,2.6
"7/01/1981",0.4,2.8
"8/01/1981",0.96,4.6
"9/01/1981",3.91,7.2
"10/01/1981",0.45,2.5
"11/01/1981",1.38,2.3
"12/01/1981",2.29,2.6
"13/01/1981",4.5,3
"14/01/1981",7.08,4.3
"15/01/1981",0.81,2.2
"16/01/1981",7.78,3
"17/01/1981",1.8,3.3
"18/01/1981",4.81,3.9
"19/01/1981",1.75,4.6
"20/01/1981",4.76,4.5
"21/01/1981",1.4,6.3
"22/01/1981",0.39,8.4
"23/01/1981",0.33,8.4
"24/01/1981",0.19,8.3
"25/01/1981",0.68,5.9
"26/01/1981",0.84,7.1
"27/01/1981",0.16,6.6
"28/01/1981",0,6.2
"29/01/1981",0,5.3
"30/01/1981",0,3.5
"31/01/1981",0,2.6
"1/02/1981",0.08,4.5
"2/02/1981",12.54,5.2
"3/02/1981",2.15,6
"4/02/1981",0.58,4.4
"5/02/1981",0.28,5.7
"6/02/1981",0.3,8.6
"7/02/1981",0.5,9.9
"8/02/1981",6.08,8.5
"9/02/1981",5.58,5.1
"10/02/1981",0.1,2.9
"11/02/1981",0.69,1
"12/02/1981",0.22,2.5
"13/02/1981",0,1.7
"14/02/1981",0,-0.7
"15/02/1981",0.16,0.2
"16/02/1981",0.09,2
"17/02/1981",0,2.7
"18/02/1981",0.11,1.7
"19/02/1981",0.18,1.3
"20/02/1981",0.24,1.5
"21/02/1981",5.1,0.3
"22/02/1981",3.66,0.1
"23/02/1981",0.81,0.8
"24/02/1981",0.1,0.8
"25/02/1981",0.14,-0.3
"26/02/1981",0.09,0.2
"27/02/1981",9.14,2.4
"28/02/1981",3.11,4.2
"1/03/1981",9.54,5.8
"2/03/1981",9.87,6.1
"3/03/1981",0.42,4.2
"4/03/1981",0.44,2.3
"5/03/1981",5.52,4.1
"6/03/1981",4.99,7.3
"7/03/1981",6.9,9.7
"8/03/1981",4.13,11.1
"9/03/1981",19.53,10.2
"10/03/1981",15.87,11
"11/03/1981",5.65,10.9
"12/03/1981",4.24,10.3
"13/03/1981",4.84,8.1
"14/03/1981",2.87,7
"15/03/1981",1.11,6.5
"16/03/1981",1.68,5.1
"17/03/1981",0.79,4
"18/03/1981",2.36,6
"19/03/1981",2.15,7.7
"20/03/1981",5.98,9
"21/03/1981",16.52,9.2
"22/03/1981",4,5.7
"23/03/1981",7.33,7
"24/03/1981",6.13,9.8
"25/03/1981",5.23,12
"26/03/1981",0.27,9.7
"27/03/1981",0.5,8.8
"28/03/1981",0.31,12.5
"29/03/1981",3.06,9.8
"30/03/1981",3.67,8.2
"31/03/1981",4.52,5.9
"1/04/1981",0.92,8
"2/04/1981",0.08,8.4
"3/04/1981",0.01,7.7
"4/04/1981",0.15,5.6
"5/04/1981",0.2,6.6
"6/04/1981",0.93,6.8
"7/04/1981",0.33,7.1
"8/04/1981",1.68,9.7
"9/04/1981",0,12.3
"10/04/1981",3.46,12.8
"11/04/1981",1.8,14.6
"12/04/1981",0.9,11
"13/04/1981",0.89,9.3
"14/04/1981",1.03,9.8
"15/04/1981",0,9.9
"16/04/1981",0,9.3
"17/04/1981",0,7.7
"18/04/1981",0,6.1
"19/04/1981",0.03,6.1
"20/04/1981",0,6.2
"21/04/1981",0,5.9
"22/04/1981",1.19,5.9
"23/04/1981",3.1,3.4
"24/04/1981",13.79,3.5
"25/04/1981",13.49,3.3
"26/04/1981",12.35,3.3
"27/04/1981",0.33,5.4
"28/04/1981",1.55,6.3
"29/04/1981",0.18,9.7
"30/04/1981",0.99,11.2
"1/05/1981",1.55,7.3
"2/05/1981",1.42,6.2
"3/05/1981",7.59,5.5
"4/05/1981",0.72,7.8
"5/05/1981",4.93,6.3
"6/05/1981",0.3,11.4
"7/05/1981",2.42,12.9
"8/05/1981",0.69,13.3
"9/05/1981",7.16,10.8
"10/05/1981",1.53,12.5
"11/05/1981",0.03,15.5
"12/05/1981",0.18,12.9
"13/05/1981",0.91,13.1
"14/05/1981",0.52,12.4
"15/05/1981",7.71,11.4
"16/05/1981",3.26,11.1
"17/05/1981",3.7,10.4
"18/05/1981",2.67,9.7
"19/05/1981",2.76,12.5
"20/05/1981",4.15,15.2
"21/05/1981",3.01,12.1
"22/05/1981",6.18,11.1
"23/05/1981",2.17,12.6
"24/05/1981",7.38,10.4
"25/05/1981",4.62,9.8
"26/05/1981",2.83,9.7
"27/05/1981",5.67,10.8
"28/05/1981",0.89,11.7
"29/05/1981",0.39,12
"30/05/1981",1.47,13.5
"31/05/1981",1.2,15.6
"1/06/1981",12.83,14.4
"2/06/1981",2.64,15.7
"3/06/1981",0.44,13.7
"4/06/1981",1.64,11.8
"5/06/1981",0.28,12.8
"6/06/1981",1.96,13.1
"7/06/1981",4.57,11.9
"8/06/1981",1.72,14.3
"9/06/1981",0.86,13.3
"10/06/1981",7.67,12.2
"11/06/1981",2.4,13
"12/06/1981",0.3,12.8
"13/06/1981",0.59,15.4
"14/06/1981",1.03,17.3
"15/06/1981",0.1,15.9
"16/06/1981",0.09,12
"17/06/1981",0.19,11.9
"18/06/1981",0.51,11.5
"19/06/1981",0.41,11.9
"20/06/1981",0.32,13.8
"21/06/1981",0,13
"22/06/1981",0,14.6
"23/06/1981",1.09,14.7
"24/06/1981",0.98,14.8
"25/06/1981",0.57,12
"26/06/1981",0.71,10.9
"27/06/1981",0.25,10.4
"28/06/1981",0.01,10.2
"29/06/1981",0.22,11.7
"30/06/1981",0.07,14.4
"1/07/1981",0.4,14.8
"2/07/1981",1.05,13.5
"3/07/1981",1.18,13.1
"4/07/1981",0.03,14.6
"5/07/1981",2.78,15.8
"6/07/1981",0.18,15.2
"7/07/1981",0.01,17.4
"8/07/1981",1.33,17.1
"9/07/1981",5.44,18.5
"10/07/1981",1.34,17.4
"11/07/1981",0.87,15.6
"12/07/1981",0.21,15.5
"13/07/1981",0.03,15.9
"14/07/1981",0.19,15.6
"15/07/1981",0.82,16.7
"16/07/1981",2.53,15.2
"17/07/1981",2.47,13.1
"18/07/1981",0.84,14.1
"19/07/1981",0.77,14.9
"20/07/1981",1.8,17.2
"21/07/1981",5.43,17.6
"22/07/1981",7.08,14.5
"23/07/1981",5.85,13.2
"24/07/1981",0.89,12.8
"25/07/1981",0.33,13.3
"26/07/1981",0.03,16.1
"27/07/1981",0,17.5
"28/07/1981",0,18.7
"29/07/1981",0,17.1
"30/07/1981",0.4,15.3
"31/07/1981",9,14.2
"1/08/1981",0.16,15.4
"2/08/1981",0,14.6
"3/08/1981",0.06,16.1
"4/08/1981",0.03,18.8
"5/08/1981",11.08,20.1
"6/08/1981",18.29,15.9
"7/08/1981",1.68,14
"8/08/1981",1.89,14.5
"9/08/1981",0.52,14.8
"10/08/1981",0,15.1
"11/08/1981",0.02,15.9
"12/08/1981",0.04,17.5
"13/08/1981",0.91,16.8
"14/08/1981",0.11,18
"15/08/1981",0.13,17.6
"16/08/1981",0.01,14.8
"17/08/1981",0.75,14.4
"18/08/1981",0.36,16.1
"19/08/1981",5.87,15.2
"20/08/1981",0.2,15.5
"21/08/1981",0.44,13.8
"22/08/1981",0.62,15.4
"23/08/1981",0.08,15.1
"24/08/1981",0,16.6
"25/08/1981",0,16.7
"26/08/1981",0,18.3
"27/08/1981",0,17.2
"28/08/1981",0.03,17.3
"29/08/1981",0.27,18
"30/08/1981",0,17.7
"31/08/1981",0.06,15.6
"1/09/1981",0.4,14.7
"2/09/1981",0,15
"3/09/1981",0,15.1
"4/09/1981",0.03,15.6
"5/09/1981",0.03,16
"6/09/1981",0.06,16.3
"7/09/1981",1.74,16.3
"8/09/1981",0.35,17.6
"9/09/1981",0.03,16.2
"10/09/1981",9.35,17.7
"11/09/1981",6.98,15.5
"12/09/1981",2.13,13.9
"13/09/1981",1.39,12.5
"14/09/1981",14.68,12.3
"15/09/1981",0.17,16
"16/09/1981",2.6,15.6
"17/09/1981",10.13,17
"18/09/1981",3.08,15.4
"19/09/1981",25.04,13.5
"20/09/1981",1.44,13.5
"21/09/1981",1.85,13.6
"22/09/1981",0.8,13.6
"23/09/1981",4.97,12.4
"24/09/1981",4.74,14.4
"25/09/1981",15.4,12.5
"26/09/1981",9.8,12.3
"27/09/1981",1.74,11.9
"28/09/1981",0.54,12.4
"29/09/1981",10.99,11.3
"30/09/1981",9.46,15.1
"1/10/1981",11.31,16.1
"2/10/1981",4.38,12.3
"3/10/1981",6.3,7.7
"4/10/1981",2.97,10.7
"5/10/1981",1.54,11.1
"6/10/1981",7.35,11
"7/10/1981",5.01,10.6
"8/10/1981",8.19,11.5
"9/10/1981",7.33,13.1
"10/10/1981",4.49,9
"11/10/1981",3.44,8.6
"12/10/1981",0.93,7.8
"13/10/1981",0.73,7.4
"14/10/1981",3.65,6.5
"15/10/1981",0.37,6.2
"16/10/1981",1.11,5.1
"17/10/1981",4.2,4.5
"18/10/1981",2.89,7.7
"19/10/1981",18.02,9.3
"20/10/1981",2.19,8
"21/10/1981",1.2,7.2
"22/10/1981",0.54,7.2
"23/10/1981",1,5.5
"24/10/1981",9.25,7.5
"25/10/1981",1.77,5.9
"26/10/1981",2.51,5.2
"27/10/1981",1.67,7.7
"28/10/1981",4.82,7.5
"29/10/1981",4.71,8
"30/10/1981",5.53,9.3
"31/10/1981",0.86,10
"1/11/1981",2.39,11.8
"2/11/1981",0.42,13.2
"3/11/1981",1.63,12.4
"4/11/1981",0.01,9.9
"5/11/1981",0,5.2
"6/11/1981",0,4.3
"7/11/1981",0,4.5
"8/11/1981",0.01,5.6
"9/11/1981",0.47,5.4
"10/11/1981",1.17,6.2
"11/11/1981",1.09,8.5
"12/11/1981",0.17,9.5
"13/11/1981",0.07,7.3
"14/11/1981",0.01,7.5
"15/11/1981",2.16,7.2
"16/11/1981",4.7,7
"17/11/1981",6.03,7.1
"18/11/1981",7.7,8.5
"19/11/1981",7.58,7.8
"20/11/1981",2.03,9.8
"21/11/1981",0.62,9.2
"22/11/1981",1.14,11.1
"23/11/1981",5.84,12
"24/11/1981",0.53,4.5
"25/11/1981",1.48,4.8
"26/11/1981",7.12,7.5
"27/11/1981",4.61,8.2
"28/11/1981",0.78,5.2
"29/11/1981",3.33,6.2
"30/11/1981",4.13,7.5
"1/12/1981",0.06,3.1
"2/12/1981",0.05,4
"3/12/1981",2.46,6.7
"4/12/1981",0.79,7.7
"5/12/1981",1.05,5.3
"6/12/1981",1.77,5.3
"7/12/1981",7.42,4.5
"8/12/1981",1.45,-0.3
"9/12/1981",2.03,-1.5
"10/12/1981",5.38,-4
"11/12/1981",2.03,-2.8
"12/12/1981",0.06,-8.5
"13/12/1981",16.98,-6.5
"14/12/1981",4.87,-1
"15/12/1981",1.11,0.8
"16/12/1981",0.86,-2.2
"17/12/1981",0.02,-2.7
"18/12/1981",0.16,-3.2
"19/12/1981",5.4,-3
"20/12/1981",7.36,-2
"21/12/1981",2.19,0.6
"22/12/1981",0.17,-0.2
"23/12/1981",0.89,-2.8
"24/12/1981",0.66,-1.7
"25/12/1981",0.23,-0.6
"26/12/1981",2.92,-1.1
"27/12/1981",2.43,0.7
"28/12/1981",7.42,1.3
"29/12/1981",8.98,4.3
"30/12/1981",3.19,4.9
"31/12/1981",3.13,4.1
"1/01/1982",2.6,2.4
"2/01/1982",9.57,6
"3/01/1982",8.27,8
"4/01/1982",6.17,9.7
"5/01/1982",5.58,8.4
"6/01/1982",0.27,-0.1
"7/01/1982",6.38,-2.6
"8/01/1982",11.23,-3.4
"9/01/1982",1.79,-3.3
"10/01/1982",0,-5.2
"11/01/1982",0.03,-3.9
"12/01/1982",0,-3.7
"13/01/1982",0,-6.1
"14/01/1982",0,-7.6
"15/01/1982",0.21,-4.4
"16/01/1982",0.71,0.1
"17/01/1982",0.52,4.3
"18/01/1982",0.57,5.7
"19/01/1982",2.17,5.6
"20/01/1982",2.07,6.3
"21/01/1982",3.6,5.6
"22/01/1982",2.83,4.8
"23/01/1982",1.38,5.1
"24/01/1982",0.71,3.8
"25/01/1982",4.15,5.5
"26/01/1982",2.56,6.5
"27/01/1982",0.37,3.5
"28/01/1982",1.04,4.7
"29/01/1982",0.71,8.1
"30/01/1982",0.3,9
"31/01/1982",0.39,9
"1/02/1982",0.13,7.5
"2/02/1982",0,7.3
"3/02/1982",0.03,4.3
"4/02/1982",1.98,6.7
"5/02/1982",6.24,7.7
"6/02/1982",1.44,8.4
"7/02/1982",2.82,4.4
"8/02/1982",2.13,5.1
"9/02/1982",1.08,7.8
"10/02/1982",2.36,8.3
"11/02/1982",2.39,7.8
"12/02/1982",6.22,6.4
"13/02/1982",1.22,8.1
"14/02/1982",0.3,4
"15/02/1982",0,3
"16/02/1982",0.15,2.4
"17/02/1982",2.84,1.5
"18/02/1982",0.19,2.5
"19/02/1982",0,2.9
"20/02/1982",0.03,0.2
"21/02/1982",1.91,1.6
"22/02/1982",0.09,1.2
"23/02/1982",0.03,0.2
"24/02/1982",2.64,1.3
"25/02/1982",2.28,3.2
"26/02/1982",1.96,5.6
"27/02/1982",0.75,6.3
"28/02/1982",4.71,8.3
"1/03/1982",4.56,7.5
"2/03/1982",9.57,7.5
"3/03/1982",2.32,7.9
"4/03/1982",0.86,6.5
"5/03/1982",1.86,3.8
"6/03/1982",14.89,4.1
"7/03/1982",0.15,5.9
"8/03/1982",2.29,3.5
"9/03/1982",13.74,4.8
"10/03/1982",3.15,7
"11/03/1982",8.06,5.1
"12/03/1982",1.65,5.3
"13/03/1982",1.08,5.2
"14/03/1982",11.41,7.1
"15/03/1982",11.83,6.2
"16/03/1982",2.56,4.8
"17/03/1982",1.7,5.5
"18/03/1982",1.47,6.2
"19/03/1982",4.23,4.6
"20/03/1982",2.26,5.3
"21/03/1982",1.08,4.7
"22/03/1982",0,7.5
"23/03/1982",0,6.3
"24/03/1982",0,7.2
"25/03/1982",0,7.7
"26/03/1982",0,8.5
"27/03/1982",0,7.7
"28/03/1982",0.37,7.3
"29/03/1982",1.35,6.3
"30/03/1982",0.11,5.3
"31/03/1982",1.46,5.9
"1/04/1982",1.2,6.2
"2/04/1982",0.2,7
"3/04/1982",1.36,8.5
"4/04/1982",0.51,11
"5/04/1982",4.59,11.1
"6/04/1982",8.92,10.3
"7/04/1982",5.44,10.9
"8/04/1982",0.09,5.8
"9/04/1982",0.58,5
"10/04/1982",0.03,7.6
"11/04/1982",0,5.4
"12/04/1982",0.08,5.1
"13/04/1982",0.01,5.3
"14/04/1982",0,7.2
"15/04/1982",0,8.8
"16/04/1982",0,9.9
"17/04/1982",0,7.5
"18/04/1982",0,7.7
"19/04/1982",0,7.6
"20/04/1982",0,8.1
"21/04/1982",0,10.3
"22/04/1982",0.07,9.9
"23/04/1982",0,9.8
"24/04/1982",0,10.4
"25/04/1982",0,10.6
"26/04/1982",0,10.6
"27/04/1982",0,10.9
"28/04/1982",0.09,10.9
"29/04/1982",1.19,9.2
"30/04/1982",1.06,8.7
"1/05/1982",0.35,8.4
"2/05/1982",6.64,7.2
"3/05/1982",1.8,7.9
"4/05/1982",1.34,6.4
"5/05/1982",5.46,5.3
"6/05/1982",1.59,6
"7/05/1982",0.35,7
"8/05/1982",0.03,7.1
"9/05/1982",0,8.4
"10/05/1982",0,8.8
"11/05/1982",0.13,10.5
"12/05/1982",0.09,13.3
"13/05/1982",0.03,16.3
"14/05/1982",0.09,14.2
"15/05/1982",0.97,15.6
"16/05/1982",0.91,14.2
"17/05/1982",1.45,11.7
"18/05/1982",0.86,11.6
"19/05/1982",0.89,11.6
"20/05/1982",0.08,13.5
"21/05/1982",7.27,14
"22/05/1982",2.38,14
"23/05/1982",3.42,11.5
"24/05/1982",0.25,12.8
"25/05/1982",0.47,14.7
"26/05/1982",7.32,13.8
"27/05/1982",1.66,13.3
"28/05/1982",0,12.8
"29/05/1982",0,14.2
"30/05/1982",0,15.5
"31/05/1982",0,17.4
"1/06/1982",0.38,18.6
"2/06/1982",4.52,18.3
"3/06/1982",2.37,18.7
"4/06/1982",0.88,20.3
"5/06/1982",3.07,21.3
"6/06/1982",6.1,19.5
"7/06/1982",0.55,17.6
"8/06/1982",0.45,18.1
"9/06/1982",1.18,18.9
"10/06/1982",7.4,15.1
"11/06/1982",4.21,14.9
"12/06/1982",5.88,14
"13/06/1982",0.1,11.6
"14/06/1982",0,11.7
"15/06/1982",4.08,11.9
"16/06/1982",0,14.9
"17/06/1982",4.62,15.8
"18/06/1982",9.79,13.4
"19/06/1982",2.01,13.7
"20/06/1982",2.23,15
"21/06/1982",8.68,13
"22/06/1982",18.58,13.8
"23/06/1982",5.05,13.5
"24/06/1982",3.44,15.3
"25/06/1982",15.62,14.8
"26/06/1982",6.56,14.2
"27/06/1982",3.62,14.9
"28/06/1982",4.84,14.4
"29/06/1982",1.69,14.4
"30/06/1982",1.24,14.8
"1/07/1982",0.49,15.5
"2/07/1982",1.04,15
"3/07/1982",1.09,14.6
"4/07/1982",0.55,13.5
"5/07/1982",1.01,15
"6/07/1982",0.03,16.7
"7/07/1982",0.11,16.5
"8/07/1982",1.13,19.7
"9/07/1982",2.56,19.9
"10/07/1982",0.09,17.6
"11/07/1982",1.71,19.2
"12/07/1982",1.65,15.7
"13/07/1982",2.73,18.8
"14/07/1982",7.71,17
"15/07/1982",6.95,15.6
"16/07/1982",0.09,14.4
"17/07/1982",0.03,14.8
"18/07/1982",0,17
"19/07/1982",0,16.5
"20/07/1982",0,15.7
"21/07/1982",0.02,17.1
"22/07/1982",0.04,14.8
"23/07/1982",0.07,14.6
"24/07/1982",0,15.8
"25/07/1982",0,17.5
"26/07/1982",0.03,17.4
"27/07/1982",0,14.3
"28/07/1982",0.05,15.3
"29/07/1982",0,17.2
"30/07/1982",3.34,19
"31/07/1982",1.39,19
"1/08/1982",1.02,19.5
"2/08/1982",0.17,19.9
"3/08/1982",1.15,20.9
"4/08/1982",7.91,19.2
"5/08/1982",6.24,18.6
"6/08/1982",0.41,18.4
"7/08/1982",0.15,16.4
"8/08/1982",0.31,17.2
"9/08/1982",1.12,17.2
"10/08/1982",0.18,16.6
"11/08/1982",1.48,17.4
"12/08/1982",3.59,16.5
"13/08/1982",8.29,15.3
"14/08/1982",10.29,13.3
"15/08/1982",1.7,16
"16/08/1982",3.2,16.3
"17/08/1982",7.81,14.3
"18/08/1982",3.77,15.6
"19/08/1982",3.95,13.3
"20/08/1982",1.13,12.3
"21/08/1982",1.35,14
"22/08/1982",2.11,15.7
"23/08/1982",1.4,14
"24/08/1982",5.58,13.9
"25/08/1982",1.3,13.6
"26/08/1982",4.05,13.7
"27/08/1982",0.4,12.4
"28/08/1982",0.38,12.8
"29/08/1982",2.4,14.1
"30/08/1982",4.53,15.1
"31/08/1982",0.5,12.2
"1/09/1982",0.46,14
"2/09/1982",0,14.4
"3/09/1982",0.21,13.9
"4/09/1982",1,16.3
"5/09/1982",7.81,15.3
"6/09/1982",1.5,15.2
"7/09/1982",0.1,15.5
"8/09/1982",0.09,14.4
"9/09/1982",0.08,14.8
"10/09/1982",0.29,16.5
"11/09/1982",0,15
"12/09/1982",0.06,16.1
"13/09/1982",0,14.2
"14/09/1982",0,12.4
"15/09/1982",0,14.2
"16/09/1982",0,17
"17/09/1982",0.33,18.1
"18/09/1982",1.43,18.8
"19/09/1982",5.85,15.9
"20/09/1982",13.02,17.1
"21/09/1982",2.32,11.9
"22/09/1982",3.1,9.4
"23/09/1982",3.99,11.8
"24/09/1982",13.3,11.2
"25/09/1982",5.05,12.9
"26/09/1982",7.81,12.5
"27/09/1982",4.52,12.8
"28/09/1982",6.8,12
"29/09/1982",1.74,11.2
"30/09/1982",0.41,9.9
"1/10/1982",7.23,11.5
"2/10/1982",12.58,13.3
"3/10/1982",7.49,11.4
"4/10/1982",6.22,12
"5/10/1982",6.91,9.8
"6/10/1982",1.05,11.2
"7/10/1982",6.01,10.9
"8/10/1982",1.01,10.9
"9/10/1982",1.35,10.7
"10/10/1982",2.88,10.4
"11/10/1982",1.91,8.4
"12/10/1982",7.27,8.1
"13/10/1982",7.27,9.9
"14/10/1982",0.76,8.8
"15/10/1982",1.19,8.6
"16/10/1982",8.9,8.6
"17/10/1982",4.48,10.8
"18/10/1982",1.15,11.6
"19/10/1982",6.05,10.9
"20/10/1982",9.34,11.5
"21/10/1982",9.84,9.6
"22/10/1982",1.73,8.5
"23/10/1982",0.14,7.2
"24/10/1982",1.52,5.8
"25/10/1982",0.39,9.1
"26/10/1982",1.2,11.2
"27/10/1982",0.01,8.6
"28/10/1982",0,8.6
"29/10/1982",0.43,10.1
"30/10/1982",1.06,11.5
"31/10/1982",4.29,12.1
"1/11/1982",1.39,13.5
"2/11/1982",3.02,10.9
"3/11/1982",2.16,11
"4/11/1982",2.06,11.3
"5/11/1982",5.21,11.4
"6/11/1982",1.34,10.5
"7/11/1982",8.79,9.8
"8/11/1982",4.82,10.5
"9/11/1982",2.38,11
"10/11/1982",1.85,10.7
"11/11/1982",14.41,12.1
"12/11/1982",2.37,10.1
"13/11/1982",4.56,6.2
"14/11/1982",7.46,3.8
"15/11/1982",6.88,5.2
"16/11/1982",2.31,6.3
"17/11/1982",3.71,8.3
"18/11/1982",2.76,9.9
"19/11/1982",2.47,7.4
"20/11/1982",5.42,7.7
"21/11/1982",12.31,9.2
"22/11/1982",3.94,7.7
"23/11/1982",9.6,8.3
"24/11/1982",10.43,6.7
"25/11/1982",2.81,6
"26/11/1982",2.49,3.8
"27/11/1982",0.99,2.3
"28/11/1982",0.5,3.2
"29/11/1982",0.01,3.2
"30/11/1982",0,0.8
"1/12/1982",0.08,1.1
"2/12/1982",0.21,2.6
"3/12/1982",0.06,3.4
"4/12/1982",2.44,4.9
"5/12/1982",2.51,6.4
"6/12/1982",0.62,1.8
"7/12/1982",17.59,4.3
"8/12/1982",9.46,4.6
"9/12/1982",17.09,5.8
"10/12/1982",1.59,4
"11/12/1982",3.09,3.3
"12/12/1982",2.86,0.8
"13/12/1982",0.2,2.4
"14/12/1982",6.39,5.1
"15/12/1982",3.98,7.3
"16/12/1982",2.78,5.5
"17/12/1982",1.81,2.7
"18/12/1982",6.03,3.2
"19/12/1982",14.22,4.9
"20/12/1982",4.37,5
"21/12/1982",0.7,5.4
"22/12/1982",0.53,1.3
"23/12/1982",4.48,1.2
"24/12/1982",0.42,3.2
"25/12/1982",0.6,8.2
"26/12/1982",2.29,8.4
"27/12/1982",0.46,7.3
"28/12/1982",0.21,5.1
"29/12/1982",0.13,5.1
"30/12/1982",1.09,5.4
"31/12/1982",1.58,6.2
"1/01/1983",2.16,6.8
"2/01/1983",6.27,7.1
"3/01/1983",16.2,7.5
"4/01/1983",6.49,10
"5/01/1983",4.44,9.3
"6/01/1983",4.99,9.4
"7/01/1983",3.15,5.2
"8/01/1983",2.19,6.4
"9/01/1983",1.18,6.8
"10/01/1983",0.53,7.7
"11/01/1983",0.46,8.4
"12/01/1983",7.18,8.4
"13/01/1983",7.07,4.6
"14/01/1983",1,5.4
"15/01/1983",0.29,8.7
"16/01/1983",0.08,9.5
"17/01/1983",1.27,8.1
"18/01/1983",0.53,4.6
"19/01/1983",0.01,2.9
"20/01/1983",0.03,1.7
"21/01/1983",0,4.1
"22/01/1983",0,4.9
"23/01/1983",2.44,4.3
"24/01/1983",4.83,5.6
"25/01/1983",0.33,7.6
"26/01/1983",1.21,8.2
"27/01/1983",2.27,9.2
"28/01/1983",2.75,9.7
"29/01/1983",4.32,6.9
"30/01/1983",4.95,2.5
"31/01/1983",13.75,6
"1/02/1983",2.42,2.9
"2/02/1983",0.71,2.9
"3/02/1983",0,2.6
"4/02/1983",7.03,0.8
"5/02/1983",4.81,1.2
"6/02/1983",2.47,3.8
"7/02/1983",1.8,2.4
"8/02/1983",0.49,1
"9/02/1983",0.76,-0.8
"10/02/1983",2.79,-1
"11/02/1983",1,0.2
"12/02/1983",0.22,0.8
"13/02/1983",0.1,-0.3
"14/02/1983",0.24,0
"15/02/1983",0.03,0.6
"16/02/1983",0.06,1.3
"17/02/1983",0,0.2
"18/02/1983",0,0.9
"19/02/1983",0.06,0.5
"20/02/1983",0.05,0
"21/02/1983",0,1.2
"22/02/1983",0.49,0.1
"23/02/1983",1.51,0.4
"24/02/1983",0.65,1.7
"25/02/1983",5.14,4.6
"26/02/1983",2.8,7.2
"27/02/1983",4.27,6.2
"28/02/1983",0.51,5.5
"1/03/1983",0.64,3.8
"2/03/1983",3.11,4.7
"3/03/1983",2.37,7.3
"4/03/1983",0.43,4.7
"5/03/1983",0,6
"6/03/1983",0.02,7.9
"7/03/1983",0,7.5
"8/03/1983",0,5
"9/03/1983",0,5.3
"10/03/1983",0.18,7.4
"11/03/1983",0.03,6.6
"12/03/1983",0.31,7.9
"13/03/1983",4.47,8
"14/03/1983",2.76,8.5
"15/03/1983",0.58,5.4
"16/03/1983",2.42,6.3
"17/03/1983",1.36,9.7
"18/03/1983",5.71,10.3
"19/03/1983",1.57,10.2
"20/03/1983",2.14,7.7
"21/03/1983",6.43,5.7
"22/03/1983",4.48,4.9
"23/03/1983",8.25,6.4
"24/03/1983",1.05,4.7
"25/03/1983",3.08,4.9
"26/03/1983",5.24,4.3
"27/03/1983",0.79,5.6
"28/03/1983",0.19,3.8
"29/03/1983",2.81,5.7
"30/03/1983",1.95,6
"31/03/1983",1.69,5.5
"1/04/1983",2.12,4.8
"2/04/1983",1.99,4.7
"3/04/1983",5.76,3
"4/04/1983",2.39,4.5
"5/04/1983",5.2,4.8
"6/04/1983",2.34,5
"7/04/1983",3.74,5.6
"8/04/1983",0.33,5.9
"9/04/1983",4.79,5.7
"10/04/1983",10.67,7.1
"11/04/1983",1.87,5.7
"12/04/1983",0.25,4.9
"13/04/1983",0.46,6.3
"14/04/1983",0,7.9
"15/04/1983",0,8.4
"16/04/1983",1.07,8.1
"17/04/1983",3.97,7.8
"18/04/1983",5.9,3.9
"19/04/1983",2.63,3.8
"20/04/1983",12.12,4.9
"21/04/1983",1.41,7
"22/04/1983",5.32,8.6
"23/04/1983",2.52,10
"24/04/1983",8.28,7.4
"25/04/1983",3.2,9.8
"26/04/1983",4.64,10.1
"27/04/1983",3.32,10.1
"28/04/1983",3.9,9.3
"29/04/1983",2.03,8.9
"30/04/1983",8.43,9.7
"1/05/1983",11.29,8.6
"2/05/1983",3.38,7.4
"3/05/1983",0.84,9.1
"4/05/1983",0.84,8.9
"5/05/1983",7.93,12
"6/05/1983",2.68,14
"7/05/1983",3.89,12.3
"8/05/1983",3.43,11.5
"9/05/1983",3.28,9.2
"10/05/1983",4.99,7.4
"11/05/1983",5.5,8.1
"12/05/1983",4.19,9.5
"13/05/1983",1.99,10.5
"14/05/1983",3.67,9.9
"15/05/1983",4.18,10.1
"16/05/1983",6.24,11.4
"17/05/1983",4.33,11.3
"18/05/1983",3.28,10.4
"19/05/1983",3.13,10.1
"20/05/1983",1.9,9.7
"21/05/1983",2.5,9.6
"22/05/1983",2.68,9.7
"23/05/1983",0.09,9.6
"24/05/1983",0.32,12.8
"25/05/1983",0.03,12.4
"26/05/1983",0.05,11.2
"27/05/1983",8.01,9.7
"28/05/1983",3.04,8.4
"29/05/1983",0.29,10
"30/05/1983",2.17,11.7
"31/05/1983",15.03,14
"1/06/1983",5.59,15.1
"2/06/1983",3.32,13.3
"3/06/1983",1.69,13.3
"4/06/1983",0.78,14.5
"5/06/1983",4.15,14.8
"6/06/1983",0.09,12.6
"7/06/1983",3.67,16.7
"8/06/1983",0.91,17.9
"9/06/1983",0.03,15.3
"10/06/1983",0.71,13.2
"11/06/1983",1.24,13.7
"12/06/1983",0.46,13.9
"13/06/1983",1.29,11.5
"14/06/1983",1.04,13
"15/06/1983",0.09,11.6
"16/06/1983",0.63,11.1
"17/06/1983",0,13.6
"18/06/1983",0,15.3
"19/06/1983",0,14.8
"20/06/1983",0,17.6
"21/06/1983",0,16.4
"22/06/1983",2.63,16.7
"23/06/1983",4.61,15.4
"24/06/1983",0.35,13.5
"25/06/1983",0,15.7
"26/06/1983",0.06,15.2
"27/06/1983",0.1,12.9
"28/06/1983",1.29,13.7
"29/06/1983",3.35,16.2
"30/06/1983",0.26,14
"1/07/1983",3.04,13.7
"2/07/1983",0,16.7
"3/07/1983",0,15.8
"4/07/1983",0,18
"5/07/1983",0.3,19.1
"6/07/1983",6.01,19.3
"7/07/1983",0.06,19.7
"8/07/1983",0.27,20.3
"9/07/1983",0.22,20.6
"10/07/1983",0.04,20.3
"11/07/1983",0.12,21.6
"12/07/1983",0.25,22.6
"13/07/1983",0,22.7
"14/07/1983",0,22.1
"15/07/1983",0,22.4
"16/07/1983",1.01,22.5
"17/07/1983",3.69,21.2
"18/07/1983",0.95,19.8
"19/07/1983",0.2,17.8
"20/07/1983",0,16.4
"21/07/1983",0.49,16.6
"22/07/1983",3.12,19.6
"23/07/1983",2.05,19.1
"24/07/1983",3.22,18
"25/07/1983",0.44,19.3
"26/07/1983",0.34,20.3
"27/07/1983",0,19.5
"28/07/1983",0,18.8
"29/07/1983",0,20.7
"30/07/1983",0,20.5
"31/07/1983",13.37,18.7
"1/08/1983",2.47,14.9
"2/08/1983",2.33,13.2
"3/08/1983",0.13,14.1
"4/08/1983",0.01,16.3
"5/08/1983",0,16.9
"6/08/1983",0,16.7
"7/08/1983",0,17.1
"8/08/1983",0.02,18.1
"9/08/1983",0,18.6
"10/08/1983",0,17.8
"11/08/1983",0,17
"12/08/1983",0,17.2
"13/08/1983",0,16.8
"14/08/1983",0,19.3
"15/08/1983",1.31,19.5
"16/08/1983",6.69,17.7
"17/08/1983",0.39,19
"18/08/1983",0,18.3
"19/08/1983",3.45,20.9
"20/08/1983",1.92,19.8
"21/08/1983",4.86,18.5
"22/08/1983",0.82,19.1
"23/08/1983",2.83,18.9
"24/08/1983",0.03,18.2
"25/08/1983",0,18.6
"26/08/1983",0,18.5
"27/08/1983",0.48,17.3
"28/08/1983",0.03,15.6
"29/08/1983",0,14
"30/08/1983",0,13.6
"31/08/1983",5.58,16.1
"1/09/1983",0.69,17.1
"2/09/1983",11.46,14.4
"3/09/1983",2.28,14.7
"4/09/1983",0.99,15.3
"5/09/1983",0.19,15.2
"6/09/1983",0.04,13.9
"7/09/1983",0.62,13.1
"8/09/1983",6.46,14
"9/09/1983",8.05,14.6
"10/09/1983",8.96,12.3
"11/09/1983",1.66,11.3
"12/09/1983",1.14,11.2
"13/09/1983",5.72,11.9
"14/09/1983",5.69,14
"15/09/1983",8.01,14.3
"16/09/1983",3.72,13.4
"17/09/1983",10.57,13.6
"18/09/1983",2.01,13.6
"19/09/1983",1.97,13.2
"20/09/1983",6.29,11.3
"21/09/1983",10.91,10.5
"22/09/1983",0.7,10.9
"23/09/1983",0.08,15
"24/09/1983",0.41,15.9
"25/09/1983",0.02,11.8
"26/09/1983",0.13,14.8
"27/09/1983",0.02,15.4
"28/09/1983",0.08,15.7
"29/09/1983",0.14,14.6
"30/09/1983",1.82,13.5
"1/10/1983",2.1,14.6
"2/10/1983",5.3,15.6
"3/10/1983",0.91,16.3
"4/10/1983",1.22,17.6
"5/10/1983",0.84,14.4
"6/10/1983",2.85,13.1
"7/10/1983",3.16,12.7
"8/10/1983",6.36,11.5
"9/10/1983",7.1,12.8
"10/10/1983",3.45,12.7
"11/10/1983",3.04,10.3
"12/10/1983",2.12,11.6
"13/10/1983",6.68,11.9
"14/10/1983",4.38,10.8
"15/10/1983",19.39,10.1
"16/10/1983",2.55,9.8
"17/10/1983",2.83,11.1
"18/10/1983",1.78,12.3
"19/10/1983",0.01,11.1
"20/10/1983",0.48,8.5
"21/10/1983",0.09,7.1
"22/10/1983",0,6.3
"23/10/1983",0.17,6.6
"24/10/1983",0.15,6.4
"25/10/1983",0.03,6.8
"26/10/1983",0.05,8.2
"27/10/1983",1.28,9.3
"28/10/1983",0.29,7.4
"29/10/1983",0.19,4.1
"30/10/1983",0.56,5.2
"31/10/1983",0.53,8
"1/11/1983",0.5,11.2
"2/11/1983",4.12,12.7
"3/11/1983",0.94,12.5
"4/11/1983",0.16,10.1
"5/11/1983",0,9.5
"6/11/1983",0,9
"7/11/1983",0.9,10.5
"8/11/1983",0.18,12.6
"9/11/1983",0.03,11.7
"10/11/1983",0.35,11.2
"11/11/1983",0.21,9.1
"12/11/1983",0,8.6
"13/11/1983",0.05,6.6
"14/11/1983",0,3.3
"15/11/1983",0.26,2.6
"16/11/1983",0.4,4.7
"17/11/1983",0.16,5.8
"18/11/1983",0.03,6.4
"19/11/1983",0.12,6.2
"20/11/1983",0.08,7.4
"21/11/1983",0.05,1.6
"22/11/1983",0,-0.3
"23/11/1983",0.4,-1.5
"24/11/1983",4.41,3.6
"25/11/1983",12.92,7.4
"26/11/1983",23.45,12.1
"27/11/1983",2.67,9.8
"28/11/1983",0.6,8.5
"29/11/1983",0.06,7.5
"30/11/1983",0.14,5.3
"1/12/1983",0,5.1
"2/12/1983",0,3.6
"3/12/1983",0,3.8
"4/12/1983",0.45,4.3
"5/12/1983",0.82,5.4
"6/12/1983",0,4
"7/12/1983",1.44,2.5
"8/12/1983",18.23,4.3
"9/12/1983",9.07,7.4
"10/12/1983",0.1,2.1
"11/12/1983",5.42,-1.1
"12/12/1983",0.32,0.5
"13/12/1983",0.72,3.3
"14/12/1983",10.27,5
"15/12/1983",0.68,5.4
"16/12/1983",2.73,3.6
"17/12/1983",3.43,5.3
"18/12/1983",7.43,5.2
"19/12/1983",8.49,6.6
"20/12/1983",10.06,6.8
"21/12/1983",5.16,6.9
"22/12/1983",4.4,7.4
"23/12/1983",7.04,8.5
"24/12/1983",3.53,8.9
"25/12/1983",3.89,10.4
"26/12/1983",1.02,8.6
"27/12/1983",0.51,8.6
"28/12/1983",0.38,10.4
"29/12/1983",0.54,7.5
"30/12/1983",0.14,6.1
"31/12/1983",1.82,6.4
"1/01/1984",6.82,7.9
"2/01/1984",14.93,7.2
"3/01/1984",3.29,3.6
"4/01/1984",1.69,3.7
"5/01/1984",1.7,4.9
"6/01/1984",2.34,6.4
"7/01/1984",1.12,5.3
"8/01/1984",1.07,3
"9/01/1984",1.14,3
"10/01/1984",4.45,4.7
"11/01/1984",4.18,9.3
"12/01/1984",13.05,7
"13/01/1984",6.42,6.5
"14/01/1984",2.64,4.6
"15/01/1984",3.11,2
"16/01/1984",13.3,6.1
"17/01/1984",1.26,3.4
"18/01/1984",2.6,3.4
"19/01/1984",0.38,0.1
"20/01/1984",0.13,-0.3
"21/01/1984",7.36,0.1
"22/01/1984",8.19,0.8
"23/01/1984",13.81,1.5
"24/01/1984",1.33,1.1
"25/01/1984",9.48,0.5
"26/01/1984",7.91,1.7
"27/01/1984",1.57,4.1
"28/01/1984",4.51,5
"29/01/1984",1.2,5.4
"30/01/1984",6.95,3.7
"31/01/1984",1.39,3.6
"1/02/1984",8.07,4.4
"2/02/1984",3.35,6
"3/02/1984",3.97,7.5
"4/02/1984",3.82,7.2
"5/02/1984",7.76,5.6
"6/02/1984",7.87,5.8
"7/02/1984",3.61,5.2
"8/02/1984",0.2,5
"9/02/1984",0.09,4.8
"10/02/1984",0.28,4.4
"11/02/1984",0.09,5.3
"12/02/1984",0.01,6
"13/02/1984",0,-0.2
"14/02/1984",0,1.2
"15/02/1984",0,-1.9
"16/02/1984",0.12,-1
"17/02/1984",0.01,1.8
"18/02/1984",0.12,2.6
"19/02/1984",1.49,0.2
"20/02/1984",6.76,1.1
"21/02/1984",6.21,3
"22/02/1984",3.21,4.6
"23/02/1984",0.12,3.1
"24/02/1984",0.18,2.4
"25/02/1984",0.38,1.4
"26/02/1984",1.14,1.7
"27/02/1984",0.56,2.4
"28/02/1984",0.18,3.2
"29/02/1984",0.48,4
"1/03/1984",3.42,6.3
"2/03/1984",0.65,3.5
"3/03/1984",1.97,4
"4/03/1984",0.79,5.4
"5/03/1984",0.15,7.6
"6/03/1984",0.11,8.6
"7/03/1984",0.02,7.1
"8/03/1984",0.01,4.2
"9/03/1984",0.11,4.1
"10/03/1984",1.33,5
"11/03/1984",5.59,6
"12/03/1984",0.42,5.3
"13/03/1984",1.1,3.5
"14/03/1984",0.08,4.5
"15/03/1984",0.12,2.5
"16/03/1984",0.03,2.6
"17/03/1984",0.05,2.5
"18/03/1984",0.04,2.9
"19/03/1984",0.02,2.7
"20/03/1984",0.1,3.7
"21/03/1984",0.1,3.8
"22/03/1984",0.12,4
"23/03/1984",16.82,5.5
"24/03/1984",6.73,5.7
"25/03/1984",8.63,4.3
"26/03/1984",3.07,6
"27/03/1984",3.02,5.3
"28/03/1984",3.28,4.4
"29/03/1984",1.83,6
"30/03/1984",1.56,4.9
"31/03/1984",3.53,3.9
"1/04/1984",0.22,2.6
"2/04/1984",0.03,3.2
"3/04/1984",0.76,2.7
"4/04/1984",0.42,4.4
"5/04/1984",0.89,3.5
"6/04/1984",2,4.6
"7/04/1984",0.03,6.3
"8/04/1984",0.22,6.5
"9/04/1984",0.65,7.6
"10/04/1984",1.41,6.3
"11/04/1984",1.17,7.9
"12/04/1984",0,6.1
"13/04/1984",0,7.5
"14/04/1984",0.81,8.7
"15/04/1984",0.79,6.7
"16/04/1984",0.47,6.3
"17/04/1984",0.46,5.9
"18/04/1984",0.25,8.8
"19/04/1984",0.14,11.2
"20/04/1984",0,11.7
"21/04/1984",0.08,13.1
"22/04/1984",0,12.8
"23/04/1984",0,10.7
"24/04/1984",0,10.8
"25/04/1984",0,13.4
"26/04/1984",0,13.1
"27/04/1984",0,11.4
"28/04/1984",0,10.2
"29/04/1984",0,9.1
"30/04/1984",0,9.5
"1/05/1984",0,11.1
"2/05/1984",0.83,11.4
"3/05/1984",0.81,9.1
"4/05/1984",0.23,10.2
"5/05/1984",0.03,9.8
"6/05/1984",0.03,9.4
"7/05/1984",0.08,7.6
"8/05/1984",0,7
"9/05/1984",0.14,6.9
"10/05/1984",3.23,9.5
"11/05/1984",0,8.6
"12/05/1984",0,8.1
"13/05/1984",0,8.6
"14/05/1984",0.09,9.1
"15/05/1984",2.2,10.7
"16/05/1984",2.68,10.7
"17/05/1984",0.94,10
"18/05/1984",0.09,9.4
"19/05/1984",0.06,9.8
"20/05/1984",5.02,9.9
"21/05/1984",16.29,10.1
"22/05/1984",5.27,11.3
"23/05/1984",0.29,12.7
"24/05/1984",0.95,14.7
"25/05/1984",8,11.2
"26/05/1984",7.34,9.5
"27/05/1984",6.17,6.6
"28/05/1984",0.39,9.2
"29/05/1984",0.01,11
"30/05/1984",0,12.3
"31/05/1984",3.65,12.5
"1/06/1984",6.78,11.1
"2/06/1984",7.75,11.1
"3/06/1984",1.43,12.2
"4/06/1984",6.3,10.6
"5/06/1984",2.54,11.9
"6/06/1984",4.38,12.7
"7/06/1984",0.35,16.1
"8/06/1984",0,15
"9/06/1984",0.08,14.8
"10/06/1984",0,15.6
"11/06/1984",0,13.1
"12/06/1984",0.83,14.7
"13/06/1984",2.96,16
"14/06/1984",0.03,16.5
"15/06/1984",0.01,14.1
"16/06/1984",0.54,16.7
"17/06/1984",1.82,17.6
"18/06/1984",0,17.4
"19/06/1984",0,18.3
"20/06/1984",2.17,19.2
"21/06/1984",1.48,15.1
"22/06/1984",0.66,14
"23/06/1984",1.82,12.1
"24/06/1984",0.17,12.9
"25/06/1984",0.04,15.5
"26/06/1984",0.03,16.5
"27/06/1984",0.3,16
"28/06/1984",0.21,12.5
"29/06/1984",0.11,11.8
"30/06/1984",0,12.7
"1/07/1984",0.41,14
"2/07/1984",0.45,13.2
"3/07/1984",0,13.9
"4/07/1984",0,14.2
"5/07/1984",0,16
"6/07/1984",0,18
"7/07/1984",0,18.5
"8/07/1984",0.61,21.1
"9/07/1984",1.96,17.8
"10/07/1984",0.27,18.2
"11/07/1984",1.82,16.7
"12/07/1984",4.4,15.9
"13/07/1984",2.94,15.8
"14/07/1984",2.76,15.7
"15/07/1984",1.79,14.3
"16/07/1984",0,14.9
"17/07/1984",0.18,15.9
"18/07/1984",0.31,18.1
"19/07/1984",0.04,17
"20/07/1984",0,16.8
"21/07/1984",0,17.8
"22/07/1984",0.76,18.2
"23/07/1984",1.44,17.7
"24/07/1984",2.16,16.9
"25/07/1984",0.43,15.6
"26/07/1984",0,17
"27/07/1984",1.37,17.9
"28/07/1984",0.41,20.5
"29/07/1984",0,18.8
"30/07/1984",3.58,19.6
"31/07/1984",0.53,17.7
"1/08/1984",8.88,16
"2/08/1984",5.93,17.7
"3/08/1984",10.7,17.4
"4/08/1984",6.22,15.4
"5/08/1984",0.54,15.3
"6/08/1984",6.52,14.1
"7/08/1984",2.05,14.2
"8/08/1984",0.02,15.7
"9/08/1984",0.11,16.7
"10/08/1984",0,16.2
"11/08/1984",0,14.6
"12/08/1984",0.11,16.2
"13/08/1984",0.12,17.4
"14/08/1984",1.59,18.8
"15/08/1984",1.27,18.1
"16/08/1984",0,17
"17/08/1984",0,17.9
"18/08/1984",0.02,18.1
"19/08/1984",0,19.5
"20/08/1984",0.43,20.2
"21/08/1984",2.61,21.6
"22/08/1984",0.54,20.7
"23/08/1984",0.72,19.2
"24/08/1984",2.14,19.9
"25/08/1984",0,18.4
"26/08/1984",0.07,17.1
"27/08/1984",0.22,17.8
"28/08/1984",1.22,17.4
"29/08/1984",1.25,18.4
"30/08/1984",1.41,19.3
"31/08/1984",1.95,20.2
"1/09/1984",1.8,19.7
"2/09/1984",0.31,18
"3/09/1984",17.6,18.5
"4/09/1984",1.36,13.2
"5/09/1984",0.25,11.1
"6/09/1984",0.03,11.7
"7/09/1984",0.27,11.7
"8/09/1984",2.77,13.7
"9/09/1984",3.52,15.2
"10/09/1984",1.68,12.8
"11/09/1984",0.57,14.8
"12/09/1984",0.38,16.4
"13/09/1984",8.03,15.5
"14/09/1984",6.19,16.1
"15/09/1984",0.36,14.8
"16/09/1984",5.25,15.7
"17/09/1984",6.74,14
"18/09/1984",0.66,12.2
"19/09/1984",12.36,13.6
"20/09/1984",13.78,12.3
"21/09/1984",6.74,10
"22/09/1984",4.91,10.7
"23/09/1984",4.77,10.1
"24/09/1984",2.39,11
"25/09/1984",1.56,11
"26/09/1984",0.19,10.6
"27/09/1984",3.35,12.6
"28/09/1984",5.23,15.8
"29/09/1984",7.02,14.6
"30/09/1984",1.25,12.3
"1/10/1984",1,10.5
"2/10/1984",4.8,8.7
"3/10/1984",5.41,8.9
"4/10/1984",2.29,9
"5/10/1984",4.54,10.2
"6/10/1984",0.8,10.1
"7/10/1984",2.58,11.6
"8/10/1984",2.76,14.3
"9/10/1984",2.77,14.5
"10/10/1984",0.8,12
"11/10/1984",0.35,11.1
"12/10/1984",0.19,12.8
"13/10/1984",0.26,13.2
"14/10/1984",0.19,13.8
"15/10/1984",0.01,11.3
"16/10/1984",0.25,10.3
"17/10/1984",9.76,11.7
"18/10/1984",5.32,12.2
"19/10/1984",5.3,11.4
"20/10/1984",1.06,10
"21/10/1984",10,10.3
"22/10/1984",10.85,12.3
"23/10/1984",2.54,10.8
"24/10/1984",11.16,10.3
"25/10/1984",2.54,11.4
"26/10/1984",0.54,8.1
"27/10/1984",3.81,5.9
"28/10/1984",1.61,9.2
"29/10/1984",3.07,14
"30/10/1984",3.17,13
"31/10/1984",0.17,11.6
"1/11/1984",1.38,13
"2/11/1984",15.35,11.7
"3/11/1984",8.25,7.8
"4/11/1984",0.76,7.4
"5/11/1984",3.72,5.7
"6/11/1984",3.44,6.2
"7/11/1984",5.51,8.6
"8/11/1984",5.33,10.9
"9/11/1984",7.8,9.7
"10/11/1984",0.12,10.6
"11/11/1984",5.55,9
"12/11/1984",8.69,9.6
"13/11/1984",3.71,7.8
"14/11/1984",2.52,8.4
"15/11/1984",1.76,3
"16/11/1984",3.56,3
"17/11/1984",1.74,3.5
"18/11/1984",1.46,5.1
"19/11/1984",0.44,5
"20/11/1984",10.69,6.4
"21/11/1984",12.85,8.1
"22/11/1984",13.77,9.7
"23/11/1984",14.83,9.5
"24/11/1984",3.47,9
"25/11/1984",1.31,7.4
"26/11/1984",0.29,6.6
"27/11/1984",6.16,7
"28/11/1984",2.24,9.6
"29/11/1984",0.83,9.4
"30/11/1984",4.11,9.9
"1/12/1984",5.83,8.2
"2/12/1984",3.86,6.8
"3/12/1984",2.98,6.5
"4/12/1984",2.03,8.7
"5/12/1984",5.76,9.7
"6/12/1984",0.24,7.3
"7/12/1984",0,7.5
"8/12/1984",1.25,5
"9/12/1984",0.15,5.1
"10/12/1984",0,6.3
"11/12/1984",0,2.7
"12/12/1984",0.05,1.7
"13/12/1984",4.17,4.4
"14/12/1984",2.35,5.1
"15/12/1984",5.38,3.6
"16/12/1984",3.39,2.8
"17/12/1984",3.06,4.7
"18/12/1984",6.18,4.8
"19/12/1984",4.45,6.2
"20/12/1984",2.13,8.8
"21/12/1984",0.98,5.3
"22/12/1984",4.79,6.7
"23/12/1984",4.13,8.3
"24/12/1984",2.41,5.9
"25/12/1984",4.14,3.6
"26/12/1984",1.82,1.9
"27/12/1984",0.26,1.3
"28/12/1984",0.41,1.5
"29/12/1984",4.93,1.6
"30/12/1984",1.46,4.2
"31/12/1984",0.41,6.5
"1/01/1985",1.03,4
"2/01/1985",0.75,2.1
"3/01/1985",0.87,1.2
"4/01/1985",0.79,1.3
"5/01/1985",1.57,-0.5
"6/01/1985",1.39,0.4
"7/01/1985",0.92,-3.1
"8/01/1985",1.2,-2.6
"9/01/1985",0.51,-1.8
"10/01/1985",0.2,-0.2
"11/01/1985",0.25,0.6
"12/01/1985",1.06,-0.3
"13/01/1985",1.6,-1.6
"14/01/1985",1.49,-2.4
"15/01/1985",1.32,-2.2
"16/01/1985",1.35,-3.6
"17/01/1985",2.69,-4.4
"18/01/1985",1.61,-4
"19/01/1985",0.61,0
"20/01/1985",9.31,1.2
"21/01/1985",9.34,3.6
"22/01/1985",1.11,3.2
"23/01/1985",0.43,2.1
"24/01/1985",5.57,3.4
"25/01/1985",6.12,3.1
"26/01/1985",0.29,2.2
"27/01/1985",7.4,0.6
"28/01/1985",2.78,3.6
"29/01/1985",6.64,6.6
"30/01/1985",3.24,6.3
"31/01/1985",1.82,7.4
"1/02/1985",0.81,9.4
"2/02/1985",0.25,8.5
"3/02/1985",0.47,7.2
"4/02/1985",0.03,7.5
"5/02/1985",0.2,4.4
"6/02/1985",5.29,5.4
"7/02/1985",6.89,3
"8/02/1985",10.67,1.5
"9/02/1985",1.52,-1.7
"10/02/1985",0.16,-3.8
"11/02/1985",0,-4
"12/02/1985",0,-4
"13/02/1985",0.16,-4.1
"14/02/1985",0.11,-1.7
"15/02/1985",0,-2.8
"16/02/1985",0,-2.4
"17/02/1985",0.03,-1.1
"18/02/1985",0.02,-2.2
"19/02/1985",0.36,-2.2
"20/02/1985",0.31,0.5
"21/02/1985",0.11,3.1
"22/02/1985",0.67,3
"23/02/1985",0.05,5.6
"24/02/1985",0,5.9
"25/02/1985",0.36,4.8
"26/02/1985",0.44,6
"27/02/1985",0.06,7.5
"28/02/1985",2.63,5.3
"1/03/1985",2.92,5.1
"2/03/1985",2.28,4.5
"3/03/1985",4.17,6.8
"4/03/1985",1.25,6.2
"5/03/1985",0.12,5
"6/03/1985",3.97,4.5
"7/03/1985",0.51,6.2
"8/03/1985",0,6.5
"9/03/1985",0.28,5.8
"10/03/1985",0.92,6.8
"11/03/1985",0,4.7
"12/03/1985",0.29,3.7
"13/03/1985",0.56,4.1
"14/03/1985",0.73,4.7
"15/03/1985",3.85,3.6
"16/03/1985",2.34,1.5
"17/03/1985",0.1,1.7
"18/03/1985",0.12,1.7
"19/03/1985",0.27,0.8
"20/03/1985",2.81,-0.5
"21/03/1985",3.64,1.6
"22/03/1985",4.32,3.6
"23/03/1985",3.49,5
"24/03/1985",1.83,6
"25/03/1985",2.03,4.2
"26/03/1985",3.41,4.4
"27/03/1985",0.3,4.4
"28/03/1985",1.58,4.6
"29/03/1985",6.4,7
"30/03/1985",3.16,9.5
"31/03/1985",8.74,10.5
"1/04/1985",2.86,10.6
"2/04/1985",0.96,10.9
"3/04/1985",3.58,12.4
"4/04/1985",4.55,9.6
"5/04/1985",4.79,10
"6/04/1985",3.02,9.1
"7/04/1985",9.59,8.1
"8/04/1985",2.14,8.4
"9/04/1985",1.26,7.7
"10/04/1985",6.77,7.9
"11/04/1985",8.91,6.7
"12/04/1985",2.95,7.3
"13/04/1985",3.3,7.1
"14/04/1985",1.91,8.3
"15/04/1985",0.16,8.4
"16/04/1985",0.07,11.3
"17/04/1985",0,10.4
"18/04/1985",0.03,11.7
"19/04/1985",0.14,11
"20/04/1985",1.76,5.9
"21/04/1985",0.67,5.9
"22/04/1985",0.2,7.5
"23/04/1985",0,7.3
"24/04/1985",0.11,5.3
"25/04/1985",0.09,6.3
"26/04/1985",0.3,4.8
"27/04/1985",0.62,7.6
"28/04/1985",4.49,4.6
"29/04/1985",2.03,6.9
"30/04/1985",0.39,10
"1/05/1985",0.71,8.4
"2/05/1985",0.2,8.3
"3/05/1985",0.08,8.2
"4/05/1985",0.76,7.9
"5/05/1985",1.8,8.2
"6/05/1985",0.39,10
"7/05/1985",0.79,10.5
"8/05/1985",1.64,11.8
"9/05/1985",0.91,10.2
"10/05/1985",0.1,8.9
"11/05/1985",0.02,9
"12/05/1985",2.34,9.1
"13/05/1985",1.45,9.2
"14/05/1985",19.7,9
"15/05/1985",1.08,11.5
"16/05/1985",0.06,11.8
"17/05/1985",0.04,13.8
"18/05/1985",3.83,13.9
"19/05/1985",2.01,10.7
"20/05/1985",5.66,11.4
"21/05/1985",4.37,10.5
"22/05/1985",0.95,10.4
"23/05/1985",3.17,11.8
"24/05/1985",2.54,13.1
"25/05/1985",4.01,13.6
"26/05/1985",4.83,16.1
"27/05/1985",5.04,13.5
"28/05/1985",0,12.3
"29/05/1985",0,11.1
"30/05/1985",0,12.2
"31/05/1985",0,11.7
"1/06/1985",0,13.1
"2/06/1985",0,14.5
"3/06/1985",0.5,15.1
"4/06/1985",6.81,15.2
"5/06/1985",5.93,15.2
"6/06/1985",13.61,10
"7/06/1985",2.76,8.8
"8/06/1985",4.12,8.8
"9/06/1985",3.23,11.6
"10/06/1985",1.1,11.6
"11/06/1985",10.95,12.7
"12/06/1985",2.65,11.1
"13/06/1985",2.13,12
"14/06/1985",0.51,10.9
"15/06/1985",0.02,10.6
"16/06/1985",0,11.3
"17/06/1985",1.97,10.5
"18/06/1985",0.83,13.1
"19/06/1985",2.9,12.6
"20/06/1985",9.21,13.7
"21/06/1985",7.96,12.7
"22/06/1985",5.84,13.4
"23/06/1985",5.33,13.7
"24/06/1985",3.06,14.3
"25/06/1985",4.32,12.4
"26/06/1985",1.6,12.8
"27/06/1985",0.62,13.8
"28/06/1985",1.57,13.8
"29/06/1985",1.15,15.6
"30/06/1985",1.05,15.3
"1/07/1985",0.04,16.4
"2/07/1985",0,16.3
"3/07/1985",0,17.4
"4/07/1985",0.36,19.1
"5/07/1985",1.85,19.3
"6/07/1985",0.06,14.7
"7/07/1985",0.24,14.3
"8/07/1985",0.97,17
"9/07/1985",0,15.7
"10/07/1985",0.07,14.9
"11/07/1985",1.3,15.7
"12/07/1985",0.84,17.8
"13/07/1985",6.45,18.3
"14/07/1985",1.17,17.1
"15/07/1985",3.63,13.5
"16/07/1985",0.47,15
"17/07/1985",4.3,14.7
"18/07/1985",2.88,14.9
"19/07/1985",4.5,14
"20/07/1985",3.41,13.8
"21/07/1985",5.1,13.7
"22/07/1985",2.83,15.5
"23/07/1985",0.4,16.4
"24/07/1985",0,18.1
"25/07/1985",1,19.9
"26/07/1985",9.25,18
"27/07/1985",7.32,16.9
"28/07/1985",10.13,16.1
"29/07/1985",7.62,14.7
"30/07/1985",0.69,16
"31/07/1985",0.28,16.1
"1/08/1985",0.97,14.6
"2/08/1985",4.44,14.9
"3/08/1985",3.5,14.3
"4/08/1985",20.52,13.5
"5/08/1985",2.65,14.4
"6/08/1985",1.92,13.6
"7/08/1985",1.97,13.8
"8/08/1985",3.95,13.9
"9/08/1985",3.45,15.3
"10/08/1985",3.25,13.3
"11/08/1985",8.37,13.5
"12/08/1985",4.35,13.4
"13/08/1985",1.85,14.5
"14/08/1985",5.87,15.1
"15/08/1985",4.96,14.2
"16/08/1985",3.04,14.9
"17/08/1985",0.81,15.4
"18/08/1985",4.12,14.8
"19/08/1985",2.8,16.7
"20/08/1985",3.38,15.4
"21/08/1985",4.12,15.9
"22/08/1985",0.54,14.7
"23/08/1985",12.57,13.7
"24/08/1985",2.61,14.1
"25/08/1985",2.53,12.8
"26/08/1985",0.44,13.3
"27/08/1985",1.58,13.5
"28/08/1985",0.65,16.3
"29/08/1985",0.37,17.6
"30/08/1985",0.46,17.2
"31/08/1985",2.09,14.9
"1/09/1985",0.5,12.6
"2/09/1985",11.03,12.6
"3/09/1985",3.08,14
"4/09/1985",4.49,12
"5/09/1985",0.65,13.5
"6/09/1985",0.29,11.9
"7/09/1985",3.88,11.3
"8/09/1985",0.23,14.6
"9/09/1985",0.04,16.1
"10/09/1985",0.01,16.7
"11/09/1985",0,16.3
"12/09/1985",0.14,16.8
"13/09/1985",1.35,14.2
"14/09/1985",1.46,13
"15/09/1985",0.76,12.4
"16/09/1985",1.9,13.6
"17/09/1985",0.8,15.2
"18/09/1985",1.81,16.1
"19/09/1985",0.37,16
"20/09/1985",2.55,12.2
"21/09/1985",8.19,15
"22/09/1985",1.4,17.2
"23/09/1985",0.19,14.9
"24/09/1985",0.07,14.4
"25/09/1985",0.34,15.9
"26/09/1985",0.07,16.7
"27/09/1985",0,16
"28/09/1985",0,15.3
"29/09/1985",0.03,15.5
"30/09/1985",0.3,17.4
"1/10/1985",0.06,20.2
"2/10/1985",4.75,16.4
"3/10/1985",4.66,16.3
"4/10/1985",1.47,14.7
"5/10/1985",0.96,14
"6/10/1985",20.88,13.2
"7/10/1985",3.74,11.8
"8/10/1985",6.22,9.9
"9/10/1985",0.65,11.8
"10/10/1985",0.69,13.9
"11/10/1985",0.03,14.6
"12/10/1985",0,10.7
"13/10/1985",0,11.1
"14/10/1985",0,10
"15/10/1985",0.05,10.8
"16/10/1985",0,11.1
"17/10/1985",0,10.9
"18/10/1985",0,10.6
"19/10/1985",0,10.2
"20/10/1985",0,10.2
"21/10/1985",0,9.1
"22/10/1985",0,9.7
"23/10/1985",0,8.7
"24/10/1985",0,8.5
"25/10/1985",0,8.5
"26/10/1985",0,6.3
"27/10/1985",0,7.4
"28/10/1985",0.06,7.8
"29/10/1985",0.12,8.2
"30/10/1985",0.86,7.1
"31/10/1985",1.54,6.6
"1/11/1985",1.24,6.7
"2/11/1985",0.12,4.5
"3/11/1985",0.46,2.9
"4/11/1985",4.48,6.7
"5/11/1985",2.7,8.3
"6/11/1985",1.65,6.5
"7/11/1985",8.81,9.1
"8/11/1985",10.15,11.4
"9/11/1985",7.77,10
"10/11/1985",0.62,3.1
"11/11/1985",0.47,3.6
"12/11/1985",0.12,1.5
"13/11/1985",0.17,0.3
"14/11/1985",5.14,1.7
"15/11/1985",1.21,4.9
"16/11/1985",6.21,3.3
"17/11/1985",0.06,2.7
"18/11/1985",0.14,2.7
"19/11/1985",0.64,1.5
"20/11/1985",2.08,2.2
"21/11/1985",0.5,3
"22/11/1985",0.72,3.8
"23/11/1985",1.12,4.4
"24/11/1985",0.78,4.2
"25/11/1985",0.42,3.6
"26/11/1985",1.1,2.7
"27/11/1985",1.53,1.8
"28/11/1985",2.42,0.4
"29/11/1985",5.93,-0.7
"30/11/1985",4.19,5.1
"1/12/1985",5.03,8.4
"2/12/1985",5.34,12.2
"3/12/1985",2.2,12.2
"4/12/1985",7.57,10.9
"5/12/1985",8.68,9.2
"6/12/1985",13.33,7.1
"7/12/1985",3.83,7.6
"8/12/1985",0.64,3.7
"9/12/1985",0.51,3.3
"10/12/1985",4.46,3.3
"11/12/1985",0.37,4.5
"12/12/1985",4.43,7.7
"13/12/1985",1.38,9.5
"14/12/1985",0.48,10.8
"15/12/1985",0.15,11.2
"16/12/1985",0.03,9.7
"17/12/1985",4.82,8.9
"18/12/1985",0.49,8.8
"19/12/1985",2.05,7.4
"20/12/1985",4.26,8.1
"21/12/1985",11.58,10.2
"22/12/1985",2.57,7.7
"23/12/1985",12.08,6.7
"24/12/1985",5.32,5.3
"25/12/1985",12.14,4.1
"26/12/1985",1.83,3.5
"27/12/1985",0.55,0
"28/12/1985",0.54,-3.3
"29/12/1985",0.82,-3.6
"30/12/1985",4.99,-0.8
"31/12/1985",2.43,1.2
"1/01/1986",12.15,2.3
"2/01/1986",7.47,2.7
"3/01/1986",0.16,2.2
"4/01/1986",7.71,0.4
"5/01/1986",2.3,0.4
"6/01/1986",1.97,1.2
"7/01/1986",12.23,-0.8
"8/01/1986",1.77,0.6
"9/01/1986",9.41,4.5
"10/01/1986",2.15,6
"11/01/1986",1.88,6.2
"12/01/1986",1.38,6.9
"13/01/1986",2.93,8.1
"14/01/1986",2.25,6.3
"15/01/1986",0.76,5.5
"16/01/1986",1.25,2
"17/01/1986",3.87,4.5
"18/01/1986",5.33,5.5
"19/01/1986",4.33,9.6
"20/01/1986",6.78,5.8
"21/01/1986",3.32,6.2
"22/01/1986",8.29,5.5
"23/01/1986",1.96,5.1
"24/01/1986",0.41,2.8
"25/01/1986",0.87,1.2
"26/01/1986",1.8,-0.8
"27/01/1986",3.32,0.3
"28/01/1986",9.17,1.7
"29/01/1986",8.04,1.4
"30/01/1986",0.97,1.9
"31/01/1986",1.34,2.7
"1/02/1986",4.32,2.2
"2/02/1986",3.53,2.3
"3/02/1986",0.61,1.6
"4/02/1986",0.22,1.1
"5/02/1986",4.11,0.4
"6/02/1986",1.34,-1.7
"7/02/1986",0.74,-1.4
"8/02/1986",0.42,-0.9
"9/02/1986",0.21,-1.6
"10/02/1986",0.03,-4.6
"11/02/1986",0.02,-4.2
"12/02/1986",0,-1.2
"13/02/1986",0.04,-0.9
"14/02/1986",0.1,-1.9
"15/02/1986",0.06,-0.5
"16/02/1986",0.03,-0.6
"17/02/1986",0.04,0
"18/02/1986",0.13,-0.2
"19/02/1986",0.34,0.1
"20/02/1986",0.16,-2.5
"21/02/1986",0.65,-4.3
"22/02/1986",0.67,-2.6
"23/02/1986",0.5,-2.4
"24/02/1986",0.4,-1
"25/02/1986",0.11,-1.9
"26/02/1986",0,-2.3
"27/02/1986",0.11,-1.5
"28/02/1986",0.97,0.3
"1/03/1986",0.12,-0.2
"2/03/1986",0.03,0.2
"3/03/1986",4.98,-0.4
"4/03/1986",7.47,3.1
"5/03/1986",0.57,7.6
"6/03/1986",0.3,4.7
"7/03/1986",0,4.8
"8/03/1986",1.41,4.7
"9/03/1986",1.28,4
"10/03/1986",0.5,5.1
"11/03/1986",0.18,3.9
"12/03/1986",0.21,2.7
"13/03/1986",0.3,2.2
"14/03/1986",0.09,5.1
"15/03/1986",0.44,7.7
"16/03/1986",1.74,7
"17/03/1986",0.39,5.3
"18/03/1986",7.02,5.4
"19/03/1986",2.81,6.3
"20/03/1986",0.88,6.4
"21/03/1986",2.56,7.1
"22/03/1986",6.29,8.6
"23/03/1986",11.31,6.7
"24/03/1986",3.35,4.4
"25/03/1986",0.96,4.3
"26/03/1986",5.44,6.5
"27/03/1986",5.42,8.3
"28/03/1986",4.71,6.5
"29/03/1986",5.23,7.5
"30/03/1986",4.64,3.3
"31/03/1986",2.79,4.5
"1/04/1986",0.91,5.8
"2/04/1986",2.12,3.7
"3/04/1986",1.78,4.1
"4/04/1986",0.72,4.6
"5/04/1986",0.97,4
"6/04/1986",1.69,3.4
"7/04/1986",7.34,1.8
"8/04/1986",0.82,3.2
"9/04/1986",0.14,5.9
"10/04/1986",0.21,4.2
"11/04/1986",1.21,2.8
"12/04/1986",1.52,4.8
"13/04/1986",4.89,3.9
"14/04/1986",7.93,6.4
"15/04/1986",9.64,7
"16/04/1986",6.71,6.1
"17/04/1986",3.22,5.4
"18/04/1986",0.55,5.2
"19/04/1986",12.19,5.7
"20/04/1986",1.9,8
"21/04/1986",8.42,5.5
"22/04/1986",3.14,6.7
"23/04/1986",3.66,7
"24/04/1986",1.64,8.6
"25/04/1986",0.51,7.5
"26/04/1986",0.71,8.8
"27/04/1986",0.28,9.1
"28/04/1986",1.26,7.2
"29/04/1986",0.44,7.5
"30/04/1986",0.24,9
"1/05/1986",0,11.4
"2/05/1986",0.33,13.1
"3/05/1986",1.8,10.7
"4/05/1986",2.6,9.6
"5/05/1986",2.2,10.8
"6/05/1986",8.17,10.2
"7/05/1986",3.4,9.8
"8/05/1986",2.48,10.4
"9/05/1986",2.81,10.5
"10/05/1986",1.22,12.9
"11/05/1986",3.15,12
"12/05/1986",0.92,12
"13/05/1986",1.26,10.7
"14/05/1986",11.73,9.2
"15/05/1986",0.99,8.6
"16/05/1986",1.57,9.1
"17/05/1986",5.9,10.3
"18/05/1986",0,12.5
"19/05/1986",7.45,12.2
"20/05/1986",11.41,13.9
"21/05/1986",3.19,10.9
"22/05/1986",1.6,10.7
"23/05/1986",0.24,11.9
"24/05/1986",2.01,11.3
"25/05/1986",1.17,12.8
"26/05/1986",0.5,13.5
"27/05/1986",0.5,10.8
"28/05/1986",2.38,10
"29/05/1986",0.49,10.2
"30/05/1986",3.72,10.3
"31/05/1986",2.46,10.5
"1/06/1986",0.85,13.2
"2/06/1986",1.54,14.9
"3/06/1986",1.89,12.3
"4/06/1986",0.63,9.6
"5/06/1986",0.46,9.4
"6/06/1986",0.1,9.8
"7/06/1986",0.11,11.2
"8/06/1986",1.01,11.8
"9/06/1986",10.63,13.1
"10/06/1986",7.33,12.6
"11/06/1986",0.54,11.1
"12/06/1986",0.17,12.3
"13/06/1986",0.11,15.1
"14/06/1986",0,16.7
"15/06/1986",0,17.9
"16/06/1986",0.46,19.7
"17/06/1986",0.95,16.9
"18/06/1986",0.03,13.7
"19/06/1986",0.38,14.9
"20/06/1986",0.91,13.8
"21/06/1986",4.08,14.6
"22/06/1986",1.61,13.2
"23/06/1986",7.01,13.2
"24/06/1986",0.57,14.4
"25/06/1986",0.04,17.3
"26/06/1986",0.06,19.2
"27/06/1986",0.04,20.6
"28/06/1986",0.56,21.9
"29/06/1986",2.38,20.2
"30/06/1986",0.51,18.4
"1/07/1986",0,17.1
"2/07/1986",0.82,17.1
"3/07/1986",1.01,17.1
"4/07/1986",6.28,16.5
"5/07/1986",3.02,15.9
"6/07/1986",0.47,15
"7/07/1986",0.58,14.5
"8/07/1986",1.3,15.3
"9/07/1986",0.65,13.1
"10/07/1986",2.79,15.9
"11/07/1986",2.71,15.2
"12/07/1986",0.95,15.7
"13/07/1986",0.24,16.3
"14/07/1986",0.07,19
"15/07/1986",0.13,21.1
"16/07/1986",0.06,19.9
"17/07/1986",0,15.4
"18/07/1986",0,13.8
"19/07/1986",1.54,14.3
"20/07/1986",0.1,16.3
"21/07/1986",0.58,15.1
"22/07/1986",0.81,14.6
"23/07/1986",3.39,12.7
"24/07/1986",3.18,14.6
"25/07/1986",0.75,16.6
"26/07/1986",0.13,17.6
"27/07/1986",2.03,15.6
"28/07/1986",9.31,17.3
"29/07/1986",2.09,16.4
"30/07/1986",8.83,12.4
"31/07/1986",1.32,14.4
"1/08/1986",4.4,13.2
"2/08/1986",0.61,15.9
"3/08/1986",10.17,12.5
"4/08/1986",3.39,13.8
"5/08/1986",2.3,14.1
"6/08/1986",4.77,15.7
"7/08/1986",1.17,14.9
"8/08/1986",0.08,15.1
"9/08/1986",0.81,14.7
"10/08/1986",8,15.9
"11/08/1986",0.5,14.6
"12/08/1986",0.98,15.2
"13/08/1986",2.24,16.1
"14/08/1986",0.65,16.7
"15/08/1986",0.77,14.4
"16/08/1986",0.12,13.6
"17/08/1986",0.68,14.8
"18/08/1986",6.88,13.3
"19/08/1986",1.05,12.9
"20/08/1986",0.04,13.3
"21/08/1986",4.6,11
"22/08/1986",5.65,14.3
"23/08/1986",2.57,12.4
"24/08/1986",0.66,12.9
"25/08/1986",43.23,11.5
"26/08/1986",5.94,12.8
"27/08/1986",2.01,12.5
"28/08/1986",1,11.9
"29/08/1986",0.67,11.5
"30/08/1986",0.57,11.9
"31/08/1986",1.81,11.2
"1/09/1986",0.35,13.3
"2/09/1986",8.78,15.4
"3/09/1986",0.61,12.8
"4/09/1986",0,11.2
"5/09/1986",0.1,12.3
"6/09/1986",0.06,12.3
"7/09/1986",0.01,11.8
"8/09/1986",0,11.7
"9/09/1986",0.03,9.5
"10/09/1986",0,9.8
"11/09/1986",0.05,9.8
"12/09/1986",0.26,10.5
"13/09/1986",13.89,9.2
"14/09/1986",0.53,10.7
"15/09/1986",2.97,7.9
"16/09/1986",0.04,8.7
"17/09/1986",0.24,8.9
"18/09/1986",0,9.6
"19/09/1986",0,8.9
"20/09/1986",0,11.1
"21/09/1986",0.12,11.5
"22/09/1986",0.09,13.1
"23/09/1986",0,13.1
"24/09/1986",0,12
"25/09/1986",0,11.1
"26/09/1986",0.06,9.3
"27/09/1986",0.25,12.4
"28/09/1986",0.1,14.9
"29/09/1986",0.03,14.4
"30/09/1986",0.03,12.1
"1/10/1986",0.08,13
"2/10/1986",0,13.4
"3/10/1986",0,13
"4/10/1986",0.63,13.2
"5/10/1986",0.11,13.6
"6/10/1986",0.3,15.1
"7/10/1986",0.41,15.7
"8/10/1986",0.14,15
"9/10/1986",2.48,14.7
"10/10/1986",0.53,13.6
"11/10/1986",0.03,10.5
"12/10/1986",0.07,9.2
"13/10/1986",0.96,11.9
"14/10/1986",5.42,13.4
"15/10/1986",0.05,10.7
"16/10/1986",0.07,7.6
"17/10/1986",0.99,7.8
"18/10/1986",6.01,8.4
"19/10/1986",13.9,8.5
"20/10/1986",4.35,8.9
"21/10/1986",13.67,9.3
"22/10/1986",4.07,10.1
"23/10/1986",0.94,7.1
"24/10/1986",8.03,7.3
"25/10/1986",3.13,8.5
"26/10/1986",3.63,9.4
"27/10/1986",6.31,11.1
"28/10/1986",4.28,13.6
"29/10/1986",2.92,8.3
"30/10/1986",2.05,9.6
"31/10/1986",12.13,9
"1/11/1986",1.61,8
"2/11/1986",1.06,5
"3/11/1986",1.66,6
"4/11/1986",0.38,6.7
"5/11/1986",1.93,8.4
"6/11/1986",1.06,8.2
"7/11/1986",5.68,8.6
"8/11/1986",0.5,7.3
"9/11/1986",7.37,9.3
"10/11/1986",4.47,11
"11/11/1986",0.81,10.4
"12/11/1986",2.42,7.5
"13/11/1986",7.63,8.8
"14/11/1986",8.85,9.5
"15/11/1986",1.57,9
"16/11/1986",3.44,8.8
"17/11/1986",8.73,6
"18/11/1986",17.67,8.4
"19/11/1986",2.1,8.6
"20/11/1986",13.8,6.4
"21/11/1986",2.21,5.8
"22/11/1986",8.26,6.2
"23/11/1986",2.77,7.3
"24/11/1986",2.75,9.5
"25/11/1986",10.69,11.8
"26/11/1986",1.01,7.7
"27/11/1986",0.01,7.1
"28/11/1986",0.07,7.3
"29/11/1986",0,3.7
"30/11/1986",0.34,5.1
"1/12/1986",1.64,7.4
"2/12/1986",0.71,8.6
"3/12/1986",4.8,10.6
"4/12/1986",2.9,11.7
"5/12/1986",5.16,11.4
"6/12/1986",0.26,4.9
"7/12/1986",8.89,6.4
"8/12/1986",5.58,8.5
"9/12/1986",1.42,6.7
"10/12/1986",6.02,3.8
"11/12/1986",3.72,4.8
"12/12/1986",10.32,4.2
"13/12/1986",1.81,4.6
"14/12/1986",7.04,3.9
"15/12/1986",8.83,4.3
"16/12/1986",1.58,4.9
"17/12/1986",8.42,7.2
"18/12/1986",6.43,7.1
"19/12/1986",2.13,4
"20/12/1986",1.46,4.4
"21/12/1986",1.72,3.3
"22/12/1986",0.42,2.2
"23/12/1986",0.42,2.8
"24/12/1986",8.24,5.3
"25/12/1986",2.04,5.9
"26/12/1986",1.14,4.3
"27/12/1986",1.82,5.4
"28/12/1986",1.04,7.7
"29/12/1986",15.71,9.3
"30/12/1986",9.09,9.8
"31/12/1986",11.65,8.2
"1/01/1987",6.14,7.5
"2/01/1987",0.17,5.8
"3/01/1987",1.4,1.9
"4/01/1987",6.79,4
"5/01/1987",1.56,5.8
"6/01/1987",0.56,4.1
"7/01/1987",0.25,1.2
"8/01/1987",0.46,-1.6
"9/01/1987",0.56,-1.6
"10/01/1987",0.48,-0.1
"11/01/1987",2.25,-5
"12/01/1987",3.49,-7.7
"13/01/1987",4.72,-6.6
"14/01/1987",2.04,-3.6
"15/01/1987",0.27,-2
"16/01/1987",0.01,0
"17/01/1987",0.03,-2
"18/01/1987",0.37,-2.4
"19/01/1987",0.81,-0.5
"20/01/1987",0.5,1
"21/01/1987",0.27,3.6
"22/01/1987",0.16,4.9
"23/01/1987",0.15,4.6
"24/01/1987",0.08,4.7
"25/01/1987",0.09,3.8
"26/01/1987",0.1,3.9
"27/01/1987",0.06,1.4
"28/01/1987",0.13,2.5
"29/01/1987",0.04,1.2
"30/01/1987",0,-1.7
"31/01/1987",0,-1.9
"1/02/1987",6.13,-1.1
"2/02/1987",3.23,0.8
"3/02/1987",0.08,5.7
"4/02/1987",0.55,4.9
"5/02/1987",2.63,7.5
"6/02/1987",0.94,8.8
"7/02/1987",3.18,6.2
"8/02/1987",4.5,7.6
"9/02/1987",6.34,7.5
"10/02/1987",0.92,5.6
"11/02/1987",2.89,3.5
"12/02/1987",0.67,3.4
"13/02/1987",4.58,2
"14/02/1987",0.21,2.6
"15/02/1987",0.31,1.5
"16/02/1987",0.63,0.2
"17/02/1987",0.53,0.7
"18/02/1987",0.27,1.1
"19/02/1987",0.21,0
"20/02/1987",0.02,0.5
"21/02/1987",0.14,1.5
"22/02/1987",0.21,3.8
"23/02/1987",0.11,2.2
"24/02/1987",0,1.3
"25/02/1987",0.85,0.4
"26/02/1987",10.82,4.2
"27/02/1987",4.64,7
"28/02/1987",4.06,10.2
"1/03/1987",9.29,9.1
"2/03/1987",0.28,7.1
"3/03/1987",1.22,0.8
"4/03/1987",0.38,1.2
"5/03/1987",3.83,2.5
"6/03/1987",5.96,2.8
"7/03/1987",6.41,0.8
"8/03/1987",0.07,1.3
"9/03/1987",0.02,0.5
"10/03/1987",0,1.3
"11/03/1987",0,1.6
"12/03/1987",0,0.8
"13/03/1987",0.21,0.5
"14/03/1987",0.22,1.8
"15/03/1987",0.12,3.8
"16/03/1987",1.99,4.6
"17/03/1987",3.37,7.7
"18/03/1987",2.86,4.5
"19/03/1987",0.81,2.6
"20/03/1987",1.03,3
"21/03/1987",0.57,2.6
"22/03/1987",7.34,3.9
"23/03/1987",5.73,7
"24/03/1987",7.77,7.6
"25/03/1987",1.62,8
"26/03/1987",16.84,6.6
"27/03/1987",6.75,8.3
"28/03/1987",1.74,6.3
"29/03/1987",0.55,4.1
"30/03/1987",0.07,6.1
"31/03/1987",5.91,7.7
"1/04/1987",9.67,6.9
"2/04/1987",3.31,4.8
"3/04/1987",5.2,6.5
"4/04/1987",9.37,7.4
"5/04/1987",2.75,7.9
"6/04/1987",7.21,8.9
"7/04/1987",9.61,7.3
"8/04/1987",2.25,8.5
"9/04/1987",2.83,9.4
"10/04/1987",6.92,7.3
"11/04/1987",0.75,6.8
"12/04/1987",0.61,6.5
"13/04/1987",0.4,8.7
"14/04/1987",0.03,10.8
"15/04/1987",0,10.3
"16/04/1987",0,12.5
"17/04/1987",0,13.4
"18/04/1987",0.97,11.9
"19/04/1987",2.3,12.6
"20/04/1987",0.2,9.3
"21/04/1987",0,10.5
"22/04/1987",0.02,11.5
"23/04/1987",0,12
"24/04/1987",0,13.1
"25/04/1987",0,14.2
"26/04/1987",0,13.7
"27/04/1987",0,13.9
"28/04/1987",0.55,14.2
"29/04/1987",2.43,15.2
"30/04/1987",1.85,13
"1/05/1987",2.55,11.4
"2/05/1987",1.77,7.2
"3/05/1987",0.79,6.9
"4/05/1987",0,6.9
"5/05/1987",0,9.7
"6/05/1987",0,10.6
"7/05/1987",0,11.7
"8/05/1987",0,11.7
"9/05/1987",0,11.7
"10/05/1987",0.59,9.6
"11/05/1987",5.31,9.5
"12/05/1987",2.34,9.6
"13/05/1987",7.3,7.9
"14/05/1987",3.46,8.9
"15/05/1987",1.2,7.6
"16/05/1987",1.19,7.7
"17/05/1987",4.87,8.5
"18/05/1987",0.64,9.5
"19/05/1987",0.02,9.7
"20/05/1987",0.1,9.1
"21/05/1987",0.61,9.9
"22/05/1987",4.05,8.4
"23/05/1987",1.73,9.1
"24/05/1987",1.23,10.8
"25/05/1987",0.2,10.8
"26/05/1987",0.74,14.6
"27/05/1987",0.63,12.7
"28/05/1987",1.06,11.6
"29/05/1987",1.26,12.2
"30/05/1987",4.77,14.2
"31/05/1987",0.56,14.2
"1/06/1987",1.95,13.5
"2/06/1987",8.81,12.2
"3/06/1987",4.86,13.2
"4/06/1987",1.92,13.4
"5/06/1987",14.26,10.4
"6/06/1987",5,13.2
"7/06/1987",3.06,11.3
"8/06/1987",5.6,11.3
"9/06/1987",2.04,10
"10/06/1987",3.19,10.2
"11/06/1987",2.61,12.1
"12/06/1987",0.96,10.6
"13/06/1987",1.2,10.2
"14/06/1987",5.18,10.4
"15/06/1987",1.82,10.7
"16/06/1987",4.47,10.5
"17/06/1987",2.07,11.9
"18/06/1987",10.49,12.3
"19/06/1987",3.95,12.9
"20/06/1987",0.76,12.5
"21/06/1987",1.63,12.4
"22/06/1987",3.62,13.1
"23/06/1987",1.39,12.7
"24/06/1987",2.19,14.8
"25/06/1987",9.26,12.7
"26/06/1987",2.28,14.6
"27/06/1987",1.9,16.7
"28/06/1987",1.74,18.8
"29/06/1987",0.85,20.1
"30/06/1987",0.06,16.1
"1/07/1987",0.03,14.2
"2/07/1987",0,14.6
"3/07/1987",0,15.8
"4/07/1987",0,17.1
"5/07/1987",0,18.5
"6/07/1987",0,19.3
"7/07/1987",0,17.2
"8/07/1987",0.03,15.4
"9/07/1987",2.46,14.4
"10/07/1987",4.09,18.5
"11/07/1987",0.11,17.7
"12/07/1987",0.01,16.4
"13/07/1987",1.39,17.4
"14/07/1987",3.14,17.8
"15/07/1987",4.87,18.3
"16/07/1987",3.99,15.2
"17/07/1987",6.31,14.6
"18/07/1987",14.93,13.5
"19/07/1987",7.88,14
"20/07/1987",2.32,15.2
"21/07/1987",1.77,14
"22/07/1987",0.4,15
"23/07/1987",0.57,14
"24/07/1987",1.32,14.8
"25/07/1987",0.2,13.8
"26/07/1987",6.12,13.6
"27/07/1987",0.38,16.2
"28/07/1987",4.35,15.9
"29/07/1987",4.95,17.2
"30/07/1987",0.99,15.6
"31/07/1987",0.55,17.8
"1/08/1987",3.78,15.2
"2/08/1987",1.1,15.7
"3/08/1987",1.24,15.5
"4/08/1987",0.87,13.6
"5/08/1987",0.09,12.7
"6/08/1987",0.31,12
"7/08/1987",0.66,12.1
"8/08/1987",0.61,13.8
"9/08/1987",2.46,14.1
"10/08/1987",0.12,13.1
"11/08/1987",4.61,13
"12/08/1987",6.5,16
"13/08/1987",0.56,17.8
"14/08/1987",0.05,15.7
"15/08/1987",1.37,18.2
"16/08/1987",1.36,18.7
"17/08/1987",2.83,19
"18/08/1987",0.92,18.3
"19/08/1987",0.35,17.8
"20/08/1987",0.91,20.9
"21/08/1987",6.06,20.4
"22/08/1987",6.19,18.1
"23/08/1987",4.39,15.2
"24/08/1987",3.13,13.3
"25/08/1987",11.07,13.3
"26/08/1987",5.77,13.4
"27/08/1987",0.22,13
"28/08/1987",0.57,15.6
"29/08/1987",0.02,16.7
"30/08/1987",0,16.3
"31/08/1987",0.58,15.2
"1/09/1987",1.48,15.4
"2/09/1987",0.24,15.1
"3/09/1987",0.59,17.3
"4/09/1987",4.76,15
"5/09/1987",4.13,14.7
"6/09/1987",7.49,13.5
"7/09/1987",1.13,15
"8/09/1987",0.24,13.4
"9/09/1987",2.85,12.7
"10/09/1987",0.47,14.8
"11/09/1987",5.28,14.6
"12/09/1987",4.88,16.8
"13/09/1987",0.73,14.1
"14/09/1987",0.76,13.9
"15/09/1987",1.87,13.6
"16/09/1987",6.58,14.6
"17/09/1987",1.66,16.1
"18/09/1987",1.07,14.4
"19/09/1987",8.3,11.9
"20/09/1987",0.13,16.2
"21/09/1987",3.88,17.5
"22/09/1987",2.13,14.6
"23/09/1987",3.58,13.8
"24/09/1987",1.35,12.1
"25/09/1987",0.59,10.8
"26/09/1987",0.05,8.8
"27/09/1987",0.03,7.7
"28/09/1987",0.03,9.4
"29/09/1987",0.11,8.4
"30/09/1987",0,10.3
"1/10/1987",0.03,10.7
"2/10/1987",1.4,11.8
"3/10/1987",6.67,13.7
"4/10/1987",0.87,13
"5/10/1987",4.97,14.2
"6/10/1987",7.07,12.1
"7/10/1987",14.85,11
"8/10/1987",6.4,9.8
"9/10/1987",23.81,9.1
"10/10/1987",8.75,7.4
"11/10/1987",2.11,7.9
"12/10/1987",3.15,9.3
"13/10/1987",4.52,9.1
"14/10/1987",10.83,8.1
"15/10/1987",22.47,10
"16/10/1987",5.48,9.4
"17/10/1987",4.38,10.7
"18/10/1987",10.44,12.2
"19/10/1987",2.39,13.4
"20/10/1987",19.11,11.9
"21/10/1987",2.46,11.9
"22/10/1987",0.2,8.7
"23/10/1987",0.01,5.5
"24/10/1987",0.01,5.8
"25/10/1987",0,5.9
"26/10/1987",4.14,7.5
"27/10/1987",7.83,9.6
"28/10/1987",0.12,8.8
"29/10/1987",0.06,5.5
"30/10/1987",1.5,7.3
"31/10/1987",4.19,9.6
"1/11/1987",0,10.2
"2/11/1987",0,7.3
"3/11/1987",0,7.8
"4/11/1987",0,7.7
"5/11/1987",0,8.3
"6/11/1987",0,5.6
"7/11/1987",0.09,4.2
"8/11/1987",10.12,5.6
"9/11/1987",0.69,6.2
"10/11/1987",5.44,7.4
"11/11/1987",17.31,7.6
"12/11/1987",5.45,6.5
"13/11/1987",2.34,6.4
"14/11/1987",6.04,7
"15/11/1987",2.59,8.3
"16/11/1987",1.98,9.4
"17/11/1987",0.2,9.6
"18/11/1987",5.74,9.4
"19/11/1987",8.58,9.9
"20/11/1987",0.12,8.2
"21/11/1987",1.29,7.1
"22/11/1987",2.64,7.1
"23/11/1987",6.21,4.4
"24/11/1987",1.57,5.2
"25/11/1987",1.01,5.2
"26/11/1987",0.3,4.4
"27/11/1987",0.03,3.3
"28/11/1987",0.1,1.1
"29/11/1987",2.17,1.5
"30/11/1987",0.42,3.8
"1/12/1987",0.56,4.5
"2/12/1987",0.11,4.1
"3/12/1987",1.19,3.4
"4/12/1987",0.37,3.7
"5/12/1987",0.64,4.7
"6/12/1987",0.33,4.9
"7/12/1987",0.04,3.3
"8/12/1987",0.07,-0.3
"9/12/1987",0.02,-0.3
"10/12/1987",0.21,-0.7
"11/12/1987",0.35,0.9
"12/12/1987",0.04,1.7
"13/12/1987",0.12,1.9
"14/12/1987",0.57,0.4
"15/12/1987",10.16,4
"16/12/1987",5.02,5.7
"17/12/1987",7.07,11
"18/12/1987",0.14,10.3
"19/12/1987",1.13,8.8
"20/12/1987",1.61,9.8
"21/12/1987",0.64,9.5
"22/12/1987",0.09,5.9
"23/12/1987",0.08,3.4
"24/12/1987",1.31,6.4
"25/12/1987",0.92,7.4
"26/12/1987",5.1,8.2
"27/12/1987",3.93,10.6
"28/12/1987",4.67,11.5
"29/12/1987",3.82,12
"30/12/1987",6.97,8.6
"31/12/1987",2.47,8.2
"1/01/1988",14.03,9.3
"2/01/1988",7.63,8.7
"3/01/1988",4.93,7
"4/01/1988",7.15,6.3
"5/01/1988",9.89,5.9
"6/01/1988",4.28,5.4
"7/01/1988",1.53,4.4
"8/01/1988",3.81,5.4
"9/01/1988",3.27,7.9
"10/01/1988",3.14,5.7
"11/01/1988",0.54,5
"12/01/1988",4.86,5.3
"13/01/1988",2.72,6.2
"14/01/1988",1.5,5.6
"15/01/1988",0.2,4.2
"16/01/1988",0.25,2.1
"17/01/1988",3.46,3.3
"18/01/1988",2.17,4.7
"19/01/1988",1.73,6.8
"20/01/1988",2.75,5
"21/01/1988",13.05,3.5
"22/01/1988",2.25,2.1
"23/01/1988",17.89,4.8
"24/01/1988",7.28,5.3
"25/01/1988",5.66,5.5
"26/01/1988",1.12,6
"27/01/1988",8.93,3.6
"28/01/1988",9.03,4.5
"29/01/1988",6.15,4.5
"30/01/1988",3.17,4.2
"31/01/1988",14.64,5.4
"1/02/1988",6.66,5.5
"2/02/1988",4.34,6
"3/02/1988",6.66,5.4
"4/02/1988",3.71,4.1
"5/02/1988",2.24,4.6
"6/02/1988",0.33,3.5
"7/02/1988",8.56,3.2
"8/02/1988",5,4.8
"9/02/1988",5,4.5
"10/02/1988",4.17,3.9
"11/02/1988",0.44,3.5
"12/02/1988",2.37,3.4
"13/02/1988",7.14,4.3
"14/02/1988",0.54,8.7
"15/02/1988",1.91,7.4
"16/02/1988",0.03,5.1
"17/02/1988",0.04,5.6
"18/02/1988",0.01,6.1
"19/02/1988",0.01,7.5
"20/02/1988",0.04,6.7
"21/02/1988",0,6.9
"22/02/1988",0.11,5.2
"23/02/1988",0.7,4.2
"24/02/1988",1.69,3.4
"25/02/1988",0.34,2.5
"26/02/1988",0.47,2
"27/02/1988",0.11,4.7
"28/02/1988",0.81,6.5
"29/02/1988",1.17,2.1
"1/03/1988",0.4,2.1
"2/03/1988",3.23,1.5
"3/03/1988",2.52,4.4
"4/03/1988",0.6,1.8
"5/03/1988",1.25,2.5
"6/03/1988",1.48,5.1
"7/03/1988",0.23,6
"8/03/1988",0.33,6.9
"9/03/1988",3.58,7.8
"10/03/1988",0.26,6.1
"11/03/1988",2.27,7.2
"12/03/1988",2.82,7.7
"13/03/1988",7.27,6.5
"14/03/1988",6.95,6
"15/03/1988",10.5,6.5
"16/03/1988",0.51,6.9
"17/03/1988",5.81,5.2
"18/03/1988",11.4,6.6
"19/03/1988",6.35,8.1
"20/03/1988",8.96,9.2
"21/03/1988",1.03,9.5
"22/03/1988",5.67,8.1
"23/03/1988",3.07,7.9
"24/03/1988",8.52,8.1
"25/03/1988",1.85,7.8
"26/03/1988",1.15,7.2
"27/03/1988",1.95,8.4
"28/03/1988",2.49,7.5
"29/03/1988",3.62,6.8
"30/03/1988",1.17,6.3
"31/03/1988",0.08,7
"1/04/1988",4.66,5.8
"2/04/1988",0.72,8.9
"3/04/1988",1.01,8.4
"4/04/1988",0,7.5
"5/04/1988",0,5.9
"6/04/1988",0.04,7
"7/04/1988",0.33,7.9
"8/04/1988",3.73,8.1
"9/04/1988",0.33,3.4
"10/04/1988",0.01,5.6
"11/04/1988",0.03,8.4
"12/04/1988",0.05,8.3
"13/04/1988",0.13,6
"14/04/1988",1.09,6.2
"15/04/1988",5.7,9.1
"16/04/1988",2.11,12.3
"17/04/1988",0.76,12.4
"18/04/1988",6.88,13
"19/04/1988",2.54,12.9
"20/04/1988",0.45,11.8
"21/04/1988",0.72,11.1
"22/04/1988",0.13,8.1
"23/04/1988",0,6.6
"24/04/1988",0,4.9
"25/04/1988",0.61,6
"26/04/1988",3.01,8
"27/04/1988",2.14,7.7
"28/04/1988",1.14,7.3
"29/04/1988",0.96,7.2
"30/04/1988",5.31,9.7
"1/05/1988",5.06,11.3
"2/05/1988",4.92,11.4
"3/05/1988",5.37,11.2
"4/05/1988",1.51,11.7
"5/05/1988",0,10.5
"6/05/1988",0.07,11.1
"7/05/1988",4.04,12.9
"8/05/1988",3.59,13.9
"9/05/1988",0.07,11.6
"10/05/1988",0.03,11.7
"11/05/1988",2.54,11.1
"12/05/1988",0.26,12.5
"13/05/1988",0.02,14.5
"14/05/1988",0,15.5
"15/05/1988",0,15.7
"16/05/1988",0,14.9
"17/05/1988",1.43,12.6
"18/05/1988",0.96,9
"19/05/1988",0.64,8.5
"20/05/1988",0.02,9
"21/05/1988",0,10.5
"22/05/1988",0.11,11.3
"23/05/1988",4.22,12
"24/05/1988",2.62,12.4
"25/05/1988",3.29,11.5
"26/05/1988",3.91,12.3
"27/05/1988",0.62,11
"28/05/1988",7.17,11.7
"29/05/1988",6.48,12.3
"30/05/1988",5.56,11.8
"31/05/1988",1.26,12.7
"1/06/1988",0.81,12.2
"2/06/1988",0.81,13.9
"3/06/1988",5.28,11.8
"4/06/1988",2.49,11.9
"5/06/1988",0.17,11.6
"6/06/1988",0.91,11.5
"7/06/1988",3.11,12.9
"8/06/1988",6.12,13
"9/06/1988",0.57,11.5
"10/06/1988",0.06,12.6
"11/06/1988",0.02,12.5
"12/06/1988",0,14.3
"13/06/1988",0,15
"14/06/1988",0,15
"15/06/1988",0,15.3
"16/06/1988",0.03,14.8
"17/06/1988",0.03,13.3
"18/06/1988",0,14.7
"19/06/1988",0.03,16.6
"20/06/1988",0.63,17.4
"21/06/1988",0.16,16.9
"22/06/1988",0,14.5
"23/06/1988",0,15.5
"24/06/1988",0,15.6
"25/06/1988",7.89,17.7
"26/06/1988",1.5,15.7
"27/06/1988",2.61,13.5
"28/06/1988",0.64,14.9
"29/06/1988",1.06,17.1
"30/06/1988",5.23,17.6
"1/07/1988",6.48,15.8
"2/07/1988",4.68,13.2
"3/07/1988",13.63,11.5
"4/07/1988",7.36,13.7
"5/07/1988",2.77,15.2
"6/07/1988",7.25,14.2
"7/07/1988",2.6,14.8
"8/07/1988",1.47,14
"9/07/1988",3.47,14
"10/07/1988",9.42,15.4
"11/07/1988",0.87,14.9
"12/07/1988",10.47,14.7
"13/07/1988",3.57,14.4
"14/07/1988",1.74,13.5
"15/07/1988",1.19,14.7
"16/07/1988",11.53,13.3
"17/07/1988",0.2,15
"18/07/1988",0.13,15.8
"19/07/1988",0.71,14
"20/07/1988",3.31,17.4
"21/07/1988",11.4,16.7
"22/07/1988",11.15,17.7
"23/07/1988",3.91,17.3
"24/07/1988",2.89,14.4
"25/07/1988",1.14,15.7
"26/07/1988",2.44,15
"27/07/1988",1.08,14.4
"28/07/1988",6.97,13.5
"29/07/1988",2.13,13.7
"30/07/1988",2.24,14.1
"31/07/1988",0.78,13.9
"1/08/1988",0.41,13.8
"2/08/1988",2.38,13.5
"3/08/1988",0.16,13
"4/08/1988",0.2,15.1
"5/08/1988",0,16.8
"6/08/1988",0,17
"7/08/1988",0,19.3
"8/08/1988",1.89,18.8
"9/08/1988",0.02,17.2
"10/08/1988",1.51,14.9
"11/08/1988",6.49,14.4
"12/08/1988",1.33,15.3
"13/08/1988",4.82,14.2
"14/08/1988",1.63,17.1
"15/08/1988",0,15.5
"16/08/1988",0,15.1
"17/08/1988",2.7,15.8
"18/08/1988",13.95,16.6
"19/08/1988",7,16.2
"20/08/1988",2.72,14.6
"21/08/1988",0.26,14.3
"22/08/1988",0.16,13.3
"23/08/1988",1.37,14
"24/08/1988",2.11,15.5
"25/08/1988",1.09,13.1
"26/08/1988",4.35,14.4
"27/08/1988",5.24,17.3
"28/08/1988",1.86,14.2
"29/08/1988",1.65,13.2
"30/08/1988",7.54,13.4
"31/08/1988",16.16,14.7
"1/09/1988",10.28,14.6
"2/09/1988",3.42,13.4
"3/09/1988",0.58,12.8
"4/09/1988",1.2,13.1
"5/09/1988",0.1,15.2
"6/09/1988",0.99,15.4
"7/09/1988",0.2,18
"8/09/1988",0.26,18.3
"9/09/1988",0,16
"10/09/1988",1.83,14.4
"11/09/1988",0.45,14.4
"12/09/1988",2.47,12.8
"13/09/1988",1.43,11.9
"14/09/1988",0.02,11.4
"15/09/1988",0.03,11.3
"16/09/1988",0.03,13.1
"17/09/1988",0,13.8
"18/09/1988",0,13.8
"19/09/1988",0.01,11.4
"20/09/1988",0.03,10.6
"21/09/1988",1.33,11.3
"22/09/1988",9.09,13.8
"23/09/1988",4.59,11.8
"24/09/1988",7.54,11.4
"25/09/1988",4.71,12.6
"26/09/1988",5.23,14.8
"27/09/1988",11.11,14.9
"28/09/1988",4.32,12.3
"29/09/1988",0.74,10.8
"30/09/1988",0,7.8
"1/10/1988",0.05,8.6
"2/10/1988",0.12,10.6
"3/10/1988",0.11,10
"4/10/1988",5.99,10.2
"5/10/1988",10.56,11.4
"6/10/1988",7.93,11.6
"7/10/1988",2.06,9.9
"8/10/1988",13.48,10.4
"9/10/1988",6.9,10.3
"10/10/1988",0.55,9.1
"11/10/1988",8.97,7.5
"12/10/1988",5.59,10.8
"13/10/1988",0.11,9.4
"14/10/1988",0.05,9.4
"15/10/1988",0,10.5
"16/10/1988",0.02,12.5
"17/10/1988",1.19,12
"18/10/1988",7.01,13.3
"19/10/1988",6.81,14.9
"20/10/1988",1.26,13
"21/10/1988",0.88,10
"22/10/1988",1.27,11.9
"23/10/1988",2.05,11.9
"24/10/1988",2.64,11.9
"25/10/1988",2.79,12.5
"26/10/1988",4.12,14.3
"27/10/1988",1.7,13.1
"28/10/1988",0,10.4
"29/10/1988",0,4.7
"30/10/1988",0,3.5
"31/10/1988",0,3.8
"1/11/1988",0.12,4.1
"2/11/1988",0,5.6
"3/11/1988",0,3.7
"4/11/1988",0.08,2.9
"5/11/1988",0,2.6
"6/11/1988",0.13,5.3
"7/11/1988",0.04,6.1
"8/11/1988",6.01,7.8
"9/11/1988",0.39,9.5
"10/11/1988",2.02,12.3
"11/11/1988",1.1,9.1
"12/11/1988",0.25,8.5
"13/11/1988",0.04,7.6
"14/11/1988",0,6.9
"15/11/1988",0,3.9
"16/11/1988",0.42,6
"17/11/1988",3.14,8.2
"18/11/1988",0.14,9.2
"19/11/1988",6.28,3.2
"20/11/1988",1.73,2.2
"21/11/1988",0.22,1.2
"22/11/1988",0.08,-0.1
"23/11/1988",0.14,1.4
"24/11/1988",0,1.3
"25/11/1988",0,2.9
"26/11/1988",0,2.4
"27/11/1988",2.45,2
"28/11/1988",1.57,4.6
"29/11/1988",20.8,7.8
"30/11/1988",3.05,8.1
"1/12/1988",1.16,5.9
"2/12/1988",1.1,2.9
"3/12/1988",12.13,4.6
"4/12/1988",2.91,4.8
"5/12/1988",2.23,6.8
"6/12/1988",0.23,5.2
"7/12/1988",0.09,4.3
"8/12/1988",2.28,6.5
"9/12/1988",0.4,9.1
"10/12/1988",0.03,9.9
"11/12/1988",0.16,9.5
"12/12/1988",0.09,8.5
"13/12/1988",0.14,7.8
"14/12/1988",0,7.8
"15/12/1988",0.36,7.3
"16/12/1988",0.37,6.2
"17/12/1988",0.29,4.7
"18/12/1988",4.12,8
"19/12/1988",1.15,8.5
"20/12/1988",1.01,7.2
"21/12/1988",0.64,7.8
"22/12/1988",5.44,9.8
"23/12/1988",2.08,10.1
"24/12/1988",1.08,9.9
"25/12/1988",0.48,9.3
"26/12/1988",5.21,10.9
"27/12/1988",0.44,8.6
"28/12/1988",0.02,9.2
"29/12/1988",0,7.1
"30/12/1988",0.02,7.2
"31/12/1988",0.03,6.4
"1/01/1989",0,6
"2/01/1989",0.03,5.2
"3/01/1989",1.45,6.3
"4/01/1989",1.7,6.8
"5/01/1989",9.2,6.6
"6/01/1989",0.14,6.7
"7/01/1989",0.35,9.3
"8/01/1989",0.84,9.1
"9/01/1989",1.47,9.1
"10/01/1989",0.11,5.2
"11/01/1989",6,4.6
"12/01/1989",2.34,5.1
"13/01/1989",7.38,6.5
"14/01/1989",0.16,6.8
"15/01/1989",0.08,8.3
"16/01/1989",2.3,8.7
"17/01/1989",0.23,6.9
"18/01/1989",0,3
"19/01/1989",0.09,1.4
"20/01/1989",4.77,3.4
"21/01/1989",2.64,5.7
"22/01/1989",0.65,4.9
"23/01/1989",0.58,6.1
"24/01/1989",0,7.2
"25/01/1989",0.78,4.1
"26/01/1989",0.25,6.1
"27/01/1989",3.39,9.1
"28/01/1989",2.36,7.1
"29/01/1989",0.06,3.8
"30/01/1989",0,4.9
"31/01/1989",0,6.1
"1/02/1989",0.01,4.8
"2/02/1989",0.53,2.5
"3/02/1989",0.6,5.3
"4/02/1989",4.3,8.1
"5/02/1989",0.25,8.5
"6/02/1989",0.08,10.1
"7/02/1989",0.85,10.2
"8/02/1989",0.22,7.8
"9/02/1989",1.66,6.7
"10/02/1989",0.28,6.7
"11/02/1989",3.32,3.9
"12/02/1989",0.9,5.9
"13/02/1989",4.28,6.4
"14/02/1989",1.09,6.4
"15/02/1989",2.27,7.9
"16/02/1989",5.43,4.7
"17/02/1989",10.33,4.5
"18/02/1989",5.85,6.7
"19/02/1989",3.96,9.6
"20/02/1989",0.06,6.2
"21/02/1989",3.23,4.6
"22/02/1989",1.56,5.7
"23/02/1989",6.77,3.3
"24/02/1989",13.04,3.1
"25/02/1989",9.83,2.5
"26/02/1989",5.68,3.7
"27/02/1989",1.75,4.6
"28/02/1989",2.4,4.7
"1/03/1989",4.43,6.1
"2/03/1989",8.36,5.9
"3/03/1989",0.77,7.1
"4/03/1989",1.62,8.1
"5/03/1989",0.71,10.3
"6/03/1989",3.73,12
"7/03/1989",0.04,7.2
"8/03/1989",6.89,4
"9/03/1989",3.36,7.8
"10/03/1989",1.55,9.5
"11/03/1989",0.22,7.7
"12/03/1989",4.08,5.6
"13/03/1989",1,6.9
"14/03/1989",15.32,7.1
"15/03/1989",3.88,7.6
"16/03/1989",6.74,4
"17/03/1989",0.14,3.7
"18/03/1989",5.12,3.7
"19/03/1989",3.42,7.5
"20/03/1989",7.53,6.2
"21/03/1989",3.2,6.1
"22/03/1989",2.25,8.3
"23/03/1989",7.59,5.8
"24/03/1989",0.37,8.1
"25/03/1989",0.68,6.7
"26/03/1989",0.03,10.6
"27/03/1989",2.3,12.2
"28/03/1989",0.24,8.7
"29/03/1989",0.32,7.5
"30/03/1989",0.19,10.3
"31/03/1989",0.01,9.4
"1/04/1989",6.39,10
"2/04/1989",5.08,6.6
"3/04/1989",0.63,4.4
"4/04/1989",6.18,2.9
"5/04/1989",9.19,2.4
"6/04/1989",5.86,4.1
"7/04/1989",1.88,6.1
"8/04/1989",0.14,6.6
"9/04/1989",6.17,6.8
"10/04/1989",4.07,8.8
"11/04/1989",9.17,9
"12/04/1989",4.96,7.9
"13/04/1989",1.39,8.1
"14/04/1989",0.08,7.4
"15/04/1989",1.91,6.6
"16/04/1989",2.81,8.5
"17/04/1989",0.06,7.6
"18/04/1989",0.08,6.2
"19/04/1989",0.95,6.1
"20/04/1989",0.81,8
"21/04/1989",0.66,6.7
"22/04/1989",2.41,8.2
"23/04/1989",2.02,6.9
"24/04/1989",4.54,3.1
"25/04/1989",0.45,3.6
"26/04/1989",4.84,5.2
"27/04/1989",1.49,6.8
"28/04/1989",2.25,6.4
"29/04/1989",0.23,8.4
"30/04/1989",1.62,8.9
"1/05/1989",0.08,13.1
"2/05/1989",0,11.4
"3/05/1989",0.02,13.9
"4/05/1989",0,14.4
"5/05/1989",0,14.6
"6/05/1989",0,11
"7/05/1989",0,11.1
"8/05/1989",0.08,12.6
"9/05/1989",0,10.8
"10/05/1989",0.41,8.9
"11/05/1989",4.24,10.3
"12/05/1989",3.1,8
"13/05/1989",0.38,9.8
"14/05/1989",0.03,11.7
"15/05/1989",0.43,13
"16/05/1989",0.05,12.3
"17/05/1989",0.55,12.1
"18/05/1989",0.32,15.7
"19/05/1989",0.25,16.6
"20/05/1989",0.3,16.4
"21/05/1989",0.05,17.9
"22/05/1989",0.84,17.6
"23/05/1989",1.86,18.1
"24/05/1989",5.8,17.6
"25/05/1989",0,13.4
"26/05/1989",0,13
"27/05/1989",0,11.6
"28/05/1989",0,12.8
"29/05/1989",0.02,13.4
"30/05/1989",0.04,11
"31/05/1989",1.86,8.4
"1/06/1989",2.63,8.7
"2/06/1989",1.57,8.6
"3/06/1989",0.4,9.3
"4/06/1989",0.07,9.5
"5/06/1989",5.33,9.7
"6/06/1989",4.41,9.6
"7/06/1989",2.19,11.2
"8/06/1989",1.87,10.1
"9/06/1989",1.34,12.3
"10/06/1989",0.07,14.5
"11/06/1989",0.57,14.8
"12/06/1989",0.77,20.1
"13/06/1989",2.02,20.5
"14/06/1989",0,17.7
"15/06/1989",0,17.3
"16/06/1989",0,18
"17/06/1989",0,18.6
"18/06/1989",0,19.3
"19/06/1989",0,19.5
"20/06/1989",0,20.1
"21/06/1989",0.52,16.2
"22/06/1989",0,16
"23/06/1989",0.01,15.4
"24/06/1989",0,16.1
"25/06/1989",0.27,16.6
"26/06/1989",10.57,15.8
"27/06/1989",4.02,14.3
"28/06/1989",7.24,12.6
"29/06/1989",0.82,13.8
"30/06/1989",10.94,11.4
"1/07/1989",0.44,15.7
"2/07/1989",0,15.1
"3/07/1989",0,16.2
"4/07/1989",0,16.9
"5/07/1989",0.83,19.1
"6/07/1989",12.06,21
"7/07/1989",8.67,18
"8/07/1989",4.29,17.9
"9/07/1989",0.24,15.6
"10/07/1989",0.55,17.4
"11/07/1989",0,18.1
"12/07/1989",0,16
"13/07/1989",0,17.1
"14/07/1989",0,15.3
"15/07/1989",0,18
"16/07/1989",0,17.9
"17/07/1989",0,19
"18/07/1989",0.02,18
"19/07/1989",0.03,18.5
"20/07/1989",0.09,20.5
"21/07/1989",0.05,22.7
"22/07/1989",0.43,23.1
"23/07/1989",0,22.4
"24/07/1989",0,22.1
"25/07/1989",0.33,21.3
"26/07/1989",0.02,19.1
"27/07/1989",0.31,16.9
"28/07/1989",0.39,18.2
"29/07/1989",5.69,17.8
"30/07/1989",2.83,16.4
"31/07/1989",1.29,13.7
"1/08/1989",0.11,14.7
"2/08/1989",0.12,15.7
"3/08/1989",0.01,17.4
"4/08/1989",0.02,15.8
"5/08/1989",0.73,16.8
"6/08/1989",0.02,18.7
"7/08/1989",0.03,18.7
"8/08/1989",0.61,18.7
"9/08/1989",13.78,18.7
"10/08/1989",5.64,16.4
"11/08/1989",0.68,16.9
"12/08/1989",0.78,17.5
"13/08/1989",5.8,16.8
"14/08/1989",9.91,16.8
"15/08/1989",1.48,17.7
"16/08/1989",1.51,17.4
"17/08/1989",0.68,15.4
"18/08/1989",0,14.8
"19/08/1989",0.15,17
"20/08/1989",1.24,18.4
"21/08/1989",0.09,17.5
"22/08/1989",0.03,16.1
"23/08/1989",0.03,15.2
"24/08/1989",0.93,16.9
"25/08/1989",3.77,16.5
"26/08/1989",4.85,16.1
"27/08/1989",0.32,14.3
"28/08/1989",0.54,12.5
"29/08/1989",0.72,14.9
"30/08/1989",4.13,19.2
"31/08/1989",0.73,14.3
"1/09/1989",0.25,13.4
"2/09/1989",0,13.4
"3/09/1989",0,12
"4/09/1989",0.24,13.8
"5/09/1989",0.05,15.6
"6/09/1989",0.06,17
"7/09/1989",0.39,17
"8/09/1989",0.45,15.3
"9/09/1989",2.13,13.3
"10/09/1989",0.79,14.4
"11/09/1989",1.22,15.5
"12/09/1989",1.39,16.1
"13/09/1989",1.93,15.2
"14/09/1989",9.93,12.1
"15/09/1989",2.8,14.9
"16/09/1989",12.45,15.3
"17/09/1989",1.34,15.1
"18/09/1989",1.61,16.3
"19/09/1989",0.04,15.6
"20/09/1989",0.04,16.3
"21/09/1989",1.44,17.6
"22/09/1989",1.75,16.9
"23/09/1989",0.77,13.5
"24/09/1989",0.04,14.7
"25/09/1989",0.1,14
"26/09/1989",0.3,14.7
"27/09/1989",0.09,14
"28/09/1989",0,12.6
"29/09/1989",0.03,11.6
"30/09/1989",0,12.6
"1/10/1989",0.01,12.1
"2/10/1989",0,12.1
"3/10/1989",0,8.6
"4/10/1989",1.1,13
"5/10/1989",3.41,10.8
"6/10/1989",2.43,11.4
"7/10/1989",2.54,11.9
"8/10/1989",0.47,10.4
"9/10/1989",0.31,11.3
"10/10/1989",0.46,11.8
"11/10/1989",0.69,13.3
"12/10/1989",1.63,13.7
"13/10/1989",1.29,12.3
"14/10/1989",0.39,10.7
"15/10/1989",1.17,9.7
"16/10/1989",0.54,12.3
"17/10/1989",0.1,13.1
"18/10/1989",0.05,9.3
"19/10/1989",15.83,12.4
"20/10/1989",16.11,12.4
"21/10/1989",6.66,12.6
"22/10/1989",5.11,12.2
"23/10/1989",1.01,12
"24/10/1989",1.27,10.5
"25/10/1989",2.81,12.4
"26/10/1989",3.72,11.2
"27/10/1989",5.4,11.5
"28/10/1989",12.86,11.4
"29/10/1989",10,11.9
"30/10/1989",5.13,11.6
"31/10/1989",0.52,11.9
"1/11/1989",4.78,9.9
"2/11/1989",8.07,10
"3/11/1989",3.65,8.6
"4/11/1989",3.99,8.1
"5/11/1989",0.99,6.2
"6/11/1989",0.86,4.4
"7/11/1989",10.15,5.8
"8/11/1989",11.31,8
"9/11/1989",6.68,7
"10/11/1989",7.54,9.3
"11/11/1989",0.87,10.9
"12/11/1989",0.18,10.5
"13/11/1989",0.05,7.4
"14/11/1989",0,6.6
"15/11/1989",0,6.3
"16/11/1989",0,7.3
"17/11/1989",0.92,5.8
"18/11/1989",0.11,7.4
"19/11/1989",0.87,7.4
"20/11/1989",0.36,8
"21/11/1989",0.06,8.5
"22/11/1989",0.23,6.3
"23/11/1989",0.03,2.8
"24/11/1989",0.4,1.6
"25/11/1989",0.16,2.8
"26/11/1989",0,-0.3
"27/11/1989",0.05,0.8
"28/11/1989",0,2.6
"29/11/1989",0,3.6
"30/11/1989",0.39,2
"1/12/1989",0,1.9
"2/12/1989",0,1.1
"3/12/1989",0.05,1.2
"4/12/1989",0.07,3
"5/12/1989",0.16,4.5
"6/12/1989",0.02,5.6
"7/12/1989",0.13,4.9
"8/12/1989",0.18,4.2
"9/12/1989",0.17,3.2
"10/12/1989",0.02,2.4
"11/12/1989",6.58,2.8
"12/12/1989",7.54,3.5
"13/12/1989",24.02,3.7
"14/12/1989",12.44,5.8
"15/12/1989",15.17,6.3
"16/12/1989",11.59,7.8
"17/12/1989",4.33,9.5
"18/12/1989",13.49,5.1
"19/12/1989",9.86,5
"20/12/1989",18.34,6.8
"21/12/1989",2.61,10
"22/12/1989",2.37,6.8
"23/12/1989",3.1,7.1
"24/12/1989",14.14,8.2
"25/12/1989",2.06,8.4
"26/12/1989",0.03,4.8
"27/12/1989",0.06,3.9
"28/12/1989",0.05,4.5
"29/12/1989",0,3.1
"30/12/1989",0.03,2.9
"31/12/1989",0.7,3
"1/01/1990",6.23,3.6
"2/01/1990",2.38,3.8
"3/01/1990",0.1,4
"4/01/1990",0.23,5.6
"5/01/1990",4.31,6.8
"6/01/1990",7.64,8.8
"7/01/1990",3.41,4.2
"8/01/1990",0.55,4.8
"9/01/1990",1.1,6.3
"10/01/1990",2.5,8.3
"11/01/1990",0.8,10.1
"12/01/1990",3.29,7.8
"13/01/1990",0.83,4.1
"14/01/1990",3.04,5.8
"15/01/1990",1.1,8.9
"16/01/1990",2.54,10.8
"17/01/1990",0.3,6.7
"18/01/1990",2.74,5.4
"19/01/1990",2.94,6.6
"20/01/1990",1.03,7.7
"21/01/1990",5.91,8.6
"22/01/1990",10.08,9.6
"23/01/1990",5.76,8.1
"24/01/1990",8.5,6
"25/01/1990",7.52,6.9
"26/01/1990",2,4.5
"27/01/1990",15.33,4.2
"28/01/1990",2.26,4.1
"29/01/1990",8.73,5.5
"30/01/1990",10.71,7.5
"31/01/1990",4.55,6.7
"1/02/1990",10.33,6
"2/02/1990",8.51,5.6
"3/02/1990",7.34,6.4
"4/02/1990",1.58,6.6
"5/02/1990",0.07,10.8
"6/02/1990",12.39,9.4
"7/02/1990",17.46,10
"8/02/1990",0.57,7.1
"9/02/1990",2.05,7
"10/02/1990",5.72,8.1
"11/02/1990",10.77,4.4
"12/02/1990",2.24,4
"13/02/1990",7.58,6.1
"14/02/1990",8.74,4.7
"15/02/1990",0.62,4.2
"16/02/1990",0.95,4.1
"17/02/1990",3.3,6.4
"18/02/1990",1.25,6.7
"19/02/1990",4.53,8.8
"20/02/1990",4.37,11.3
"21/02/1990",0.35,7.7
"22/02/1990",0.03,9.8
"23/02/1990",0.93,11.5
"24/02/1990",2.56,10.9
"25/02/1990",10.22,7.7
"26/02/1990",6.88,7.5
"27/02/1990",4.37,4.7
"28/02/1990",7.48,6.4
"1/03/1990",1.64,3.4
"2/03/1990",0.26,3.1
"3/03/1990",0.47,5.6
"4/03/1990",0.87,7.3
"5/03/1990",0.32,8.3
"6/03/1990",0.3,8.9
"7/03/1990",0.16,9.8
"8/03/1990",1.41,8.7
"9/03/1990",1.5,8.3
"10/03/1990",0.08,9.7
"11/03/1990",0.02,10.5
"12/03/1990",1.37,8.2
"13/03/1990",2.49,8
"14/03/1990",0.11,7.7
"15/03/1990",0.05,9.3
"16/03/1990",0,10.1
"17/03/1990",0,12.9
"18/03/1990",0.66,14.1
"19/03/1990",5.37,10.6
"20/03/1990",0.55,8.5
"21/03/1990",0.56,10.5
"22/03/1990",0.04,8.9
"23/03/1990",1.57,8.1
"24/03/1990",1.74,8.5
"25/03/1990",0.33,6.4
"26/03/1990",0.03,4.5
"27/03/1990",0.39,4.2
"28/03/1990",0.1,6.9
"29/03/1990",0.1,5.9
"30/03/1990",0,9.2
"31/03/1990",0,10.4
"1/04/1990",0.77,11
"2/04/1990",5.15,9.9
"3/04/1990",1.69,4.7
"4/04/1990",0.23,2.4
"5/04/1990",0.27,3
"6/04/1990",0.1,4.3
"7/04/1990",0.04,6.1
"8/04/1990",0,5.2
"9/04/1990",0.19,4.5
"10/04/1990",0.13,8.7
"11/04/1990",0.32,9.8
"12/04/1990",3.09,10.9
"13/04/1990",3.07,7
"14/04/1990",3.83,5.6
"15/04/1990",1.11,6.8
"16/04/1990",1.94,6.7
"17/04/1990",3.12,6
"18/04/1990",3.57,6.2
"19/04/1990",4.89,7.1
"20/04/1990",2.19,7.2
"21/04/1990",0.68,10.4
"22/04/1990",0.13,11.2
"23/04/1990",0.05,11.2
"24/04/1990",0.03,10.8
"25/04/1990",0.73,10.9
"26/04/1990",2.32,9.9
"27/04/1990",0,7.3
"28/04/1990",0.03,8.7
"29/04/1990",0.01,12.1
"30/04/1990",0,14.3
"1/05/1990",0,16.1
"2/05/1990",0,15.5
"3/05/1990",0,17.7
"4/05/1990",0,17.7
"5/05/1990",0,15.4
"6/05/1990",0.45,13.3
"7/05/1990",1.17,10.4
"8/05/1990",1.71,10.6
"9/05/1990",4.17,10.2
"10/05/1990",2.01,9.2
"11/05/1990",1.58,10.2
"12/05/1990",0.05,10.9
"13/05/1990",0,10.7
"14/05/1990",3.73,10.8
"15/05/1990",4.59,14.2
"16/05/1990",0.85,13.7
"17/05/1990",0.03,12.9
"18/05/1990",0,11
"19/05/1990",0,10.5
"20/05/1990",0,11.3
"21/05/1990",0.03,12.3
"22/05/1990",0,11.3
"23/05/1990",0,12.4
"24/05/1990",0,12
"25/05/1990",0,10.5
"26/05/1990",0,10.4
"27/05/1990",0.04,12
"28/05/1990",0.14,13.7
"29/05/1990",2.55,14.9
"30/05/1990",0.08,14.7
"31/05/1990",0.07,15.3
"1/06/1990",3.04,14.6
"2/06/1990",0.87,12.5
"3/06/1990",3.67,13.1
"4/06/1990",1.01,12.1
"5/06/1990",3.44,11.1
"6/06/1990",3.36,11.6
"7/06/1990",3.35,11.3
"8/06/1990",4.61,10.8
"9/06/1990",1.73,12.1
"10/06/1990",0.9,14.2
"11/06/1990",0.41,11.6
"12/06/1990",0.02,10.2
"13/06/1990",0,12
"14/06/1990",0,12.6
"15/06/1990",0,13.4
"16/06/1990",0,15.5
"17/06/1990",1.51,16.2
"18/06/1990",3.48,14.2
"19/06/1990",1.34,15.1
"20/06/1990",4.78,12.7
"21/06/1990",15.24,12.9
"22/06/1990",2.49,13.7
"23/06/1990",1.41,14.5
"24/06/1990",2.12,12.6
"25/06/1990",0.6,16.5
"26/06/1990",0.29,18.1
"27/06/1990",1.06,17.9
"28/06/1990",0.09,14.6
"29/06/1990",3.75,14.2
"30/06/1990",9.24,16.4
"1/07/1990",2.17,14.1
"2/07/1990",0.23,12.6
"3/07/1990",5.03,12.4
"4/07/1990",10.28,12.9
"5/07/1990",0.73,13.2
"6/07/1990",4.74,13.5
"7/07/1990",1.05,16
"8/07/1990",0.12,18.2
"9/07/1990",0.32,14.1
"10/07/1990",0,15
"11/07/1990",0.01,16.7
"12/07/1990",0.09,18.8
"13/07/1990",0,19.5
"14/07/1990",0,17.8
"15/07/1990",1.87,18.8
"16/07/1990",0,18.3
"17/07/1990",0,17.9
"18/07/1990",0,18.5
"19/07/1990",0,20.5
"20/07/1990",0,20.3
"21/07/1990",0,20.2
"22/07/1990",0,18
"23/07/1990",0,16.8
"24/07/1990",0,16.1
"25/07/1990",0,17.4
"26/07/1990",0.6,16.6
"27/07/1990",0.86,17.6
"28/07/1990",0.64,18.2
"29/07/1990",6.39,17.1
"30/07/1990",0.48,19.2
"31/07/1990",0,18.2
"1/08/1990",0,20.5
"2/08/1990",0,23.9
"3/08/1990",0,24.4
"4/08/1990",0.01,21.3
"5/08/1990",0.06,17.4
"6/08/1990",0.88,15.5
"7/08/1990",0.03,15.3
"8/08/1990",0.26,17
"9/08/1990",0.25,17.9
"10/08/1990",0.13,19.2
"11/08/1990",0.16,18.8
"12/08/1990",0.26,19.4
"13/08/1990",0.7,17
"14/08/1990",3.47,16.3
"15/08/1990",3.99,16.4
"16/08/1990",2.01,14.5
"17/08/1990",4.5,14.3
"18/08/1990",10.56,14.6
"19/08/1990",9.98,16.3
"20/08/1990",0.49,15.2
"21/08/1990",0.08,16.2
"22/08/1990",0.05,18.2
"23/08/1990",0.1,20.9
"24/08/1990",1.88,21.5
"25/08/1990",0.3,19.4
"26/08/1990",0.72,19.1
"27/08/1990",0.34,18.9
"28/08/1990",0.44,19.4
"29/08/1990",5.2,19.6
"30/08/1990",0.57,14.7
"31/08/1990",0.49,14.6
"1/09/1990",0.27,16.7
"2/09/1990",0.39,18
"3/09/1990",0.9,17.1
"4/09/1990",0.05,13.6
"5/09/1990",2.1,13.7
"6/09/1990",1.48,13.7
"7/09/1990",0.18,14.3
"8/09/1990",0.01,14
"9/09/1990",0,13.9
"10/09/1990",0,14
"11/09/1990",0,14
"12/09/1990",0,14.6
"13/09/1990",0,14.9
"14/09/1990",0.02,15.4
"15/09/1990",0,13.9
"16/09/1990",0.89,12.3
"17/09/1990",1.22,12.8
"18/09/1990",6.68,14
"19/09/1990",0.41,12.5
"20/09/1990",3.09,11.1
"21/09/1990",2.39,10.4
"22/09/1990",4,10.8
"23/09/1990",2.48,10.8
"24/09/1990",4.79,10.3
"25/09/1990",0.03,11.3
"26/09/1990",0,9.7
"27/09/1990",0.13,9.5
"28/09/1990",0.72,12.8
"29/09/1990",17.38,12.5
"30/09/1990",3.96,14
"1/10/1990",0.1,11.6
"2/10/1990",7.2,13.6
"3/10/1990",2.57,13.1
"4/10/1990",4.61,10.8
"5/10/1990",3.53,13.6
"6/10/1990",5.49,15
"7/10/1990",0.08,9.8
"8/10/1990",0.22,7.1
"9/10/1990",1.18,11.2
"10/10/1990",3.62,13.7
"11/10/1990",0.65,14.1
"12/10/1990",0.03,14.7
"13/10/1990",0.17,16.8
"14/10/1990",1.28,16.1
"15/10/1990",4.01,15.3
"16/10/1990",0.25,13.6
"17/10/1990",8.44,13.4
"18/10/1990",6.6,13.7
"19/10/1990",1.87,12.7
"20/10/1990",0.11,13
"21/10/1990",0.34,12.6
"22/10/1990",0.03,9.4
"23/10/1990",0.77,9.5
"24/10/1990",2.93,11
"25/10/1990",11.49,10.4
"26/10/1990",7.33,10.2
"27/10/1990",15.32,8.5
"28/10/1990",4.15,8.7
"29/10/1990",5.79,7.2
"30/10/1990",5.1,8.3
"31/10/1990",3.35,8.9
"1/11/1990",1.49,9.1
"2/11/1990",1.56,6.6
"3/11/1990",1.18,5.7
"4/11/1990",0.91,6.2
"5/11/1990",0.16,6.2
"6/11/1990",0.33,5.6
"7/11/1990",0.06,6.6
"8/11/1990",0.28,5
"9/11/1990",1.8,6.8
"10/11/1990",2.14,8.5
"11/11/1990",5.43,10.1
"12/11/1990",2.01,11.5
"13/11/1990",4.71,12.8
"14/11/1990",0.87,10.9
"15/11/1990",1.5,10.9
"16/11/1990",6.9,12
"17/11/1990",3.3,12.4
"18/11/1990",1.31,8.7
"19/11/1990",8.08,6.9
"20/11/1990",2.31,4.6
"21/11/1990",0.81,3.6
"22/11/1990",0.23,2.5
"23/11/1990",9.1,2.5
"24/11/1990",6.21,3.3
"25/11/1990",3.31,4.6
"26/11/1990",1.78,5.4
"27/11/1990",0.61,5.7
"28/11/1990",0.19,4.9
"29/11/1990",0.22,3.6
"30/11/1990",0.05,3.9
"1/12/1990",0,5.5
"2/12/1990",0.05,5.2
"3/12/1990",0.01,6.8
"4/12/1990",0.06,5.7
"5/12/1990",0,3.6
"6/12/1990",1.94,2
"7/12/1990",9.98,3.1
"8/12/1990",9.67,1.2
"9/12/1990",4.42,2.4
"10/12/1990",0.38,2.9
"11/12/1990",1.93,5.8
"12/12/1990",0.11,4.2
"13/12/1990",0.04,3.4
"14/12/1990",0,1.4
"15/12/1990",0.66,0.5
"16/12/1990",0.03,1
"17/12/1990",0.39,1.1
"18/12/1990",0.3,1.2
"19/12/1990",1.62,2.4
"20/12/1990",8.84,5
"21/12/1990",1.79,7.5
"22/12/1990",1.37,8.8
"23/12/1990",2.7,8.5
"24/12/1990",8.37,7.3
"25/12/1990",12.05,5
"26/12/1990",8.68,7.6
"27/12/1990",1.49,4.5
"28/12/1990",9.24,5.7
"29/12/1990",5.04,5.4
"30/12/1990",2.09,4.3
"31/12/1990",3.09,4.4
"1/01/1991",16.75,6.6
"2/01/1991",3.92,6.1
"3/01/1991",4.16,5.7
"4/01/1991",6.33,5.1
"5/01/1991",5.05,4.7
"6/01/1991",6.05,4.7
"7/01/1991",3.99,3.8
"8/01/1991",13.23,5.2
"9/01/1991",13.19,5.7
"10/01/1991",5.02,5.3
"11/01/1991",2.67,5
"12/01/1991",0.09,2.4
"13/01/1991",0.03,0.4
"14/01/1991",0,0.3
"15/01/1991",0,0.4
"16/01/1991",1.82,1.9
"17/01/1991",0.57,3.7
"18/01/1991",8.94,4.8
"19/01/1991",0.28,4.5
"20/01/1991",0.52,5.8
"21/01/1991",0,6.3
"22/01/1991",0.03,2.1
"23/01/1991",0.69,1.8
"24/01/1991",0,2.4
"25/01/1991",0,1.4
"26/01/1991",0.05,0.7
"27/01/1991",0.03,0.6
"28/01/1991",0.02,1.8
"29/01/1991",0.4,0.6
"30/01/1991",2.05,0.5
"31/01/1991",1.56,0.9
"1/02/1991",1.01,1.2
"2/02/1991",0.16,0.8
"3/02/1991",0.04,-0.9
"4/02/1991",0.03,-1.2
"5/02/1991",0.17,-0.8
"6/02/1991",0.91,-1.5
"7/02/1991",5.18,-4.7
"8/02/1991",2.91,-3.6
"9/02/1991",1.97,-3.8
"10/02/1991",1.69,-2.8
"11/02/1991",0.86,-0.5
"12/02/1991",3.41,-2
"13/02/1991",0.03,-0.1
"14/02/1991",5.75,-0.9
"15/02/1991",1.33,1.4
"16/02/1991",0.44,3.1
"17/02/1991",0,1.9
"18/02/1991",0,2.7
"19/02/1991",0.21,0.7
"20/02/1991",2.53,3.4
"21/02/1991",8.41,5
"22/02/1991",12.1,5.9
"23/02/1991",3.89,7.6
"24/02/1991",1.32,9.5
"25/02/1991",0.19,5.6
"26/02/1991",0.48,7.4
"27/02/1991",9.07,4.9
"28/02/1991",0.24,4.9
"1/03/1991",0.08,4.3
"2/03/1991",2.54,2.5
"3/03/1991",1.74,5.7
"4/03/1991",7.8,5
"5/03/1991",5.17,8.4
"6/03/1991",5.7,9
"7/03/1991",6.09,9.9
"8/03/1991",2.91,9.8
"9/03/1991",2.2,9
"10/03/1991",2.67,8.8
"11/03/1991",0.92,9.6
"12/03/1991",1.12,10.3
"13/03/1991",1.04,12.8
"14/03/1991",0.65,10
"15/03/1991",2.91,7.9
"16/03/1991",7.67,9.8
"17/03/1991",0.99,9.9
"18/03/1991",10.22,8
"19/03/1991",2.62,10.7
"20/03/1991",6.33,10.3
"21/03/1991",0.73,8.6
"22/03/1991",1.38,5.6
"23/03/1991",0.08,4.7
"24/03/1991",0,5.6
"25/03/1991",0.03,6.2
"26/03/1991",0,6
"27/03/1991",0,7.4
"28/03/1991",0,7.5
"29/03/1991",0,6.3
"30/03/1991",0.1,5.3
"31/03/1991",0.56,8.6
"1/04/1991",6.31,9
"2/04/1991",6.26,9.7
"3/04/1991",3.25,7.3
"4/04/1991",7.01,7.1
"5/04/1991",0.99,7
"6/04/1991",5.76,5.6
"7/04/1991",1.38,8.2
"8/04/1991",0.09,9.3
"9/04/1991",0.11,9.6
"10/04/1991",0.03,11.6
"11/04/1991",1.04,12.1
"12/04/1991",0.94,14.2
"13/04/1991",0.02,11
"14/04/1991",0.04,8
"15/04/1991",0,9
"16/04/1991",0.13,7.6
"17/04/1991",0.36,4.1
"18/04/1991",4.19,6
"19/04/1991",1.64,5.3
"20/04/1991",0.52,3.4
"21/04/1991",1.87,4.7
"22/04/1991",0.03,6.9
"23/04/1991",0.06,6.5
"24/04/1991",2.01,8.8
"25/04/1991",0.74,8.7
"26/04/1991",0.25,8.6
"27/04/1991",0,8.1
"28/04/1991",1.12,6.9
"29/04/1991",23.07,6.6
"30/04/1991",1.66,7.1
"1/05/1991",0.32,7.4
"2/05/1991",0.1,7.3
"3/05/1991",4.42,7
"4/05/1991",0.84,7.6
"5/05/1991",0.28,7.5
"6/05/1991",1.72,7.2
"7/05/1991",0.95,8.1
"8/05/1991",0.03,9.1
"9/05/1991",0,7.8
"10/05/1991",0.09,9.2
"11/05/1991",0,10.1
"12/05/1991",0.31,11.8
"13/05/1991",0.72,14
"14/05/1991",0,10
"15/05/1991",1.62,9.3
"16/05/1991",1.21,9.5
"17/05/1991",0.23,10.2
"18/05/1991",0.23,11.5
"19/05/1991",0,13.1
"20/05/1991",0.06,15
"21/05/1991",0,16.4
"22/05/1991",0,14.2
"23/05/1991",0.17,13.4
"24/05/1991",0.07,14.5
"25/05/1991",0,12.7
"26/05/1991",0.05,13.2
"27/05/1991",0.1,14.2
"28/05/1991",0,10.7
"29/05/1991",0.09,10.4
"30/05/1991",0.02,10.4
"31/05/1991",0.02,10.6
"1/06/1991",0.54,10.1
"2/06/1991",2.52,7.6
"3/06/1991",0.83,9.2
"4/06/1991",1.56,8
"5/06/1991",5.67,8.2
"6/06/1991",2,11.8
"7/06/1991",1.16,11.8
"8/06/1991",4.75,10.6
"9/06/1991",4.25,13.6
"10/06/1991",1.11,13.2
"11/06/1991",4.78,10.6
"12/06/1991",2.16,13.9
"13/06/1991",1.42,12.8
"14/06/1991",5.71,12.3
"15/06/1991",4.28,10.8
"16/06/1991",2.51,12
"17/06/1991",1.69,11.1
"18/06/1991",3.51,9.9
"19/06/1991",3.61,12
"20/06/1991",0.97,12
"21/06/1991",2.74,14.7
"22/06/1991",5.29,13.8
"23/06/1991",12.33,12.5
"24/06/1991",8.28,12.8
"25/06/1991",4.67,15
"26/06/1991",5.32,14
"27/06/1991",4.8,13.6
"28/06/1991",0.64,13.6
"29/06/1991",2.43,13.9
"30/06/1991",1.46,16.6
"1/07/1991",2.04,16.3
"2/07/1991",7.61,15.3
"3/07/1991",0.23,17.7
"4/07/1991",0,20.1
"5/07/1991",5.09,20
"6/07/1991",0.91,20.4
"7/07/1991",3.14,18.4
"8/07/1991",3.31,16.8
"9/07/1991",0.1,16.5
"10/07/1991",0.22,17.4
"11/07/1991",1.82,20.6
"12/07/1991",2.05,15.1
"13/07/1991",1.63,16.1
"14/07/1991",1.03,16.5
"15/07/1991",1.69,16
"16/07/1991",0.73,15.6
"17/07/1991",12.41,14.5
"18/07/1991",1.83,16.2
"19/07/1991",0.73,16
"20/07/1991",0.17,16.7
"21/07/1991",0.05,15.9
"22/07/1991",0.54,16.6
"23/07/1991",2.99,18.3
"24/07/1991",8.05,14.7
"25/07/1991",0.14,16.9
"26/07/1991",0.03,17.8
"27/07/1991",0.06,17.6
"28/07/1991",0,18.7
"29/07/1991",0.11,20.6
"30/07/1991",11.18,19
"31/07/1991",0.84,17.7
"1/08/1991",1.67,17.1
"2/08/1991",0.32,17.3
"3/08/1991",0.34,18.1
"4/08/1991",0.27,17.1
"5/08/1991",3.97,17.4
"6/08/1991",2.99,18.4
"7/08/1991",1.53,15.8
"8/08/1991",0.89,17.1
"9/08/1991",1.09,16.2
"10/08/1991",1.06,19.6
"11/08/1991",0.22,18
"12/08/1991",0.03,15.8
"13/08/1991",0.14,16.2
"14/08/1991",0,17.4
"15/08/1991",0.29,17.2
"16/08/1991",1.02,17.1
"17/08/1991",0.69,17.1
"18/08/1991",0.09,14.4
"19/08/1991",0.74,15
"20/08/1991",0.01,17.1
"21/08/1991",0.25,19
"22/08/1991",4.21,19.4
"23/08/1991",5.27,14
"24/08/1991",0,15.7
"25/08/1991",0.08,17.2
"26/08/1991",0.03,17.3
"27/08/1991",0.43,17.5
"28/08/1991",0.09,18.1
"29/08/1991",0,17.1
"30/08/1991",0,17.7
"31/08/1991",0.03,18.7
"1/09/1991",0.14,19.2
"2/09/1991",0,19.6
"3/09/1991",0,18.8
"4/09/1991",0,18.6
"5/09/1991",0.01,17.9
"6/09/1991",0,16.4
"7/09/1991",0,13.3
"8/09/1991",0,14.6
"9/09/1991",0,15.7
"10/09/1991",0.14,15.9
"11/09/1991",0.11,13.9
"12/09/1991",0,14.8
"13/09/1991",0.13,16.1
"14/09/1991",4.05,17.5
"15/09/1991",3.94,16
"16/09/1991",1.25,16.4
"17/09/1991",0.5,16.1
"18/09/1991",0.21,14.9
"19/09/1991",0,12.2
"20/09/1991",0.03,11.7
"21/09/1991",6.66,14.2
"22/09/1991",1.19,13.6
"23/09/1991",2.75,14.5
"24/09/1991",1.92,14.4
"25/09/1991",1.71,13.6
"26/09/1991",10.01,11.2
"27/09/1991",5.75,10.6
"28/09/1991",20.83,9
"29/09/1991",2.18,11.1
"30/09/1991",1.36,8.9
"1/10/1991",0.48,11.4
"2/10/1991",2.09,12.4
"3/10/1991",0.44,13.8
"4/10/1991",2.62,11
"5/10/1991",2.23,9.9
"6/10/1991",0.23,9.3
"7/10/1991",7.9,10.9
"8/10/1991",2.57,11.6
"9/10/1991",3.72,12.2
"10/10/1991",0.64,14.4
"11/10/1991",2.61,16
"12/10/1991",0.64,14.6
"13/10/1991",0.64,11.4
"14/10/1991",0.42,11.3
"15/10/1991",3.52,11.4
"16/10/1991",2.33,12.3
"17/10/1991",3.23,8.5
"18/10/1991",0.97,8.2
"19/10/1991",0.5,5.9
"20/10/1991",0.81,5.9
"21/10/1991",0.19,6.3
"22/10/1991",0,7.2
"23/10/1991",0.02,6.3
"24/10/1991",0.39,7.9
"25/10/1991",0.74,8.5
"26/10/1991",0.09,9
"27/10/1991",0.42,8
"28/10/1991",0.4,9.3
"29/10/1991",13.1,11
"30/10/1991",2.67,10.8
"31/10/1991",15.49,9.3
"1/11/1991",6.26,12.2
"2/11/1991",10.22,11.1
"3/11/1991",6.52,7.9
"4/11/1991",4.4,5
"5/11/1991",0.43,5
"6/11/1991",4.51,7
"7/11/1991",4.05,9.6
"8/11/1991",1.97,9.7
"9/11/1991",0.2,6.8
"10/11/1991",9.79,5
"11/11/1991",0.36,5.9
"12/11/1991",9.77,5.5
"13/11/1991",5.39,4.6
"14/11/1991",0.44,4.4
"15/11/1991",0.15,5.4
"16/11/1991",0.93,4.8
"17/11/1991",5.31,3.8
"18/11/1991",13.83,5.6
"19/11/1991",3.26,6.5
"20/11/1991",0.26,4.2
"21/11/1991",1.73,3.3
"22/11/1991",0,5.4
"23/11/1991",0,7.8
"24/11/1991",1.24,7
"25/11/1991",0.8,7.2
"26/11/1991",0.27,8.8
"27/11/1991",0.53,9
"28/11/1991",0.68,9.1
"29/11/1991",0,9.5
"30/11/1991",0.11,6.4
"1/12/1991",0.04,7.2
"2/12/1991",0.01,6.7
"3/12/1991",0,6.5
"4/12/1991",0,5.6
"5/12/1991",0,5.7
"6/12/1991",0,3.8
"7/12/1991",0,1
"8/12/1991",0,0.5
"9/12/1991",0,-0.2
"10/12/1991",0,0.1
"11/12/1991",0,-3.3
"12/12/1991",0.04,-3.5
"13/12/1991",0,-0.5
"14/12/1991",0.03,0
"15/12/1991",2.98,1.6
"16/12/1991",3.04,4.3
"17/12/1991",7.82,7.1
"18/12/1991",7.66,8.6
"19/12/1991",4.62,9
"20/12/1991",8.03,6.3
"21/12/1991",9.11,7.9
"22/12/1991",2,11.6
"23/12/1991",2.75,11.8
"24/12/1991",0.04,5.5
"25/12/1991",0.61,4.9
"26/12/1991",0.1,6.1
"27/12/1991",0.04,5.7
"28/12/1991",0.01,5.1
"29/12/1991",0.13,6
"30/12/1991",0.01,6.2
"31/12/1991",0.23,7.1
"1/01/1992",0.09,7.9
"2/01/1992",0.38,9.5
"3/01/1992",6.58,10.1
"4/01/1992",7.05,7.6
"5/01/1992",4.62,8.7
"6/01/1992",0.06,9.6
"7/01/1992",3.35,8.4
"8/01/1992",16.55,8.8
"9/01/1992",4.33,4.5
"10/01/1992",0,2.8
"11/01/1992",0.05,1.1
"12/01/1992",0.39,1.3
"13/01/1992",0.03,3.6
"14/01/1992",0,4.5
"15/01/1992",0,4.2
"16/01/1992",0,4.5
"17/01/1992",0.04,3.5
"18/01/1992",0.04,4.4
"19/01/1992",0.48,5.6
"20/01/1992",0,4.9
"21/01/1992",0,-0.1
"22/01/1992",0,-1.3
"23/01/1992",0,-2.7
"24/01/1992",0.03,-1.1
"25/01/1992",4.48,0.3
"26/01/1992",0,1.8
"27/01/1992",0,-0.9
"28/01/1992",0,0.1
"29/01/1992",0.03,1
"30/01/1992",0.05,1.1
"31/01/1992",0.05,-0.3
"1/02/1992",0.04,-0.1
"2/02/1992",1.96,3.9
"3/02/1992",3.84,5.4
"4/02/1992",0.73,7.7
"5/02/1992",0,8.4
"6/02/1992",0,8.5
"7/02/1992",0,5.6
"8/02/1992",1.05,4.3
"9/02/1992",3.59,5.7
"10/02/1992",5.41,5.1
"11/02/1992",0.62,5.9
"12/02/1992",4.6,8.3
"13/02/1992",0.88,5.9
"14/02/1992",3.91,6.4
"15/02/1992",0.94,6.3
"16/02/1992",0.78,4.5
"17/02/1992",4.28,1.9
"18/02/1992",0.9,2
"19/02/1992",0.01,2.8
"20/02/1992",0.2,3.1
"21/02/1992",0.67,4.1
"22/02/1992",3.06,5.9
"23/02/1992",0.3,8.3
"24/02/1992",0.2,7
"25/02/1992",0.27,3.8
"26/02/1992",0.4,5.9
"27/02/1992",4.26,8.8
"28/02/1992",0.08,5.4
"29/02/1992",1.81,5.5
"1/03/1992",4.79,6.2
"2/03/1992",1.87,6.7
"3/03/1992",0.42,8.7
"4/03/1992",0,8.4
"5/03/1992",1.16,7
"6/03/1992",1.24,7.9
"7/03/1992",0.75,8.9
"8/03/1992",0.03,7.3
"9/03/1992",2.22,4.9
"10/03/1992",2.94,7.8
"11/03/1992",3.7,6.8
"12/03/1992",4.22,8.3
"13/03/1992",1.68,8.8
"14/03/1992",2.98,6.2
"15/03/1992",1.06,8
"16/03/1992",0,9.8
"17/03/1992",0.55,9.3
"18/03/1992",2.22,9.5
"19/03/1992",1.33,9
"20/03/1992",4.3,10.9
"21/03/1992",8.22,8
"22/03/1992",2.77,9.3
"23/03/1992",2.95,5.9
"24/03/1992",0.43,7.1
"25/03/1992",5.03,6.2
"26/03/1992",2.16,6.2
"27/03/1992",0.53,5
"28/03/1992",1.66,6.3
"29/03/1992",6.62,6.7
"30/03/1992",8.25,4.2
"31/03/1992",6.1,6.9
"1/04/1992",5.2,6.3
"2/04/1992",1.63,4.7
"3/04/1992",0.12,5.3
"4/04/1992",0.12,4.9
"5/04/1992",2.14,5.9
"6/04/1992",4.04,6.8
"7/04/1992",3.94,6.8
"8/04/1992",0,10.3
"9/04/1992",0,9.9
"10/04/1992",0,9.8
"11/04/1992",0.64,10
"12/04/1992",2.61,9.9
"13/04/1992",1.81,7.4
"14/04/1992",14.77,7.7
"15/04/1992",1.87,5.4
"16/04/1992",3.53,5.7
"17/04/1992",0.6,9.4
"18/04/1992",0.75,12
"19/04/1992",0.12,11.2
"20/04/1992",0.12,12.1
"21/04/1992",0.16,11.4
"22/04/1992",1.81,10.2
"23/04/1992",1.44,10.6
"24/04/1992",4.48,10.1
"25/04/1992",3.71,9.8
"26/04/1992",2.28,11.1
"27/04/1992",6.98,10.2
"28/04/1992",2.07,8.9
"29/04/1992",1.51,8.1
"30/04/1992",7.45,9.9
"1/05/1992",0.37,9
"2/05/1992",0.81,8.6
"3/05/1992",0.03,8.4
"4/05/1992",0.82,9.5
"5/05/1992",0.58,10.9
"6/05/1992",0.23,12.3
"7/05/1992",0.34,13.7
"8/05/1992",3.01,9.5
"9/05/1992",8.69,8.3
"10/05/1992",1.86,8.1
"11/05/1992",4.26,9.3
"12/05/1992",0.12,12.4
"13/05/1992",0,16.1
"14/05/1992",0.26,18.8
"15/05/1992",0.06,13.7
"16/05/1992",0,13
"17/05/1992",0,11.3
"18/05/1992",0,13.1
"19/05/1992",0.12,16.4
"20/05/1992",0.21,16.9
"21/05/1992",0,15.8
"22/05/1992",0,16.8
"23/05/1992",0.69,16.8
"24/05/1992",1.89,18.1
"25/05/1992",0.01,17.2
"26/05/1992",0,18.5
"27/05/1992",1.14,16
"28/05/1992",8.59,18.1
"29/05/1992",11.6,15.5
"30/05/1992",2.73,15.5
"31/05/1992",3.07,15.3
"1/06/1992",6.78,15.2
"2/06/1992",0.3,15.4
"3/06/1992",3.06,14.5
"4/06/1992",5.74,12.1
"5/06/1992",2.71,11.6
"6/06/1992",1.02,15.9
"7/06/1992",0.39,15.2
"8/06/1992",2.33,15.9
"9/06/1992",2.69,16.1
"10/06/1992",1.16,16.4
"11/06/1992",0,16.1
"12/06/1992",0,16.1
"13/06/1992",0.08,16.9
"14/06/1992",0.01,17.4
"15/06/1992",0,17.1
"16/06/1992",0,15.4
"17/06/1992",0,13.1
"18/06/1992",0,13.6
"19/06/1992",2.73,13.2
"20/06/1992",0,14
"21/06/1992",0,15.8
"22/06/1992",0,15.3
"23/06/1992",0,15.4
"24/06/1992",0,15.6
"25/06/1992",0,16.1
"26/06/1992",0,17.2
"27/06/1992",0.02,18.6
"28/06/1992",0,18.8
"29/06/1992",2.22,20.4
"30/06/1992",6.73,18
"1/07/1992",3.22,16.5
"2/07/1992",3.67,14.1
"3/07/1992",17.26,14.3
"4/07/1992",4.4,15.2
"5/07/1992",0.05,14.8
"6/07/1992",0,16.7
"7/07/1992",0.25,15.5
"8/07/1992",2.13,17
"9/07/1992",5.1,15.7
"10/07/1992",0.7,14.7
"11/07/1992",7.57,14
"12/07/1992",3.23,16.1
"13/07/1992",7.2,14.9
"14/07/1992",0.2,16.4
"15/07/1992",0.81,16.7
"16/07/1992",3.64,17.9
"17/07/1992",0.54,18.9
"18/07/1992",1.29,18
"19/07/1992",0.93,19
"20/07/1992",21.13,16
"21/07/1992",1.29,17.2
"22/07/1992",0.23,15.8
"23/07/1992",1.6,15.9
"24/07/1992",0.08,17.5
"25/07/1992",0.65,14.7
"26/07/1992",1.97,16.2
"27/07/1992",0.22,14.9
"28/07/1992",0,14.8
"29/07/1992",0.01,15.9
"30/07/1992",0,18.3
"31/07/1992",0.3,18.3
"1/08/1992",0.17,17.3
"2/08/1992",2.28,16.7
"3/08/1992",1.62,16.9
"4/08/1992",1.71,15.7
"5/08/1992",1.1,17.6
"6/08/1992",0.03,16.8
"7/08/1992",5.34,16.3
"8/08/1992",14.7,16.7
"9/08/1992",2.79,17.8
"10/08/1992",1.47,16.7
"11/08/1992",8.69,15
"12/08/1992",7.15,15.1
"13/08/1992",13.86,13.8
"14/08/1992",0.03,13.7
"15/08/1992",7.99,14.8
"16/08/1992",0.91,16
"17/08/1992",0.8,14.9
"18/08/1992",0.31,14.4
"19/08/1992",0.64,15.2
"20/08/1992",2.21,16.2
"21/08/1992",0.47,15.9
"22/08/1992",6.66,15.8
"23/08/1992",7.11,13.1
"24/08/1992",7.1,14.2
"25/08/1992",0.26,16.7
"26/08/1992",9.95,14.5
"27/08/1992",8.18,14.3
"28/08/1992",0.46,15.3
"29/08/1992",12.85,12.3
"30/08/1992",6.3,13.2
"31/08/1992",1.41,11.5
"1/09/1992",5,12.2
"2/09/1992",3.22,14.3
"3/09/1992",4.9,13.2
"4/09/1992",0.4,11.8
"5/09/1992",2.76,11.4
"6/09/1992",4.78,12.5
"7/09/1992",0.83,12.7
"8/09/1992",0.79,11.2
"9/09/1992",0.03,12.8
"10/09/1992",2.06,14.3
"11/09/1992",1.85,13.5
"12/09/1992",6.58,12
"13/09/1992",5.19,12.5
"14/09/1992",0.44,11.5
"15/09/1992",0.1,13.9
"16/09/1992",0.11,13.3
"17/09/1992",4.21,14.4
"18/09/1992",0.87,16.1
"19/09/1992",1.83,14.8
"20/09/1992",1.06,14.2
"21/09/1992",10.9,12.4
"22/09/1992",18.31,14
"23/09/1992",5.87,13.3
"24/09/1992",2.95,12.4
"25/09/1992",4.74,10.9
"26/09/1992",0.7,14.2
"27/09/1992",0.29,16.2
"28/09/1992",0.14,16.6
"29/09/1992",3.78,15
"30/09/1992",2.21,13
"1/10/1992",1.42,11.1
"2/10/1992",13.38,11.5
"3/10/1992",4.02,11
"4/10/1992",0.03,12.4
"5/10/1992",0.06,10.9
"6/10/1992",0.1,10.7
"7/10/1992",0.14,10.3
"8/10/1992",0.17,9.9
"9/10/1992",0.12,10.4
"10/10/1992",0.23,9.2
"11/10/1992",0.16,9.3
"12/10/1992",0,9.9
"13/10/1992",0.12,9.1
"14/10/1992",4.41,8.2
"15/10/1992",1.63,6.4
"16/10/1992",1,5.2
"17/10/1992",1.88,4.1
"18/10/1992",1.74,7.1
"19/10/1992",12.16,5.6
"20/10/1992",4.51,5.8
"21/10/1992",2.71,5.6
"22/10/1992",1.18,6
"23/10/1992",3.13,7.4
"24/10/1992",10.52,6.7
"25/10/1992",3.63,7
"26/10/1992",3.73,4.9
"27/10/1992",11.34,6.8
"28/10/1992",4.82,5.6
"29/10/1992",0.26,6
"30/10/1992",0.07,4.8
"31/10/1992",1.79,4
"1/11/1992",8.81,7.6
"2/11/1992",5.13,10.2
"3/11/1992",0.33,8.3
"4/11/1992",0.68,9.4
"5/11/1992",0.21,11.1
"6/11/1992",0.73,11.1
"7/11/1992",0.18,11.1
"8/11/1992",1.76,8.8
"9/11/1992",11.84,8.7
"10/11/1992",13.23,7
"11/11/1992",2.83,6.7
"12/11/1992",0.84,6.4
"13/11/1992",1.15,4.2
"14/11/1992",9.73,1.9
"15/11/1992",2.55,4.2
"16/11/1992",4.83,5.6
"17/11/1992",3.15,4.7
"18/11/1992",3.11,7
"19/11/1992",1.21,6.8
"20/11/1992",1.03,4.9
"21/11/1992",10.1,7
"22/11/1992",4.31,8.2
"23/11/1992",1.65,11.7
"24/11/1992",11.25,7.9
"25/11/1992",12.7,7.4
"26/11/1992",1.42,6.7
"27/11/1992",7.92,6.5
"28/11/1992",6.8,5.5
"29/11/1992",8.18,7
"30/11/1992",10.85,8.8
"1/12/1992",14.74,7.9
"2/12/1992",11.27,10
"3/12/1992",4.88,5.2
"4/12/1992",1.76,3.2
"5/12/1992",0.75,3.5
"6/12/1992",12.56,4
"7/12/1992",1.03,5.4
"8/12/1992",0.6,5.5
"9/12/1992",0.21,4.6
"10/12/1992",0.95,5.5
"11/12/1992",4.04,6.6
"12/12/1992",0.3,6.6
"13/12/1992",0.5,6.8
"14/12/1992",0.3,7.5
"15/12/1992",3.42,8.8
"16/12/1992",1.88,7.2
"17/12/1992",9.01,3.4
"18/12/1992",9.15,4.7
"19/12/1992",0.73,2.8
"20/12/1992",0.08,0.9
"21/12/1992",0.11,0.7
"22/12/1992",0,0
"23/12/1992",0,-0.4
"24/12/1992",0,-1.4
"25/12/1992",0.16,-0.5
"26/12/1992",0.12,1.8
"27/12/1992",0,3.1
"28/12/1992",0,1.3
"29/12/1992",0,-2.4
"30/12/1992",0,-1.8
"31/12/1992",0.01,0
"1/01/1993",0,1
"2/01/1993",0,-1.4
"3/01/1993",4.39,-1.5
"4/01/1993",2.85,2.5
"5/01/1993",4.7,6
"6/01/1993",5.49,7.4
"7/01/1993",2.11,5.3
"8/01/1993",2.65,6.1
"9/01/1993",10.57,7.2
"10/01/1993",13.56,8.7
"11/01/1993",3.02,5.9
"12/01/1993",4.19,4.1
"13/01/1993",12.19,5.5
"14/01/1993",4.85,7.3
"15/01/1993",2.19,8.4
"16/01/1993",1.65,10.3
"17/01/1993",1.01,8.5
"18/01/1993",3.21,4.8
"19/01/1993",6.13,6.6
"20/01/1993",1.97,8.1
"21/01/1993",4.97,9.3
"22/01/1993",3.68,7.5
"23/01/1993",5.91,8
"24/01/1993",1.68,6.8
"25/01/1993",0.1,3.6
"26/01/1993",5.91,4.9
"27/01/1993",2.64,6.3
"28/01/1993",2.72,8
"29/01/1993",0.29,6.4
"30/01/1993",0.48,6
"31/01/1993",0.15,5.8
"1/02/1993",0.01,4.9
"2/02/1993",0.06,5.5
"3/02/1993",0.03,5.2
"4/02/1993",0,2.7
"5/02/1993",0.22,3.6
"6/02/1993",0.21,5.3
"7/02/1993",0.39,7.1
"8/02/1993",0.44,8.7
"9/02/1993",0.27,6.3
"10/02/1993",0.04,3.9
"11/02/1993",0.02,2.4
"12/02/1993",0.03,3.1
"13/02/1993",0,3.7
"14/02/1993",0.24,2.3
"15/02/1993",0.36,3.9
"16/02/1993",0.13,6
"17/02/1993",0.1,7.7
"18/02/1993",0.31,7.8
"19/02/1993",0.03,6.8
"20/02/1993",0.14,5.4
"21/02/1993",0.23,5.1
"22/02/1993",0.47,3.8
"23/02/1993",0,2.9
"24/02/1993",0.04,4.6
"25/02/1993",5.44,4.7
"26/02/1993",2.87,4.2
"27/02/1993",0.68,1.9
"28/02/1993",1.05,0.5
"1/03/1993",0.51,1.6
"2/03/1993",0.07,1.9
"3/03/1993",0.25,3.1
"4/03/1993",0.17,3.2
"5/03/1993",0.08,4.7
"6/03/1993",0,6.3
"7/03/1993",0,6.1
"8/03/1993",0,7
"9/03/1993",0.42,4.2
"10/03/1993",0.58,5.6
"11/03/1993",0,8.4
"12/03/1993",0.66,7.4
"13/03/1993",0.02,10.8
"14/03/1993",0.4,10
"15/03/1993",0.64,11.6
"16/03/1993",0.74,9.1
"17/03/1993",0.25,11.1
"18/03/1993",0.13,10.7
"19/03/1993",0,6
"20/03/1993",1.28,6.7
"21/03/1993",6.76,8.6
"22/03/1993",0.83,9.2
"23/03/1993",0.21,6.2
"24/03/1993",0.07,6
"25/03/1993",0,5.2
"26/03/1993",0,3.4
"27/03/1993",0.07,3.3
"28/03/1993",0.6,6.3
"29/03/1993",1.12,7.5
"30/03/1993",2.42,9.8
"31/03/1993",8.37,6.1
"1/04/1993",6.3,6.1
"2/04/1993",0.86,5.8
"3/04/1993",8.08,5.8
"4/04/1993",9.31,6.4
"5/04/1993",3.19,8.2
"6/04/1993",2.22,9
"7/04/1993",0.59,7.7
"8/04/1993",10.02,9.2
"9/04/1993",11.36,8.6
"10/04/1993",2.96,8.6
"11/04/1993",3.87,8.3
"12/04/1993",2.63,8.7
"13/04/1993",0.55,7.3
"14/04/1993",0,7.3
"15/04/1993",0.05,7.8
"16/04/1993",1.58,10
"17/04/1993",2.85,11.7
"18/04/1993",4.3,11
"19/04/1993",0.28,12.1
"20/04/1993",0.9,12.3
"21/04/1993",0.09,11.5
"22/04/1993",2.68,9.8
"23/04/1993",5.37,11.7
"24/04/1993",8.15,10.3
"25/04/1993",3.43,9.8
"26/04/1993",2.91,10.3
"27/04/1993",0.25,11
"28/04/1993",0,11
"29/04/1993",0,13.1
"30/04/1993",0,13.8
"1/05/1993",0.5,12
"2/05/1993",0.25,8.7
"3/05/1993",0,8.2
"4/05/1993",0.02,8.1
"5/05/1993",0.08,9
"6/05/1993",0,9.8
"7/05/1993",0.19,9.5
"8/05/1993",0.94,9.7
"9/05/1993",4.12,10.9
"10/05/1993",1.36,13.2
"11/05/1993",0.47,15.6
"12/05/1993",1.19,13.4
"13/05/1993",8.47,10.1
"14/05/1993",4.99,10.3
"15/05/1993",1.34,8.3
"16/05/1993",7.02,10.2
"17/05/1993",5.39,14.5
"18/05/1993",2.18,11.7
"19/05/1993",0.69,11.7
"20/05/1993",10.73,8.6
"21/05/1993",0.66,11.7
"22/05/1993",0.69,11.7
"23/05/1993",1.3,15.2
"24/05/1993",1.67,17.2
"25/05/1993",7.28,13.7
"26/05/1993",11.64,10.6
"27/05/1993",4.47,10.4
"28/05/1993",0.87,11.6
"29/05/1993",5.67,12.4
"30/05/1993",4.1,13.7
"31/05/1993",0.96,12.4
"1/06/1993",3.96,14.2
"2/06/1993",2.41,14.1
"3/06/1993",0,14.8
"4/06/1993",0,14.8
"5/06/1993",0,15.6
"6/06/1993",0,16.1
"7/06/1993",0,15.9
"8/06/1993",2.33,18
"9/06/1993",5.38,18.7
"10/06/1993",9.69,19.4
"11/06/1993",13.45,16.5
"12/06/1993",2.49,14.8
"13/06/1993",6.54,13
"14/06/1993",3.8,12.9
"15/06/1993",4.19,12.7
"16/06/1993",6.78,14.2
"17/06/1993",4.06,15
"18/06/1993",0.77,15.1
"19/06/1993",0.53,14.3
"20/06/1993",0.02,13.5
"21/06/1993",0.08,12.3
"22/06/1993",0.09,13.3
"23/06/1993",0.29,13.6
"24/06/1993",0,12.7
"25/06/1993",1.61,12.8
"26/06/1993",0.18,16.3
"27/06/1993",0,16.4
"28/06/1993",0,16.5
"29/06/1993",0,16.1
"30/06/1993",0,17.5
"1/07/1993",0.03,15.6
"2/07/1993",0.13,16.5
"3/07/1993",0.01,19.1
"4/07/1993",0.24,18.6
"5/07/1993",0,14.3
"6/07/1993",0.07,14.4
"7/07/1993",0.09,15.2
"8/07/1993",6.87,15.4
"9/07/1993",6.39,12.8
"10/07/1993",2.5,11.2
"11/07/1993",1.85,11.2
"12/07/1993",0.76,11.9
"13/07/1993",11.96,11.3
"14/07/1993",7.97,16.6
"15/07/1993",9.22,17.3
"16/07/1993",2.57,18.2
"17/07/1993",0.88,15.9
"18/07/1993",8.56,14.1
"19/07/1993",2.97,14.6
"20/07/1993",1.09,14.8
"21/07/1993",0.04,13.9
"22/07/1993",0.54,15.5
"23/07/1993",4.45,18.3
"24/07/1993",2.81,15.9
"25/07/1993",2.83,13.9
"26/07/1993",4.41,13.9
"27/07/1993",2.42,15.9
"28/07/1993",3.95,17.4
"29/07/1993",1.56,17.2
"30/07/1993",1.2,15.8
"31/07/1993",0.28,14.5
"1/08/1993",1.03,14.9
"2/08/1993",1.79,15.8
"3/08/1993",0.43,15.6
"4/08/1993",9.56,14.7
"5/08/1993",2.38,14.3
"6/08/1993",0.22,14.4
"7/08/1993",0.56,16.2
"8/08/1993",3.47,15.8
"9/08/1993",1.46,16.9
"10/08/1993",3.71,14.2
"11/08/1993",8.04,15.1
"12/08/1993",2.8,14.3
"13/08/1993",0,12.7
"14/08/1993",2.25,14.9
"15/08/1993",1.14,15.6
"16/08/1993",0.14,15.4
"17/08/1993",0.02,14.4
"18/08/1993",0.03,15.4
"19/08/1993",1.21,16.1
"20/08/1993",0.4,18.3
"21/08/1993",9.5,15.9
"22/08/1993",2.69,12.5
"23/08/1993",0.55,11.2
"24/08/1993",0.07,12
"25/08/1993",0.31,11.9
"26/08/1993",0,12.1
"27/08/1993",0,11.9
"28/08/1993",0,13.9
"29/08/1993",0.57,13.8
"30/08/1993",0.03,17.2
"31/08/1993",0,14.5
"1/09/1993",0,16.3
"2/09/1993",0.14,16
"3/09/1993",0.24,14.8
"4/09/1993",0,10.6
"5/09/1993",0,11.2
"6/09/1993",0.57,11.2
"7/09/1993",10.98,15
"8/09/1993",12.06,16.2
"9/09/1993",6.74,16.2
"10/09/1993",2.55,14.6
"11/09/1993",1.2,13.1
"12/09/1993",20.44,10.7
"13/09/1993",10.92,13.7
"14/09/1993",5.35,11.9
"15/09/1993",6.43,11.2
"16/09/1993",3.82,11.6
"17/09/1993",0.02,11.9
"18/09/1993",0.03,11.2
"19/09/1993",3.48,13
"20/09/1993",5.15,14.4
"21/09/1993",1.61,14.2
"22/09/1993",1.63,13.1
"23/09/1993",0,10.4
"24/09/1993",1.02,10.7
"25/09/1993",1,10.7
"26/09/1993",1.84,9.8
"27/09/1993",4.46,8.6
"28/09/1993",1.67,9.8
"29/09/1993",6.25,10.4
"30/09/1993",10.01,9.4
"1/10/1993",12.31,9.8
"2/10/1993",3.75,11.7
"3/10/1993",3.87,11.2
"4/10/1993",5.1,11.7
"5/10/1993",10.84,11.3
"6/10/1993",9.48,11.8
"7/10/1993",3.67,11.3
"8/10/1993",5.66,9.8
"9/10/1993",3.28,11.1
"10/10/1993",5.18,11.7
"11/10/1993",8.89,10.9
"12/10/1993",16.1,12.2
"13/10/1993",2.55,8.4
"14/10/1993",0.17,6.7
"15/10/1993",0,4.8
"16/10/1993",0,2.7
"17/10/1993",0.05,4.1
"18/10/1993",0,6.5
"19/10/1993",0.29,4.6
"20/10/1993",1.5,5.6
"21/10/1993",0.45,6.2
"22/10/1993",0.05,7.1
"23/10/1993",0.06,6.9
"24/10/1993",0.03,6.8
"25/10/1993",0.26,7.3
"26/10/1993",0.28,8.7
"27/10/1993",0.39,8.2
"28/10/1993",0.02,8.4
"29/10/1993",0.05,8.8
"30/10/1993",0.11,8.5
"31/10/1993",0.02,7.9
"1/11/1993",0,7.4
"2/11/1993",3.29,6.6
"3/11/1993",1.31,8.3
"4/11/1993",0.69,10.7
"5/11/1993",0.23,11.1
"6/11/1993",0.15,8.6
"7/11/1993",0.97,8.5
"8/11/1993",0.59,8.1
"9/11/1993",11.9,6.2
"10/11/1993",2.7,7.7
"11/11/1993",1.07,6.5
"12/11/1993",10.38,6.3
"13/11/1993",21.04,6.6
"14/11/1993",1.17,6
"15/11/1993",0.02,3.5
"16/11/1993",0,3.5
"17/11/1993",0,3.2
"18/11/1993",0,2.3
"19/11/1993",0,1.9
"20/11/1993",1.68,0.6
"21/11/1993",1.26,0.4
"22/11/1993",0.64,0.3
"23/11/1993",1.18,-2.9
"24/11/1993",2.69,0
"25/11/1993",0.59,3.7
"26/11/1993",0.1,3.3
"27/11/1993",0.02,1.9
"28/11/1993",0.52,1.1
"29/11/1993",10.48,1.5
"30/11/1993",1.32,3.6
"1/12/1993",1.29,6.7
"2/12/1993",0.53,7.6
"3/12/1993",5.61,10.8
"4/12/1993",0.84,9.2
"5/12/1993",0.89,7.1
"6/12/1993",10.08,7.3
"7/12/1993",5.31,6.8
"8/12/1993",11.31,7.3
"9/12/1993",2.8,6.6
"10/12/1993",2.08,6.6
"11/12/1993",4.6,4.5
"12/12/1993",20.33,5.5
"13/12/1993",2.61,5.1
"14/12/1993",10.83,2.5
"15/12/1993",4.59,3.8
"16/12/1993",3.13,5.2
"17/12/1993",2.33,7.1
"18/12/1993",15.4,9.1
"19/12/1993",9.07,11.6
"20/12/1993",7.06,4.4
"21/12/1993",4.99,3.2
"22/12/1993",5.13,4.5
"23/12/1993",6.21,4.5
"24/12/1993",2.05,2.9
"25/12/1993",1.02,1.3
"26/12/1993",0.31,0.6
"27/12/1993",7.2,0.2
"28/12/1993",4.72,3.5
"29/12/1993",6.91,5.6
"30/12/1993",12.13,5.2
"31/12/1993",0.69,4.5
"1/01/1994",11.62,4.8
"2/01/1994",1.32,5.4
"3/01/1994",12.93,5
"4/01/1994",9.63,4.4
"5/01/1994",8.16,4
"6/01/1994",5.62,1.8
"7/01/1994",0.23,1.6
"8/01/1994",3.91,2.3
"9/01/1994",8.54,4.2
"10/01/1994",1.02,6.3
"11/01/1994",7.51,6.7
"12/01/1994",8.71,8
"13/01/1994",2.86,8.3
"14/01/1994",1.34,6.7
"15/01/1994",4.25,3.9
"16/01/1994",0.44,2.4
"17/01/1994",0.07,1.8
"18/01/1994",4.83,3.4
"19/01/1994",1.26,4.4
"20/01/1994",0.29,4.8
"21/01/1994",1.38,7.4
"22/01/1994",8.03,8.3
"23/01/1994",2.06,7.2
"24/01/1994",5.4,6.9
"25/01/1994",5.81,7.5
"26/01/1994",2.75,6.9
"27/01/1994",5.36,8.1
"28/01/1994",1.41,4.6
"29/01/1994",2.6,6.1
"30/01/1994",0.13,6.8
"31/01/1994",1.57,5.2
"1/02/1994",5.19,6.5
"2/02/1994",6.18,3.1
"3/02/1994",8.28,4.1
"4/02/1994",0.83,6.2
"5/02/1994",0.61,5.7
"6/02/1994",5.43,4.5
"7/02/1994",0.31,4.8
"8/02/1994",2.25,3.6
"9/02/1994",0.08,4.8
"10/02/1994",6.73,4.5
"11/02/1994",0.81,4.1
"12/02/1994",0,3.1
"13/02/1994",0,0.8
"14/02/1994",2.39,-1.9
"15/02/1994",1.13,-0.2
"16/02/1994",0.93,1.3
"17/02/1994",3.2,1.5
"18/02/1994",0.63,3.2
"19/02/1994",3.11,3
"20/02/1994",1.71,1.8
"21/02/1994",1.87,-0.8
"22/02/1994",8.53,-1
"23/02/1994",5.43,0
"24/02/1994",0.5,1.1
"25/02/1994",11.34,4.6
"26/02/1994",2.92,5.9
"27/02/1994",3.52,8.9
"28/02/1994",1.28,7.3
"1/03/1994",3.47,5.6
"2/03/1994",1.79,7
"3/03/1994",0.67,7.3
"4/03/1994",1.43,6.8
"5/03/1994",0.65,8.5
"6/03/1994",1.25,7.4
"7/03/1994",2.71,9.8
"8/03/1994",3.25,11
"9/03/1994",1.44,9.1
"10/03/1994",0.32,7.1
"11/03/1994",1.82,5.8
"12/03/1994",4.69,6
"13/03/1994",0.52,7.7
"14/03/1994",5.35,9.5
"15/03/1994",2,9.2
"16/03/1994",2,5.7
"17/03/1994",2.94,5.5
"18/03/1994",8.61,6.4
"19/03/1994",0.03,5.7
"20/03/1994",2.5,4.8
"21/03/1994",3.53,5.8
"22/03/1994",4.32,8
"23/03/1994",3.62,10.7
"24/03/1994",4.89,8.9
"25/03/1994",1.52,10.1
"26/03/1994",0,6
"27/03/1994",5.4,4.8
"28/03/1994",1.37,8.9
"29/03/1994",0.17,11
"30/03/1994",7.36,9.2
"31/03/1994",14.38,7.9
"1/04/1994",2.61,7.1
"2/04/1994",1.31,4.8
"3/04/1994",12.55,5.6
"4/04/1994",4.07,5.2
"5/04/1994",2.12,5.2
"6/04/1994",3.37,6.3
"7/04/1994",3.18,5.9
"8/04/1994",13.17,5.3
"9/04/1994",6.71,4.1
"10/04/1994",0.18,5.6
"11/04/1994",0.65,6.7
"12/04/1994",3.81,6.8
"13/04/1994",0.06,6.9
"14/04/1994",1.35,5.6
"15/04/1994",1.5,5.7
"16/04/1994",0.21,7
"17/04/1994",0,7
"18/04/1994",0.07,5.4
"19/04/1994",1.07,7.4
"20/04/1994",1.35,8.2
"21/04/1994",2.92,8.8
"22/04/1994",3.89,10.6
"23/04/1994",3.73,12.6
"24/04/1994",0.72,11.2
"25/04/1994",3.5,7.8
"26/04/1994",1.8,12.4
"27/04/1994",0.3,14.2
"28/04/1994",0.06,15.5
"29/04/1994",0.01,14.3
"30/04/1994",0.02,13.2
"1/05/1994",0.07,10.3
"2/05/1994",0.26,11.8
"3/05/1994",1.22,11.5
"4/05/1994",2.05,10.5
"5/05/1994",3.7,9.5
"6/05/1994",2.07,11.2
"7/05/1994",3.12,10.4
"8/05/1994",1.16,10.2
"9/05/1994",0.24,10
"10/05/1994",0.55,10.8
"11/05/1994",3.4,13.1
"12/05/1994",1.21,13.9
"13/05/1994",0,14.6
"14/05/1994",10.85,14.6
"15/05/1994",2.5,12.6
"16/05/1994",5.31,9.3
"17/05/1994",1.87,8
"18/05/1994",0.02,8.1
"19/05/1994",0.67,7.6
"20/05/1994",4.59,9.5
"21/05/1994",12,10.6
"22/05/1994",2.04,11.8
"23/05/1994",1.3,10.9
"24/05/1994",3.98,10.3
"25/05/1994",5.61,10
"26/05/1994",1.06,9.9
"27/05/1994",0.17,7.9
"28/05/1994",0,9.6
"29/05/1994",0.05,9.9
"30/05/1994",0,10.5
"31/05/1994",0.01,12.7
"1/06/1994",0.71,13.6
"2/06/1994",3.17,14.4
"3/06/1994",5.42,12.9
"4/06/1994",4.21,10.3
"5/06/1994",1.63,11.3
"6/06/1994",0.45,15.3
"7/06/1994",1.22,15
"8/06/1994",0.69,12.5
"9/06/1994",0.52,10.6
"10/06/1994",0,12.2
"11/06/1994",0,12.2
"12/06/1994",0,12.6
"13/06/1994",0,14.5
"14/06/1994",0,14.7
"15/06/1994",0.34,13.7
"16/06/1994",0.67,15
"17/06/1994",0.13,15.6
"18/06/1994",0.33,14.9
"19/06/1994",0.17,15
"20/06/1994",3.84,15.2
"21/06/1994",4.85,14.3
"22/06/1994",0.02,15.5
"23/06/1994",0.21,14.9
"24/06/1994",6.18,19.1
"25/06/1994",0.28,17.2
"26/06/1994",0.81,14.8
"27/06/1994",0,17.7
"28/06/1994",0.27,18.6
"29/06/1994",0,16.1
"30/06/1994",0,15
"1/07/1994",0.85,17.6
"2/07/1994",0.22,19.5
"3/07/1994",2.2,19
"4/07/1994",3,18.1
"5/07/1994",2.12,15.6
"6/07/1994",4.85,14.4
"7/07/1994",1.93,14.7
"8/07/1994",0.12,16.2
"9/07/1994",0.19,17.2
"10/07/1994",0.39,17.6
"11/07/1994",0.01,19.5
"12/07/1994",1.44,20.4
"13/07/1994",0,18.3
"14/07/1994",0.61,17.8
"15/07/1994",0.14,16.9
"16/07/1994",0,16.6
"17/07/1994",0,17.4
"18/07/1994",0.36,17.3
"19/07/1994",0,17.5
"20/07/1994",0,19.2
"21/07/1994",0.6,18.9
"22/07/1994",0,19.7
"23/07/1994",0.29,19
"24/07/1994",7.27,20.6
"25/07/1994",1.65,20.4
"26/07/1994",4.94,18.6
"27/07/1994",2.46,18.8
"28/07/1994",0.99,15.9
"29/07/1994",0,16.6
"30/07/1994",1.51,19.6
"31/07/1994",6.81,20.2
"1/08/1994",2.86,17.4
"2/08/1994",3.53,16.5
"3/08/1994",8.33,20.4
"4/08/1994",0.74,20.1
"5/08/1994",0.01,19.2
"6/08/1994",0.1,17.7
"7/08/1994",0.02,18.2
"8/08/1994",0.07,17.7
"9/08/1994",5.08,16.1
"10/08/1994",7.47,14.9
"11/08/1994",2.01,15.9
"12/08/1994",0,15.2
"13/08/1994",0,13.6
"14/08/1994",0,12.7
"15/08/1994",0,14.2
"16/08/1994",5.96,15.2
"17/08/1994",1.32,13.9
"18/08/1994",3.39,14.7
"19/08/1994",0.25,16.4
"20/08/1994",0.08,14.8
"21/08/1994",0.07,16.3
"22/08/1994",2.17,19
"23/08/1994",2.04,17.7
"24/08/1994",5.21,15.1
"25/08/1994",1.41,15.6
"26/08/1994",1.79,16.4
"27/08/1994",1.45,15.7
"28/08/1994",0.7,13.6
"29/08/1994",0.61,14.1
"30/08/1994",1.87,13.9
"31/08/1994",17.15,13
"1/09/1994",1.56,14.9
"2/09/1994",0.35,13.7
"3/09/1994",3.25,12.3
"4/09/1994",1.16,15.4
"5/09/1994",0.26,14.4
"6/09/1994",2.86,12.1
"7/09/1994",7.22,12.8
"8/09/1994",2.94,13.2
"9/09/1994",6.68,12.4
"10/09/1994",2.7,12.6
"11/09/1994",8.2,12.9
"12/09/1994",5.39,12.9
"13/09/1994",5.71,13.7
"14/09/1994",21.77,12.7
"15/09/1994",9.5,10.1
"16/09/1994",0.18,10.8
"17/09/1994",0.27,10.7
"18/09/1994",4.77,9.9
"19/09/1994",6.99,10.7
"20/09/1994",4.19,12.4
"21/09/1994",0.16,14.5
"22/09/1994",0.01,13.2
"23/09/1994",1.39,13
"24/09/1994",5.59,13.6
"25/09/1994",0.89,12.9
"26/09/1994",0.01,13.2
"27/09/1994",0.3,12.2
"28/09/1994",0.01,12.8
"29/09/1994",0,13.2
"30/09/1994",1.83,13.2
"1/10/1994",3.02,13.6
"2/10/1994",9.02,12.8
"3/10/1994",2.07,9.7
"4/10/1994",0.16,5.7
"5/10/1994",0.11,8.9
"6/10/1994",0.01,9.7
"7/10/1994",0.32,10.9
"8/10/1994",0.04,11.7
"9/10/1994",0,10.7
"10/10/1994",0,10.8
"11/10/1994",0.03,11.1
"12/10/1994",0,11.2
"13/10/1994",0,10.8
"14/10/1994",0.03,9
"15/10/1994",0.51,9.2
"16/10/1994",0.02,9
"17/10/1994",0,8.6
"18/10/1994",1.4,6.7
"19/10/1994",6.35,9.5
"20/10/1994",3.73,11.2
"21/10/1994",6.93,12.4
"22/10/1994",11.46,13.4
"23/10/1994",1.16,10.8
"24/10/1994",6.72,9.8
"25/10/1994",3.07,9.7
"26/10/1994",2.83,9.4
"27/10/1994",1.69,8.2
"28/10/1994",8.9,8.5
"29/10/1994",11.74,9.5
"30/10/1994",18.91,11.6
"31/10/1994",3.28,12.3
"1/11/1994",0.08,10.1
"2/11/1994",3.51,7.1
"3/11/1994",5.03,10.9
"4/11/1994",11.31,12.5
"5/11/1994",1.8,10.6
"6/11/1994",0.06,9.6
"7/11/1994",0.73,9.1
"8/11/1994",9.83,10.7
"9/11/1994",7.69,11.5
"10/11/1994",0.89,10.9
"11/11/1994",6.94,10.2
"12/11/1994",6.7,10.7
"13/11/1994",8.52,10.9
"14/11/1994",2.32,12.4
"15/11/1994",0.95,11.8
"16/11/1994",1.58,8.9
"17/11/1994",6.54,9
"18/11/1994",6.43,10.9
"19/11/1994",4.18,12.7
"20/11/1994",1.69,12.6
"21/11/1994",0.49,9
"22/11/1994",0.3,9.2
"23/11/1994",0.16,11.3
"24/11/1994",0,10.8
"25/11/1994",0.13,10.2
"26/11/1994",0.03,11.5
"27/11/1994",0,10.2
"28/11/1994",0,6.9
"29/11/1994",0,4.8
"30/11/1994",0,5.5
"1/12/1994",0.04,7
"2/12/1994",2.38,9
"3/12/1994",9.68,9.5
"4/12/1994",4.18,8.5
"5/12/1994",7.95,6.5
"6/12/1994",8.39,6.6
"7/12/1994",13.25,8.2
"8/12/1994",5.29,7.1
"9/12/1994",1.85,6.6
"10/12/1994",1.38,8.7
"11/12/1994",1.85,12.6
"12/12/1994",0.8,12.9
"13/12/1994",5.6,11.3
"14/12/1994",0.04,2.4
"15/12/1994",0.93,2.6
"16/12/1994",0.25,4.5
"17/12/1994",11.86,6.6
"18/12/1994",2.47,7.6
"19/12/1994",0.85,4.8
"20/12/1994",0.76,3.8
"21/12/1994",0.27,2
"22/12/1994",0.01,-0.3
"23/12/1994",0.11,-1.1
"24/12/1994",1.51,0.7
"25/12/1994",5.2,4.2
"26/12/1994",16.17,7.3
"27/12/1994",13.31,8.3
"28/12/1994",9.09,11.3
"29/12/1994",6.52,9.1
"30/12/1994",4.14,6.8
"31/12/1994",1.93,3.9
"1/01/1995",0.84,1.7
"2/01/1995",0.06,0.4
"3/01/1995",1.79,-1.2
"4/01/1995",4.77,0.8
"5/01/1995",4.76,4.5
"6/01/1995",0.39,5.8
"7/01/1995",1.69,4.9
"8/01/1995",1.49,6.2
"9/01/1995",1.63,7
"10/01/1995",8.17,8.4
"11/01/1995",0.07,3.4
"12/01/1995",0.16,2.9
"13/01/1995",0.6,4.2
"14/01/1995",1.09,6.9
"15/01/1995",0.27,7.6
"16/01/1995",6.36,8.4
"17/01/1995",12.2,6.3
"18/01/1995",3.21,4.4
"19/01/1995",15.09,4.2
"20/01/1995",3.37,4.5
"21/01/1995",14.4,5.2
"22/01/1995",7.44,4.7
"23/01/1995",2.21,5.2
"24/01/1995",6.53,5.8
"25/01/1995",17.58,5.9
"26/01/1995",1.28,3
"27/01/1995",16.66,4.3
"28/01/1995",6.62,4.9
"29/01/1995",4.37,7.8
"30/01/1995",5.68,4.6
"31/01/1995",11.87,6.4
"1/02/1995",1.7,7.9
"2/02/1995",1.32,4.2
"3/02/1995",0.96,6.5
"4/02/1995",0.16,8.3
"5/02/1995",0.49,7.1
"6/02/1995",0.22,8.4
"7/02/1995",5.63,8.5
"8/02/1995",1.81,5.2
"9/02/1995",7.67,2.8
"10/02/1995",4.79,5
"11/02/1995",11.06,7.8
"12/02/1995",3.61,8.4
"13/02/1995",5.55,8.5
"14/02/1995",6.68,7.9
"15/02/1995",4.87,8
"16/02/1995",8.94,7.4
"17/02/1995",1.52,5.6
"18/02/1995",7.57,6
"19/02/1995",3.06,7.1
"20/02/1995",6.72,6.4
"21/02/1995",2.27,5.9
"22/02/1995",11.26,6
"23/02/1995",3.02,4.7
"24/02/1995",3.6,4.8
"25/02/1995",0.93,5.4
"26/02/1995",0.87,3.6
"27/02/1995",1.82,5.8
"28/02/1995",6.76,7.9
"1/03/1995",4.46,6.9
"2/03/1995",9.72,3.4
"3/03/1995",0.77,1.6
"4/03/1995",4.04,0.7
"5/03/1995",2.18,4.1
"6/03/1995",3.01,4.4
"7/03/1995",8.06,2.8
"8/03/1995",1.61,3.5
"9/03/1995",0.35,4
"10/03/1995",0.84,8
"11/03/1995",2.68,8.4
"12/03/1995",0.01,6.7
"13/03/1995",0.09,6.2
"14/03/1995",1.39,5.9
"15/03/1995",1.81,4.7
"16/03/1995",5.03,5.2
"17/03/1995",3.7,7.3
"18/03/1995",1.82,6.3
"19/03/1995",0.63,5.6
"20/03/1995",0,4.7
"21/03/1995",0,3.9
"22/03/1995",0.03,5.8
"23/03/1995",0.07,7.5
"24/03/1995",0.89,9.5
"25/03/1995",1.15,8.6
"26/03/1995",4.97,9.3
"27/03/1995",2.97,3.9
"28/03/1995",6.8,4.6
"29/03/1995",0.2,3.3
"30/03/1995",1.07,5.5
"31/03/1995",0.26,10.2
"1/04/1995",0,13.3
"2/04/1995",0.03,11
"3/04/1995",0.12,9.9
"4/04/1995",0.07,9.8
"5/04/1995",0.35,10.2
"6/04/1995",0.07,12.8
"7/04/1995",0,11.8
"8/04/1995",0,8.1
"9/04/1995",0.17,6.8
"10/04/1995",0,10.8
"11/04/1995",0,10.1
"12/04/1995",0,9.1
"13/04/1995",0,9
"14/04/1995",0.01,10
"15/04/1995",0.24,10.3
"16/04/1995",0.19,8.1
"17/04/1995",6.37,9
"18/04/1995",1.44,6.5
"19/04/1995",0.98,3.5
"20/04/1995",0.99,4.7
"21/04/1995",2.86,5.2
"22/04/1995",8.59,6.8
"23/04/1995",2.02,9.1
"24/04/1995",2.11,10.2
"25/04/1995",0.96,14.1
"26/04/1995",0.03,8.9
"27/04/1995",0,6.6
"28/04/1995",0.43,7.7
"29/04/1995",0.11,8
"30/04/1995",0,12.1
"1/05/1995",0,11.6
"2/05/1995",0,14.5
"3/05/1995",0,15.8
"4/05/1995",0,15.9
"5/05/1995",0,16.2
"6/05/1995",0.11,16.5
"7/05/1995",0.12,15.5
"8/05/1995",0.72,11.6
"9/05/1995",0.34,9.9
"10/05/1995",0.7,9.2
"11/05/1995",1.48,6.6
"12/05/1995",0.69,6.2
"13/05/1995",0.4,6.7
"14/05/1995",0.97,6.8
"15/05/1995",0.71,8.1
"16/05/1995",12.23,8.1
"17/05/1995",4.75,7.1
"18/05/1995",2.36,7.4
"19/05/1995",0.27,9.8
"20/05/1995",0.07,10.3
"21/05/1995",0,10.5
"22/05/1995",0.21,12.8
"23/05/1995",0.03,14.7
"24/05/1995",3.64,14.6
"25/05/1995",1.8,12.3
"26/05/1995",3.71,13.2
"27/05/1995",4.76,14.9
"28/05/1995",2.23,15.1
"29/05/1995",1.94,12.8
"30/05/1995",3.96,12.3
"31/05/1995",0.33,12.7
"1/06/1995",0.95,12
"2/06/1995",2.03,12.3
"3/06/1995",4.23,12
"4/06/1995",2,12.6
"5/06/1995",0.28,12.6
"6/06/1995",1.06,13.4
"7/06/1995",0.92,14.1
"8/06/1995",0.69,11.1
"9/06/1995",0.24,12.4
"10/06/1995",1.02,11.5
"11/06/1995",1.64,11.7
"12/06/1995",0.28,10.7
"13/06/1995",0,10.3
"14/06/1995",0,11.7
"15/06/1995",0.13,13.4
"16/06/1995",1.77,12.5
"17/06/1995",1.54,13.3
"18/06/1995",0.23,15.2
"19/06/1995",0.98,15.7
"20/06/1995",0.1,17.2
"21/06/1995",0,15.5
"22/06/1995",0,15.3
"23/06/1995",0.06,15.6
"24/06/1995",0.08,14.2
"25/06/1995",0.02,15.8
"26/06/1995",0,17.6
"27/06/1995",0,18.2
"28/06/1995",0,20.1
"29/06/1995",0,20.3
"30/06/1995",0,20.3
"1/07/1995",0.03,15.7
"2/07/1995",5.1,14.9
"3/07/1995",0.1,14.9
"4/07/1995",0.01,14
"5/07/1995",0.04,17.2
"6/07/1995",0.56,16.7
"7/07/1995",0.25,19.1
"8/07/1995",0,18.7
"9/07/1995",0.28,19.3
"10/07/1995",2.48,21.4
"11/07/1995",3.99,20.8
"12/07/1995",1.12,19.1
"13/07/1995",2.87,18.5
"14/07/1995",6.27,18.4
"15/07/1995",1.51,16.4
"16/07/1995",2.87,16.7
"17/07/1995",3.09,16.8
"18/07/1995",0.4,18.9
"19/07/1995",0.02,21.2
"20/07/1995",0.71,21.5
"21/07/1995",0.12,18.8
"22/07/1995",0,15.5
"23/07/1995",0.21,15.8
"24/07/1995",0,18.7
"25/07/1995",1.6,20.5
"26/07/1995",1.68,20.5
"27/07/1995",0.45,19.5
"28/07/1995",0.1,20.2
"29/07/1995",1.13,21.1
"30/07/1995",0.17,21.2
"31/07/1995",0.47,23.4
"1/08/1995",0.22,24.9
"2/08/1995",0.23,24.6
"3/08/1995",0.03,23.4
"4/08/1995",0.06,20.5
"5/08/1995",0.28,18.1
"6/08/1995",0,18
"7/08/1995",0,17.1
"8/08/1995",0,15.8
"9/08/1995",0,15.8
"10/08/1995",0,19.6
"11/08/1995",0,22
"12/08/1995",1.13,20.8
"13/08/1995",0,18.6
"14/08/1995",0,17.9
"15/08/1995",0.01,19.1
"16/08/1995",0,20.4
"17/08/1995",0,20.8
"18/08/1995",0,21.7
"19/08/1995",0,22.1
"20/08/1995",0,21.9
"21/08/1995",0,21.4
"22/08/1995",1.11,21.4
"23/08/1995",1.26,18.5
"24/08/1995",0.91,16.7
"25/08/1995",0.24,19.4
"26/08/1995",0.97,17.8
"27/08/1995",1.23,15.5
"28/08/1995",0.58,13.8
"29/08/1995",0.63,14.5
"30/08/1995",0.13,15
"31/08/1995",0.1,17.3
"1/09/1995",3.69,16.5
"2/09/1995",4.99,15.4
"3/09/1995",1.61,13.8
"4/09/1995",4.38,14
"5/09/1995",2.89,13.4
"6/09/1995",10.54,14.8
"7/09/1995",12.58,15.6
"8/09/1995",2.42,15.4
"9/09/1995",1.23,16
"10/09/1995",17.16,13.8
"11/09/1995",2.68,15.1
"12/09/1995",2.28,13.5
"13/09/1995",1.32,12.9
"14/09/1995",8.02,12.7
"15/09/1995",4.7,13.3
"16/09/1995",4.2,14
"17/09/1995",3.12,14.8
"18/09/1995",4.99,16.1
"19/09/1995",0.14,15.4
"20/09/1995",0.14,13.2
"21/09/1995",0,12.8
"22/09/1995",0.28,14.4
"23/09/1995",8.2,13.7
"24/09/1995",1.5,12.4
"25/09/1995",4.03,11.6
"26/09/1995",10.46,13.5
"27/09/1995",1.49,12.1
"28/09/1995",1.15,9.9
"29/09/1995",0.24,10.5
"30/09/1995",2.86,10.3
"1/10/1995",0.69,13.8
"2/10/1995",1.65,12.6
"3/10/1995",6.02,14.4
"4/10/1995",3.17,15
"5/10/1995",3.9,12.7
"6/10/1995",8.45,13.2
"7/10/1995",2.21,15.4
"8/10/1995",0.03,17.7
"9/10/1995",0,17.5
"10/10/1995",0.04,14.6
"11/10/1995",0.16,13.3
"12/10/1995",0.82,15.6
"13/10/1995",0.02,15.1
"14/10/1995",0.16,13.8
"15/10/1995",0.16,15.1
"16/10/1995",1.71,14.3
"17/10/1995",0.58,15.2
"18/10/1995",0.04,12.2
"19/10/1995",0.55,12.1
"20/10/1995",0.61,11.2
"21/10/1995",0.1,9
"22/10/1995",0.67,10.5
"23/10/1995",0.2,11.8
"24/10/1995",11.93,14.1
"25/10/1995",1.15,11.1
"26/10/1995",6.03,12.8
"27/10/1995",0.23,12.2
"28/10/1995",0.07,7.8
"29/10/1995",0.05,7.6
"30/10/1995",0.04,9.2
"31/10/1995",0.53,9.5
"1/11/1995",0.18,10.4
"2/11/1995",0.02,8.7
"3/11/1995",0,7.2
"4/11/1995",0,5.5
"5/11/1995",0,4.2
"6/11/1995",0.19,4.4
"7/11/1995",0.12,7
"8/11/1995",2.14,10
"9/11/1995",8.68,9.4
"10/11/1995",8.21,7.4
"11/11/1995",9.29,9.6
"12/11/1995",1.95,11.8
"13/11/1995",1.94,11.5
"14/11/1995",5.75,9.8
"15/11/1995",8.59,9.9
"16/11/1995",2.13,8
"17/11/1995",1.55,2.5
"18/11/1995",0.2,2.4
"19/11/1995",0.02,4.9
"20/11/1995",3.3,4.7
"21/11/1995",2.5,6.3
"22/11/1995",0.13,9.6
"23/11/1995",1.77,8.1
"24/11/1995",3.11,10.2
"25/11/1995",5.08,9.7
"26/11/1995",7.71,8.3
"27/11/1995",3.47,7.7
"28/11/1995",3.28,7.8
"29/11/1995",0.17,8.9
"30/11/1995",1.35,6
"1/12/1995",1.34,7.4
"2/12/1995",1.59,8.8
"3/12/1995",7.39,10.4
"4/12/1995",0.62,6.1
"5/12/1995",1.93,2.5
"6/12/1995",2,0.1
"7/12/1995",1.43,-0.2
"8/12/1995",0.07,1.2
"9/12/1995",0.07,0.9
"10/12/1995",0.04,0.8
"11/12/1995",0.12,0.8
"12/12/1995",0.98,3.1
"13/12/1995",1.21,4.7
"14/12/1995",0.29,4.4
"15/12/1995",0.32,2.9
"16/12/1995",1.45,3
"17/12/1995",2.3,3.4
"18/12/1995",2.15,4.1
"19/12/1995",16.48,3.9
"20/12/1995",4.71,2
"21/12/1995",19.19,3.6
"22/12/1995",12.15,5.6
"23/12/1995",3.45,3.6
"24/12/1995",0.47,1.7
"25/12/1995",0.14,-0.2
"26/12/1995",0.44,-1.6
"27/12/1995",0.03,-2.8
"28/12/1995",0,-4.7
"29/12/1995",0.8,-3.6
"30/12/1995",5.8,-1.8
"31/12/1995",2.18,0.5
"1/01/1996",0.64,2.7
"2/01/1996",0.1,3.3
"3/01/1996",1.69,4.6
"4/01/1996",3.95,5.4
"5/01/1996",5.01,5.8
"6/01/1996",8.5,6.9
"7/01/1996",4.33,7.4
"8/01/1996",14.4,8.3
"9/01/1996",2.21,9.3
"10/01/1996",1.58,8
"11/01/1996",4.5,7.4
"12/01/1996",4.32,8.7
"13/01/1996",2.91,9.6
"14/01/1996",0.87,9
"15/01/1996",0.21,7.4
"16/01/1996",0.1,6.4
"17/01/1996",0.08,6.2
"18/01/1996",0.14,5.5
"19/01/1996",1.24,5.8
"20/01/1996",0.77,4.6
"21/01/1996",0.17,2
"22/01/1996",0.72,2.4
"23/01/1996",3.37,1.7
"24/01/1996",0.8,1.2
"25/01/1996",0.2,-1
"26/01/1996",1.8,-1.8
"27/01/1996",1.21,-1.5
"28/01/1996",0.02,-1.8
"29/01/1996",0.03,-0.2
"30/01/1996",0,0.5
"31/01/1996",0,0.8
"1/02/1996",0.03,-0.8
"2/02/1996",0.2,-0.6
"3/02/1996",0.32,1.8
"4/02/1996",0.03,1
"5/02/1996",7.08,-0.7
"6/02/1996",2.72,-1.3
"7/02/1996",1.07,-2.2
"8/02/1996",4.5,0.2
"9/02/1996",8.96,1.9
"10/02/1996",3.58,5.8
"11/02/1996",15.86,6.3
"12/02/1996",4.48,3.6
"13/02/1996",0.44,3.1
"14/02/1996",0.03,2.6
"15/02/1996",0.6,2.9
"16/02/1996",0.4,6.4
"17/02/1996",6.8,7.3
"18/02/1996",3.48,5.4
"19/02/1996",1.31,1.9
"20/02/1996",0.37,-0.1
"21/02/1996",2.3,0.1
"22/02/1996",0.62,1.5
"23/02/1996",6.5,3.4
"24/02/1996",7.81,5.2
"25/02/1996",3.5,3.7
"26/02/1996",0.3,3.3
"27/02/1996",0,3.7
"28/02/1996",0,3.3
"29/02/1996",0,4
"1/03/1996",0.57,5
"2/03/1996",1.17,5.9
"3/03/1996",0.55,6.4
"4/03/1996",0.23,6.3
"5/03/1996",0.03,6
"6/03/1996",0.16,5.9
"7/03/1996",0.73,5
"8/03/1996",4.64,4.3
"9/03/1996",0.27,4
"10/03/1996",0,6
"11/03/1996",5.99,2
"12/03/1996",0.99,0.6
"13/03/1996",0.25,0.6
"14/03/1996",0.85,0.9
"15/03/1996",0.81,3.3
"16/03/1996",2.12,3.3
"17/03/1996",1.66,5.2
"18/03/1996",0.56,4.8
"19/03/1996",0.06,3.6
"20/03/1996",6.07,3.7
"21/03/1996",2.78,4.9
"22/03/1996",4.94,7.2
"23/03/1996",0.64,8.8
"24/03/1996",1.52,7.3
"25/03/1996",4.31,5.8
"26/03/1996",0.54,4.1
"27/03/1996",0.12,3.1
"28/03/1996",0.41,4.1
"29/03/1996",0.15,5.2
"30/03/1996",0.04,3.2
"31/03/1996",0.04,4.4
"1/04/1996",0,3.4
"2/04/1996",0,3.6
"3/04/1996",0,4.8
"4/04/1996",0,4.2
"5/04/1996",0,5.5
"6/04/1996",0.04,5.1
"7/04/1996",0.01,7.8
"8/04/1996",0.2,7
"9/04/1996",1,11.2
"10/04/1996",1.46,9.7
"11/04/1996",3.06,9.3
"12/04/1996",10.64,5.3
"13/04/1996",0.03,4.9
"14/04/1996",1.03,6
"15/04/1996",0.43,9.7
"16/04/1996",3.63,12.4
"17/04/1996",0.52,11
"18/04/1996",3.62,9
"19/04/1996",0.82,9.8
"20/04/1996",1.08,13
"21/04/1996",1.63,13.9
"22/04/1996",11.69,9.4
"23/04/1996",1.28,9.8
"24/04/1996",0.86,9.9
"25/04/1996",0.31,9.8
"26/04/1996",0.31,13
"27/04/1996",0.04,10.9
"28/04/1996",0.29,9.9
"29/04/1996",1.15,7.9
"30/04/1996",5.86,8.1
"1/05/1996",4.43,8.6
"2/05/1996",1.58,7.2
"3/05/1996",0.06,6.6
"4/05/1996",0.03,5.3
"5/05/1996",0.08,6.1
"6/05/1996",0.03,7.4
"7/05/1996",0.02,8.2
"8/05/1996",0.06,6.8
"9/05/1996",0,6.6
"10/05/1996",1.59,7.3
"11/05/1996",0.69,6.7
"12/05/1996",0.1,8.9
"13/05/1996",0,8.5
"14/05/1996",0,9.9
"15/05/1996",0,9.3
"16/05/1996",1.96,5.2
"17/05/1996",0.73,6.1
"18/05/1996",8.75,5.5
"19/05/1996",4.12,8.1
"20/05/1996",1.62,9.4
"21/05/1996",2.96,10
"22/05/1996",4.93,10.4
"23/05/1996",10.52,12.3
"24/05/1996",3.32,12.5
"25/05/1996",0.7,10.9
"26/05/1996",5.03,10.6
"27/05/1996",0.13,12.2
"28/05/1996",1.81,10.3
"29/05/1996",1.94,14.6
"30/05/1996",0.47,17.9
"31/05/1996",0.69,14.1
"1/06/1996",0.52,11.5
"2/06/1996",0.68,11.5
"3/06/1996",1.62,10
"4/06/1996",0.06,14.8
"5/06/1996",0.12,16.2
"6/06/1996",0.39,18.5
"7/06/1996",8.19,18.2
"8/06/1996",0.19,14.6
"9/06/1996",1.06,13.2
"10/06/1996",0.64,15.8
"11/06/1996",3.96,15
"12/06/1996",0,14.1
"13/06/1996",0,13.1
"14/06/1996",0,13.8
"15/06/1996",0.03,14.9
"16/06/1996",0,16.9
"17/06/1996",0,17.3
"18/06/1996",0,14.2
"19/06/1996",3.03,15.6
"20/06/1996",0.39,12.4
"21/06/1996",0.02,12.1
"22/06/1996",0,11.5
"23/06/1996",0,13.2
"24/06/1996",0,14.7
"25/06/1996",0.98,16
"26/06/1996",0.73,15.2
"27/06/1996",2.36,16.2
"28/06/1996",3.32,15
"29/06/1996",0.4,13.1
"30/06/1996",0.95,14.5
"1/07/1996",5.63,13.5
"2/07/1996",3.43,13.4
"3/07/1996",3.15,14
"4/07/1996",1.95,14
"5/07/1996",3.1,14
"6/07/1996",2.03,13
"7/07/1996",0.91,13.2
"8/07/1996",0.3,13.6
"9/07/1996",0.05,14.8
"10/07/1996",0,17.4
"11/07/1996",1.4,17.4
"12/07/1996",0.23,17.7
"13/07/1996",0.21,18
"14/07/1996",0.03,18.8
"15/07/1996",0,15.7
"16/07/1996",0,15
"17/07/1996",0,15.6
"18/07/1996",0,17.2
"19/07/1996",0,18.7
"20/07/1996",0,19.3
"21/07/1996",0.27,19.2
"22/07/1996",0.5,20.7
"23/07/1996",5.97,19.5
"24/07/1996",0.84,16.3
"25/07/1996",0.11,16.4
"26/07/1996",1.83,18.1
"27/07/1996",0.26,17.8
"28/07/1996",7.95,15.9
"29/07/1996",1.83,18.8
"30/07/1996",1.39,16.8
"31/07/1996",0.19,17.4
"1/08/1996",0.5,15.9
"2/08/1996",0.04,15.2
"3/08/1996",0,15.2
"4/08/1996",0,16.7
"5/08/1996",0.76,18.6
"6/08/1996",7.81,17.2
"7/08/1996",0.68,15.8
"8/08/1996",1.72,15.8
"9/08/1996",8.02,17.2
"10/08/1996",7.64,17.3
"11/08/1996",4.78,16.1
"12/08/1996",0.65,16.4
"13/08/1996",0.06,17.3
"14/08/1996",0,16.4
"15/08/1996",0,17.5
"16/08/1996",0,17.8
"17/08/1996",0,18.2
"18/08/1996",0.03,21.1
"19/08/1996",1.65,22.1
"20/08/1996",1.45,18.6
"21/08/1996",0.2,18
"22/08/1996",15.19,15.5
"23/08/1996",6.48,16.3
"24/08/1996",5.89,15.5
"25/08/1996",2.29,15.7
"26/08/1996",3.6,14.1
"27/08/1996",4.52,14.1
"28/08/1996",4.3,14.9
"29/08/1996",1.5,14.3
"30/08/1996",0.11,14.6
"31/08/1996",0,13.4
"1/09/1996",0.87,14.1
"2/09/1996",1,17.1
"3/09/1996",0.26,17.8
"4/09/1996",0.05,15.6
"5/09/1996",0.02,16.1
"6/09/1996",0,14.6
"7/09/1996",0,13.8
"8/09/1996",0.29,14.4
"9/09/1996",0.1,13.6
"10/09/1996",0.21,13.1
"11/09/1996",0.27,13.6
"12/09/1996",0.19,14.1
"13/09/1996",0.01,11.5
"14/09/1996",0,10.9
"15/09/1996",0,13.4
"16/09/1996",0,14
"17/09/1996",0,13.6
"18/09/1996",0.36,11.8
"19/09/1996",1.83,12.5
"20/09/1996",0.26,13.2
"21/09/1996",0.27,12.9
"22/09/1996",0.11,11.2
"23/09/1996",0.22,12.1
"24/09/1996",4.14,10.7
"25/09/1996",0.53,14.4
"26/09/1996",3.57,12.5
"27/09/1996",0.76,14.1
"28/09/1996",9.31,14.2
"29/09/1996",6.16,15.3
"30/09/1996",3.23,12.3
"1/10/1996",1.63,11.7
"2/10/1996",0.14,10.2
"3/10/1996",5.08,12.4
"4/10/1996",2.65,10.5
"5/10/1996",0.6,10.2
"6/10/1996",0.17,11
"7/10/1996",0.84,13
"8/10/1996",4.49,11.9
"9/10/1996",0.22,11.4
"10/10/1996",0,10.7
"11/10/1996",0.49,10.2
"12/10/1996",0.31,12.8
"13/10/1996",0.52,14.3
"14/10/1996",6.3,14.6
"15/10/1996",2.93,11.1
"16/10/1996",1.87,9.6
"17/10/1996",6.83,8.9
"18/10/1996",3.79,11
"19/10/1996",2.25,12
"20/10/1996",7.18,13.5
"21/10/1996",0.53,12.5
"22/10/1996",0.11,12.6
"23/10/1996",0.45,14
"24/10/1996",2.42,13.9
"25/10/1996",4.85,13.7
"26/10/1996",10.29,10.5
"27/10/1996",5.17,12.1
"28/10/1996",8.07,13.1
"29/10/1996",0.05,9.7
"30/10/1996",3.37,8.7
"31/10/1996",4.15,10.8
"1/11/1996",2.33,10.2
"2/11/1996",4.53,12.9
"3/11/1996",14.59,15
"4/11/1996",3.91,12.9
"5/11/1996",8.22,10.9
"6/11/1996",5.95,11.1
"7/11/1996",2.29,8.6
"8/11/1996",2.04,5.6
"9/11/1996",5.99,6.7
"10/11/1996",0.88,4.5
"11/11/1996",5.71,2.9
"12/11/1996",1.1,4.7
"13/11/1996",0.56,4.3
"14/11/1996",0.28,3.8
"15/11/1996",0.29,6.1
"16/11/1996",6.09,6.8
"17/11/1996",3.92,5.8
"18/11/1996",7.43,3.1
"19/11/1996",14.95,1.2
"20/11/1996",1.08,2.7
"21/11/1996",2.09,2.8
"22/11/1996",3.12,2.2
"23/11/1996",1.16,2.4
"24/11/1996",16.68,4.4
"25/11/1996",1.99,4.8
"26/11/1996",1.76,4.5
"27/11/1996",0.97,3.1
"28/11/1996",10.72,3.3
"29/11/1996",2.62,3.3
"30/11/1996",1.09,7.5
"1/12/1996",1.7,6.7
"2/12/1996",12.49,7.4
"3/12/1996",6.13,7.3
"4/12/1996",1.53,5
"5/12/1996",0.37,1.9
"6/12/1996",0.05,0.9
"7/12/1996",0.2,1.8
"8/12/1996",0.17,2.4
"9/12/1996",0.08,3.1
"10/12/1996",0.06,2.3
"11/12/1996",0.03,2.9
"12/12/1996",0.69,3.4
"13/12/1996",0.15,3.7
"14/12/1996",0.44,1.9
"15/12/1996",0.61,3.7
"16/12/1996",1.19,6.2
"17/12/1996",2.73,4.6
"18/12/1996",11.69,6
"19/12/1996",7.95,7.2
"20/12/1996",0.86,4.6
"21/12/1996",0.03,1.5
"22/12/1996",0.22,2.1
"23/12/1996",0.15,1.9
"24/12/1996",0.18,0.4
"25/12/1996",0.09,1.8
"26/12/1996",1.12,-0.9
"27/12/1996",1.07,0.7
"28/12/1996",0.13,1.2
"29/12/1996",0.87,-0.2
"30/12/1996",1.32,0.9
"31/12/1996",1.22,-1.9
"1/01/1997",0.35,-2.6
"2/01/1997",0.69,-1.8
"3/01/1997",0.15,-1.7
"4/01/1997",0.02,-0.3
"5/01/1997",0.41,1.2
"6/01/1997",0.1,1.5
"7/01/1997",0.01,-1.8
"8/01/1997",0.27,-1.1
"9/01/1997",0.81,-0.4
"10/01/1997",0.41,0.6
"11/01/1997",1.31,3.7
"12/01/1997",0.2,5.4
"13/01/1997",0.04,7.7
"14/01/1997",0.05,3.7
"15/01/1997",0.14,0.9
"16/01/1997",0.43,2.2
"17/01/1997",1.26,4.7
"18/01/1997",1.7,6.4
"19/01/1997",1.67,3.7
"20/01/1997",0.07,3.9
"21/01/1997",3.19,2.2
"22/01/1997",1.97,2
"23/01/1997",0.2,3.9
"24/01/1997",0.3,5
"25/01/1997",0.06,5.7
"26/01/1997",0.1,4.5
"27/01/1997",0.28,4
"28/01/1997",0.09,4
"29/01/1997",0.04,2.9
"30/01/1997",0,3.1
"31/01/1997",0.14,4
"1/02/1997",0.97,4.2
"2/02/1997",0.15,5.6
"3/02/1997",5.44,3.1
"4/02/1997",4.94,5
"5/02/1997",0.09,5.2
"6/02/1997",1.43,6.7
"7/02/1997",1.2,8.6
"8/02/1997",1.02,3.8
"9/02/1997",4.21,6.3
"10/02/1997",4.12,8.8
"11/02/1997",8.96,7.4
"12/02/1997",6.4,8.6
"13/02/1997",0.72,5.4
"14/02/1997",0.73,3
"15/02/1997",0.67,5
"16/02/1997",4.56,5.7
"17/02/1997",14.6,7.4
"18/02/1997",2.21,6.6
"19/02/1997",7.27,6.5
"20/02/1997",3,8.1
"21/02/1997",0.67,9.7
"22/02/1997",0.85,8.9
"23/02/1997",7.12,9.5
"24/02/1997",11.6,7.8
"25/02/1997",5.11,7.9
"26/02/1997",1.33,6.5
"27/02/1997",1.56,6.9
"28/02/1997",0.69,8.7
"1/03/1997",2.73,8
"2/03/1997",0.4,8.8
"3/03/1997",6.15,5.4
"4/03/1997",1.05,6.1
"5/03/1997",2.11,8.5
"6/03/1997",0.02,6.3
"7/03/1997",0.4,7.5
"8/03/1997",0.49,7.7
"9/03/1997",0.52,8.1
"10/03/1997",0.11,7.7
"11/03/1997",0.07,8.6
"12/03/1997",0.05,8.9
"13/03/1997",1.01,9.3
"14/03/1997",0.51,10.3
"15/03/1997",0.27,11
"16/03/1997",0.06,10.9
"17/03/1997",0.69,10.4
"18/03/1997",2.07,9.9
"19/03/1997",0.1,9
"20/03/1997",0.34,7.4
"21/03/1997",0.03,6.7
"22/03/1997",1.69,7.5
"23/03/1997",1.97,8.9
"24/03/1997",1.23,7.8
"25/03/1997",0.67,8.6
"26/03/1997",0.32,10.9
"27/03/1997",1.43,10
"28/03/1997",0.06,7.6
"29/03/1997",0.01,8.1
"30/03/1997",0.03,7.7
"31/03/1997",0.04,7.9
"1/04/1997",0,8.2
"2/04/1997",0.14,10.1
"3/04/1997",0.19,9.2
"4/04/1997",0.27,6.3
"5/04/1997",0.48,9.6
"6/04/1997",0.1,10.6
"7/04/1997",0.03,8.9
"8/04/1997",0,8.5
"9/04/1997",0,10.2
"10/04/1997",0,10.2
"11/04/1997",0.01,10
"12/04/1997",0,6.7
"13/04/1997",0.01,8.4
"14/04/1997",0.06,10.4
"15/04/1997",0,9.5
"16/04/1997",0.14,7.8
"17/04/1997",0.01,9.1
"18/04/1997",0.31,7.8
"19/04/1997",0.04,6.2
"20/04/1997",0.13,4.7
"21/04/1997",0.49,4.8
"22/04/1997",0.3,6.6
"23/04/1997",0.4,9
"24/04/1997",4.95,9.9
"25/04/1997",7.78,8
"26/04/1997",4.03,9.1
"27/04/1997",1.94,12.7
"28/04/1997",1.65,12.7
"29/04/1997",0.23,12.2
"30/04/1997",0.03,11.5
"1/05/1997",0,13.5
"2/05/1997",0.02,14.3
"3/05/1997",5.13,14.9
"4/05/1997",5.5,14.1
"5/05/1997",10.07,12.2
"6/05/1997",1.21,5.9
"7/05/1997",4.56,5.2
"8/05/1997",6.94,7.2
"9/05/1997",2.09,7.9
"10/05/1997",6.97,8.8
"11/05/1997",2.81,9.1
"12/05/1997",2.68,9.9
"13/05/1997",0.97,10.5
"14/05/1997",0.17,10.8
"15/05/1997",1.46,11.6
"16/05/1997",2.74,13
"17/05/1997",3.4,15.3
"18/05/1997",1.24,16.3
"19/05/1997",5.9,13.5
"20/05/1997",5.9,12.5
"21/05/1997",0.82,10.6
"22/05/1997",0.46,9.1
"23/05/1997",0,10
"24/05/1997",0.01,8.4
"25/05/1997",0.11,9.7
"26/05/1997",0,12.3
"27/05/1997",0,14.1
"28/05/1997",0.01,10.9
"29/05/1997",0.01,13.1
"30/05/1997",0,15.6
"31/05/1997",0.04,15.5
"1/06/1997",0.04,13.7
"2/06/1997",1.02,14.8
"3/06/1997",0.01,14.4
"4/06/1997",0.24,14.3
"5/06/1997",4.8,16.9
"6/06/1997",7.68,17.3
"7/06/1997",1.8,18.4
"8/06/1997",1.48,16.5
"9/06/1997",0.2,13.9
"10/06/1997",9.62,16.8
"11/06/1997",13.48,17.5
"12/06/1997",1.69,15.6
"13/06/1997",2.98,15.7
"14/06/1997",1.24,13.2
"15/06/1997",0.37,12.6
"16/06/1997",0.46,12.7
"17/06/1997",0.27,13.9
"18/06/1997",4.44,13.7
"19/06/1997",3.8,13.4
"20/06/1997",9.82,11.4
"21/06/1997",7.95,12.2
"22/06/1997",3.48,13.8
"23/06/1997",1.37,14.2
"24/06/1997",6.9,12.2
"25/06/1997",15.52,12.3
"26/06/1997",12.83,10.7
"27/06/1997",6.25,11.2
"28/06/1997",2.07,12.9
"29/06/1997",1.72,13.5
"30/06/1997",8.71,12.4
"1/07/1997",2.08,12.7
"2/07/1997",5.24,12.5
"3/07/1997",3.82,12.3
"4/07/1997",1.23,13.9
"5/07/1997",0.01,14.9
"6/07/1997",0.01,16.7
"7/07/1997",0.01,18.6
"8/07/1997",0.51,19.1
"9/07/1997",0.24,18.6
"10/07/1997",0,17.7
"11/07/1997",0.05,16.9
"12/07/1997",2.62,17.7
"13/07/1997",2.42,18
"14/07/1997",1.09,17.4
"15/07/1997",0.38,17.8
"16/07/1997",3.51,16.8
"17/07/1997",2.46,15.6
"18/07/1997",0.83,16.2
"19/07/1997",0.08,17.5
"20/07/1997",0.03,17.3
"21/07/1997",0.06,17.6
"22/07/1997",0.7,17.8
"23/07/1997",2.31,18
"24/07/1997",6.19,17.8
"25/07/1997",0.91,17.4
"26/07/1997",7.34,15.7
"27/07/1997",0.46,17.4
"28/07/1997",0.25,17.6
"29/07/1997",3.64,17.5
"30/07/1997",0.87,17.4
"31/07/1997",4.12,15.4
"1/08/1997",0.43,17.4
"2/08/1997",0.58,15.6
"3/08/1997",6.74,15.4
"4/08/1997",5.23,16.5
"5/08/1997",3.09,17.6
"6/08/1997",7.48,20.1
"7/08/1997",0.12,21.5
"8/08/1997",0.02,22
"9/08/1997",0.11,21.7
"10/08/1997",0.8,22.5
"11/08/1997",0.28,22.6
"12/08/1997",5.47,21.5
"13/08/1997",3.06,20.6
"14/08/1997",0.02,19
"15/08/1997",0.03,19.2
"16/08/1997",0.89,20.3
"17/08/1997",2.73,20.6
"18/08/1997",0.42,20.8
"19/08/1997",0.96,22.1
"20/08/1997",0.71,21.2
"21/08/1997",4.2,19.4
"22/08/1997",2.51,20.3
"23/08/1997",5.53,19.7
"24/08/1997",8.27,17.9
"25/08/1997",3.69,17.1
"26/08/1997",3.29,16
"27/08/1997",6.59,15.8
"28/08/1997",5.38,14.4
"29/08/1997",10,16.3
"30/08/1997",2.96,15.5
"31/08/1997",7.34,15.8
"1/09/1997",0.14,16.9
"2/09/1997",3.37,14
"3/09/1997",4.04,15.7
"4/09/1997",0.38,15.4
"5/09/1997",0.61,14.7
"6/09/1997",1.76,13.9
"7/09/1997",0.03,15.8
"8/09/1997",0.06,15.1
"9/09/1997",0.01,15.3
"10/09/1997",0.01,13.1
"11/09/1997",3.16,13.6
"12/09/1997",2.89,13.9
"13/09/1997",0.35,11.3
"14/09/1997",0.25,12.2
"15/09/1997",1.15,13.3
"16/09/1997",1.72,15.2
"17/09/1997",0.08,14.5
"18/09/1997",5.75,16.1
"19/09/1997",2.14,13.5
"20/09/1997",0.23,14.7
"21/09/1997",0.24,12.7
"22/09/1997",0.03,12.7
"23/09/1997",0.04,12.8
"24/09/1997",0.01,12.8
"25/09/1997",0.02,14.2
"26/09/1997",0.04,14.7
"27/09/1997",0.02,13.8
"28/09/1997",0.46,14
"29/09/1997",0.92,15.6
"30/09/1997",0.89,15.8
"1/10/1997",0.07,17.7
"2/10/1997",0.08,14
"3/10/1997",0.01,13
"4/10/1997",0.11,15
"5/10/1997",0.39,14.2
"6/10/1997",9.71,14.4
"7/10/1997",5.24,12.5
"8/10/1997",17.55,12.4
"9/10/1997",9.72,14.6
"10/10/1997",1.95,13.1
"11/10/1997",11.05,10.2
"12/10/1997",1.09,9.1
"13/10/1997",0.57,8.5
"14/10/1997",9.86,6.7
"15/10/1997",2.59,9.2
"16/10/1997",1.42,13.1
"17/10/1997",0.13,14.4
"18/10/1997",0.14,14.6
"19/10/1997",0.85,14.3
"20/10/1997",0.67,10.4
"21/10/1997",0.11,9.5
"22/10/1997",0.13,6.4
"23/10/1997",0.08,6.7
"24/10/1997",0.05,7.2
"25/10/1997",0.04,4.8
"26/10/1997",0.22,5.1
"27/10/1997",0.07,7.5
"28/10/1997",0,4.3
"29/10/1997",0.31,3.1
"30/10/1997",0.39,4.2
"31/10/1997",0.12,6.1
"1/11/1997",0.52,6
"2/11/1997",0.31,7.5
"3/11/1997",0.41,8
"4/11/1997",5.85,8.9
"5/11/1997",8.13,10.2
"6/11/1997",2.65,10.8
"7/11/1997",10.81,8.7
"8/11/1997",7.08,8.4
"9/11/1997",3.87,7.5
"10/11/1997",2.08,7.8
"11/11/1997",0.57,8.5
"12/11/1997",0.9,6.2
"13/11/1997",0.66,5.4
"14/11/1997",1.7,6
"15/11/1997",1.81,9.2
"16/11/1997",2.45,13.4
"17/11/1997",7.22,13.1
"18/11/1997",5.66,12
"19/11/1997",11.72,10.8
"20/11/1997",5.6,9.6
"21/11/1997",2.39,6.9
"22/11/1997",1.28,5.6
"23/11/1997",4.83,5.9
"24/11/1997",2.18,7
"25/11/1997",1.93,6.7
"26/11/1997",5.2,7.7
"27/11/1997",9.91,8.8
"28/11/1997",9.94,8.7
"29/11/1997",4.82,9.2
"30/11/1997",0.9,8.3
"1/12/1997",5.96,1.9
"2/12/1997",3.14,0.5
"3/12/1997",0.87,1.6
"4/12/1997",0.31,2.8
"5/12/1997",1.65,3.6
"6/12/1997",0.87,5.3
"7/12/1997",3.89,8.8
"8/12/1997",1.72,9.9
"9/12/1997",10.98,10.1
"10/12/1997",3.79,10.9
"11/12/1997",2.2,10.3
"12/12/1997",0.28,6.5
"13/12/1997",0.14,4.9
"14/12/1997",0.13,5.4
"15/12/1997",0.18,3.8
"16/12/1997",0.58,2.8
"17/12/1997",6.43,3.2
"18/12/1997",10.56,4.1
"19/12/1997",4.13,7.1
"20/12/1997",0.11,6.2
"21/12/1997",0.28,4.6
"22/12/1997",4.65,4.1
"23/12/1997",6.28,7.2
"24/12/1997",7.35,8.8
"25/12/1997",8.32,8.5
"26/12/1997",1.17,6.6
"27/12/1997",1.19,6.4
"28/12/1997",2.51,4.9
"29/12/1997",2.16,4.8
"30/12/1997",6.56,6.2
"31/12/1997",2.38,7.2
"1/01/1998",16.69,4.8
"2/01/1998",14.41,6.6
"3/01/1998",6.94,7
"4/01/1998",12.7,5.3
"5/01/1998",7.36,4
"6/01/1998",6.54,4.6
"7/01/1998",6.26,5.1
"8/01/1998",4.86,7.8
"9/01/1998",0.02,10.7
"10/01/1998",0.13,10.1
"11/01/1998",0.54,7.8
"12/01/1998",2.29,8.1
"13/01/1998",10.25,9
"14/01/1998",3.04,7.6
"15/01/1998",2.99,7
"16/01/1998",0.44,6.9
"17/01/1998",8.39,6.1
"18/01/1998",11.06,6.9
"19/01/1998",1.12,4.2
"20/01/1998",1.04,2.2
"21/01/1998",1.19,2.5
"22/01/1998",0.77,3.7
"23/01/1998",0.35,1.6
"24/01/1998",0.13,3.3
"25/01/1998",0.01,2.7
"26/01/1998",0.03,2.3
"27/01/1998",0.03,1.8
"28/01/1998",0.1,0.7
"29/01/1998",0.04,2.2
"30/01/1998",0.46,4
"31/01/1998",0.2,3.7
"1/02/1998",0.22,0.2
"2/02/1998",0.24,2.3
"3/02/1998",0.14,1.9
"4/02/1998",0.11,3.5
"5/02/1998",0.12,5.7
"6/02/1998",4.79,7.1
"7/02/1998",0.2,5.7
"8/02/1998",0.11,6.3
"9/02/1998",0.56,7.3
"10/02/1998",1.04,9.1
"11/02/1998",1.28,10.5
"12/02/1998",0.02,11.4
"13/02/1998",0.06,12
"14/02/1998",0.17,10.1
"15/02/1998",0.11,9.8
"16/02/1998",0.24,9.7
"17/02/1998",0.08,7.6
"18/02/1998",0.11,6.7
"19/02/1998",0.06,7.6
"20/02/1998",1.22,10.5
"21/02/1998",3.52,9
"22/02/1998",0.75,6.4
"23/02/1998",0.37,7.4
"24/02/1998",0.01,8.9
"25/02/1998",0.06,7.7
"26/02/1998",0.51,7.2
"27/02/1998",2.69,7.8
"28/02/1998",1.59,4.3
"1/03/1998",1.32,5.2
"2/03/1998",12.16,8
"3/03/1998",13.85,10.1
"4/03/1998",1.91,7
"5/03/1998",10.51,6.1
"6/03/1998",13,8
"7/03/1998",3.18,9.3
"8/03/1998",0.35,7.1
"9/03/1998",0.13,3.8
"10/03/1998",6.97,4.3
"11/03/1998",0.55,6.5
"12/03/1998",1.48,4.3
"13/03/1998",0.04,6.6
"14/03/1998",0.01,7
"15/03/1998",0.01,8.7
"16/03/1998",0.04,8.7
"17/03/1998",0.01,9.2
"18/03/1998",0.02,9.4
"19/03/1998",0.02,7
"20/03/1998",0,6.9
"21/03/1998",0.02,9
"22/03/1998",0.03,6.6
"23/03/1998",1.42,5.4
"24/03/1998",6.86,5.5
"25/03/1998",7.71,7.6
"26/03/1998",1.9,9.8
"27/03/1998",0.25,11
"28/03/1998",0.36,12.6
"29/03/1998",4.49,11.9
"30/03/1998",0.04,12.9
"31/03/1998",0.53,9.2
"1/04/1998",3.01,8.9
"2/04/1998",11.84,9.5
"3/04/1998",7.73,8.8
"4/04/1998",4.99,9.4
"5/04/1998",3.89,9.5
"6/04/1998",2.09,9.2
"7/04/1998",2.43,7.8
"8/04/1998",11.83,6.9
"9/04/1998",12.65,5.7
"10/04/1998",8.5,3.9
"11/04/1998",1.92,5
"12/04/1998",1.44,3.8
"13/04/1998",1.61,3.8
"14/04/1998",7.08,3.3
"15/04/1998",4.8,3.2
"16/04/1998",4.26,4.2
"17/04/1998",1.05,6.2
"18/04/1998",1.98,6.5
"19/04/1998",5.24,6.6
"20/04/1998",1.28,9
"21/04/1998",3.33,7.5
"22/04/1998",6.2,12.9
"23/04/1998",3.74,10.9
"24/04/1998",4.78,10.9
"25/04/1998",2.56,11.5
"26/04/1998",3.54,9.8
"27/04/1998",1.86,8.3
"28/04/1998",2.7,8.8
"29/04/1998",2.12,9.8
"30/04/1998",0.47,10.2
"1/05/1998",0.54,8.9
"2/05/1998",0.31,10.2
"3/05/1998",0.04,10
"4/05/1998",0.6,8.6
"5/05/1998",2.58,9.9
"6/05/1998",0.98,12.2
"7/05/1998",0.64,12.6
"8/05/1998",0.44,14.3
"9/05/1998",0.18,15.4
"10/05/1998",4.29,12.7
"11/05/1998",1.14,12.2
"12/05/1998",0.03,13.5
"13/05/1998",0.84,16
"14/05/1998",0.32,16.6
"15/05/1998",0.04,16.8
"16/05/1998",0.01,15.2
"17/05/1998",0,13.8
"18/05/1998",0,14
"19/05/1998",0.07,15.1
"20/05/1998",0.54,15.8
"21/05/1998",0.02,14.4
"22/05/1998",0.02,12
"23/05/1998",0.31,12.2
"24/05/1998",0.34,13.8
"25/05/1998",1.72,14
"26/05/1998",3.87,11.9
"27/05/1998",1.6,9.2
"28/05/1998",5.5,11.5
"29/05/1998",1.78,14.9
"30/05/1998",4.5,13.2
"31/05/1998",0.63,14.1
"1/06/1998",12.12,13.3
"2/06/1998",11.69,12.6
"3/06/1998",3.07,12.4
"4/06/1998",0,12
"5/06/1998",3.4,12.6
"6/06/1998",4.26,15.6
"7/06/1998",1.54,13.9
"8/06/1998",9.96,13.2
"9/06/1998",2.99,15.6
"10/06/1998",8.65,14
"11/06/1998",2.42,10.2
"12/06/1998",1.71,11
"13/06/1998",9.38,11.4
"14/06/1998",5.21,13.4
"15/06/1998",1.63,13.1
"16/06/1998",0.97,13.3
"17/06/1998",6.39,12.1
"18/06/1998",1.74,14.8
"19/06/1998",0.16,18.7
"20/06/1998",0.5,20
"21/06/1998",0.22,18.6
"22/06/1998",3.19,14.7
"23/06/1998",3.35,15.8
"24/06/1998",3.27,17.1
"25/06/1998",3.18,14.7
"26/06/1998",9.96,13.6
"27/06/1998",3.71,14.3
"28/06/1998",0.63,15.1
"29/06/1998",5.83,14.4
"30/06/1998",0.3,14.1
"1/07/1998",0.12,14.9
"2/07/1998",0.01,13.5
"3/07/1998",0.01,14.5
"4/07/1998",0.19,15
"5/07/1998",0.25,15.8
"6/07/1998",1.24,15.4
"7/07/1998",0.04,14.9
"8/07/1998",1.8,14.8
"9/07/1998",0.2,16.9
"10/07/1998",1.09,16.1
"11/07/1998",8,14.9
"12/07/1998",4.22,15.6
"13/07/1998",1.25,13.7
"14/07/1998",0.41,14.4
"15/07/1998",3.8,15.1
"16/07/1998",2.32,16.4
"17/07/1998",1.49,15.5
"18/07/1998",0.47,15.2
"19/07/1998",2.58,15.5
"20/07/1998",4.06,17.7
"21/07/1998",0.43,16.6
"22/07/1998",3.63,16.2
"23/07/1998",0.25,16.7
"24/07/1998",0.11,14.8
"25/07/1998",0.27,14
"26/07/1998",3.36,14.8
"27/07/1998",1.56,16.8
"28/07/1998",2.31,16.7
"29/07/1998",2.06,16.7
"30/07/1998",4,15.9
"31/07/1998",2.86,15.9
"1/08/1998",2.87,15
"2/08/1998",3.88,14.7
"3/08/1998",2.68,14.3
"4/08/1998",0.02,16.1
"5/08/1998",0.22,17.1
"6/08/1998",0.45,16.5
"7/08/1998",0.71,18.3
"8/08/1998",0.06,18.6
"9/08/1998",0.01,19.7
"10/08/1998",0.02,19.6
"11/08/1998",0.09,20.5
"12/08/1998",0.48,16.5
"13/08/1998",0.52,15.3
"14/08/1998",5.88,18.2
"15/08/1998",0.01,15.9
"16/08/1998",1.22,15.2
"17/08/1998",0.19,16.8
"18/08/1998",0.01,15.7
"19/08/1998",0.06,15
"20/08/1998",3.5,15.6
"21/08/1998",0.47,16.4
"22/08/1998",1.96,15.3
"23/08/1998",13.34,13.9
"24/08/1998",0.15,14.4
"25/08/1998",4.43,13.3
"26/08/1998",0.07,14.2
"27/08/1998",0.03,13
"28/08/1998",0.04,13.6
"29/08/1998",0.07,14.6
"30/08/1998",0.05,15.5
"31/08/1998",5.23,15.4
"1/09/1998",2.63,18.1
"2/09/1998",7.91,16.1
"3/09/1998",0.36,17.1
"4/09/1998",12.45,14.2
"5/09/1998",3.21,16.2
"6/09/1998",1.52,15.5
"7/09/1998",3.99,17.9
"8/09/1998",5.71,17.5
"9/09/1998",6.16,16.9
"10/09/1998",4.57,15.5
"11/09/1998",4.52,13.3
"12/09/1998",7.42,10.5
"13/09/1998",0.92,10.2
"14/09/1998",1.25,12.5
"15/09/1998",0.91,13
"16/09/1998",0.24,12.8
"17/09/1998",0.58,13
"18/09/1998",0.34,15.5
"19/09/1998",0.09,16.6
"20/09/1998",0.01,17.1
"21/09/1998",0.01,15.5
"22/09/1998",0.01,13.4
"23/09/1998",0.07,15.4
"24/09/1998",0.17,15.6
"25/09/1998",2.56,15.2
"26/09/1998",13.47,15.2
"27/09/1998",2.48,14.3
"28/09/1998",1.71,15.7
"29/09/1998",8.08,13.2
"30/09/1998",11.01,14.5
"1/10/1998",1.64,14.4
"2/10/1998",0.39,11.8
"3/10/1998",1.14,8.9
"4/10/1998",2.71,10
"5/10/1998",4.77,10
"6/10/1998",1.06,10.4
"7/10/1998",0.78,10.2
"8/10/1998",0.68,9.2
"9/10/1998",4.31,9.1
"10/10/1998",2.73,11.6
"11/10/1998",0.49,12.3
"12/10/1998",2.33,11.7
"13/10/1998",4.46,12.7
"14/10/1998",0.66,13.7
"15/10/1998",1.32,11.2
"16/10/1998",15.8,10.8
"17/10/1998",2.22,10.4
"18/10/1998",1.62,5.9
"19/10/1998",0.61,7.8
"20/10/1998",6.42,9.6
"21/10/1998",1.67,12.4
"22/10/1998",15.82,15.2
"23/10/1998",7.94,14.4
"24/10/1998",20.31,9.7
"25/10/1998",2.26,9.8
"26/10/1998",6.08,9.5
"27/10/1998",13.7,10.7
"28/10/1998",2.02,11
"29/10/1998",3.62,9
"30/10/1998",3.73,8.4
"31/10/1998",18.86,7.4
"1/11/1998",1.68,6.6
"2/11/1998",15.77,6.2
"3/11/1998",3.82,7
"4/11/1998",1.31,4.4
"5/11/1998",1.41,6.1
"6/11/1998",0.27,8.4
"7/11/1998",8.79,8.6
"8/11/1998",8.83,11.4
"9/11/1998",3.41,12.5
"10/11/1998",0.14,8.9
"11/11/1998",5.42,6.6
"12/11/1998",2.36,7.5
"13/11/1998",7.22,7.1
"14/11/1998",2.18,5.7
"15/11/1998",1.43,5.8
"16/11/1998",0.25,3.4
"17/11/1998",0.22,2
"18/11/1998",1.47,2.9
"19/11/1998",0.94,3.9
"20/11/1998",0.35,4.3
"21/11/1998",0.28,4.7
"22/11/1998",2.77,4
"23/11/1998",4.34,4
"24/11/1998",4.41,4.9
"25/11/1998",1.75,5
"26/11/1998",1.49,6.9
"27/11/1998",3.14,8.9
"28/11/1998",3.22,9.1
"29/11/1998",0.4,5.2
"30/11/1998",0.28,3.6
"1/12/1998",0.33,3.1
"2/12/1998",0.04,4.1
"3/12/1998",1.59,2.3
"4/12/1998",0.8,2.4
"5/12/1998",1.23,2.3
"6/12/1998",0.39,-0.3
"7/12/1998",3.97,2.8
"8/12/1998",7.19,5.9
"9/12/1998",0.37,7.2
"10/12/1998",6.39,7.1
"11/12/1998",2.56,7.6
"12/12/1998",6.11,7.6
"13/12/1998",3.07,9.8
"14/12/1998",1.71,10.7
"15/12/1998",3.92,10.2
"16/12/1998",0.06,7.9
"17/12/1998",1.66,8.4
"18/12/1998",6.35,7.1
"19/12/1998",2.2,6.4
"20/12/1998",0.6,2
"21/12/1998",1.67,0.6
"22/12/1998",4.57,3.1
"23/12/1998",6.5,3.4
"24/12/1998",4.41,5.7
"25/12/1998",11.14,6.3
"26/12/1998",8.45,7.7
"27/12/1998",3.77,4.9
"28/12/1998",1.27,4.9
"29/12/1998",0.84,5.4
"30/12/1998",1.49,7.6
"31/12/1998",2.78,7.5
"1/01/1999",7.22,7.3
"2/01/1999",8.91,6.5
"3/01/1999",7.82,7.6
"4/01/1999",3.01,8
"5/01/1999",3.87,10
"6/01/1999",6.11,9.8
"7/01/1999",7.29,5.1
"8/01/1999",3.89,4.1
"9/01/1999",1,2.3
"10/01/1999",0.86,1
"11/01/1999",2.76,0.5
"12/01/1999",5.95,1.2
"13/01/1999",3.06,4.9
"14/01/1999",3.14,6.5
"15/01/1999",20.35,7.4
"16/01/1999",2.24,4.6
"17/01/1999",1.09,4.4
"18/01/1999",6.83,6.1
"19/01/1999",10.04,7.7
"20/01/1999",0.72,9.8
"21/01/1999",0.12,3.8
"22/01/1999",0.22,1.3
"23/01/1999",2.13,3.1
"24/01/1999",4.45,6.6
"25/01/1999",1.88,7.2
"26/01/1999",6.26,5.2
"27/01/1999",4.3,5.9
"28/01/1999",0.83,6.5
"29/01/1999",1.65,5.1
"30/01/1999",0.46,5.7
"31/01/1999",0.11,5.8
"1/02/1999",0.03,6.8
"2/02/1999",0.08,5.3
"3/02/1999",0.05,6.5
"4/02/1999",0.33,10.1
"5/02/1999",0.49,7.5
"6/02/1999",2.97,6.5
"7/02/1999",1.78,2.5
"8/02/1999",2.53,1.2
"9/02/1999",1.4,0.3
"10/02/1999",0.73,1.7
"11/02/1999",0.08,1.5
"12/02/1999",1.58,2.7
"13/02/1999",0.31,3.3
"14/02/1999",2.04,4.2
"15/02/1999",0.7,5.5
"16/02/1999",0.42,6
"17/02/1999",3.58,6.2
"18/02/1999",3.77,7.5
"19/02/1999",1.41,10.2
"20/02/1999",2.55,6.6
"21/02/1999",3.22,7.2
"22/02/1999",0.38,3.9
"23/02/1999",4.1,3.9
"24/02/1999",0.05,4
"25/02/1999",0.61,5.3
"26/02/1999",6.59,6.9
"27/02/1999",0.42,7.1
"28/02/1999",7.83,7.7
"1/03/1999",5.2,9.6
"2/03/1999",7.92,10.7
"3/03/1999",6.59,7.6
"4/03/1999",3.44,5
"5/03/1999",3.96,3.7
"6/03/1999",5.55,3.4
"7/03/1999",4.6,3.3
"8/03/1999",1.64,4.2
"9/03/1999",5.26,4.9
"10/03/1999",0.14,4.5
"11/03/1999",1.4,2.9
"12/03/1999",3.08,6.7
"13/03/1999",0.08,9.1
"14/03/1999",0.06,6.9
"15/03/1999",0.65,8.3
"16/03/1999",0.08,8.9
"17/03/1999",0.24,10.9
"18/03/1999",0.02,8.7
"19/03/1999",0.01,7.8
"20/03/1999",3.41,6.7
"21/03/1999",3.47,8.1
"22/03/1999",1.02,7.1
"23/03/1999",0.11,9.1
"24/03/1999",0.8,9.1
"25/03/1999",4.29,7.3
"26/03/1999",1.47,7.2
"27/03/1999",0.06,6.5
"28/03/1999",2.18,6.7
"29/03/1999",2.17,10.6
"30/03/1999",1.63,10.3
"31/03/1999",0.03,12.8
"1/04/1999",0.68,13.1
"2/04/1999",0.98,11.6
"3/04/1999",0.19,9
"4/04/1999",1.18,12.3
"5/04/1999",1.13,12.8
"6/04/1999",1.31,12.7
"7/04/1999",0.52,9.4
"8/04/1999",0.07,9.7
"9/04/1999",0.68,12.9
"10/04/1999",0.17,10.9
"11/04/1999",7.62,9.2
"12/04/1999",4.34,8.5
"13/04/1999",3.79,5.4
"14/04/1999",2.88,3
"15/04/1999",3.51,3.8
"16/04/1999",3.67,5.1
"17/04/1999",2.4,5.8
"18/04/1999",3.36,5.2
"19/04/1999",4.21,5.1
"20/04/1999",13.73,7.6
"21/04/1999",2.94,10.2
"22/04/1999",4.06,11.2
"23/04/1999",6.3,8.9
"24/04/1999",1.19,11.1
"25/04/1999",3.76,9.9
"26/04/1999",1.08,11.7
"27/04/1999",0.01,13.1
"28/04/1999",0,11.9
"29/04/1999",0,11.1
"30/04/1999",0.02,11.3
"1/05/1999",0.02,12.4
"2/05/1999",0,13.1
"3/05/1999",0.01,14.2
"4/05/1999",0,13.1
"5/05/1999",2.07,12.7
"6/05/1999",1.33,13.4
"7/05/1999",8.7,11.1
"8/05/1999",4.49,11.3
"9/05/1999",2.16,14.9
"10/05/1999",3.9,13.5
"11/05/1999",3.76,13.3
"12/05/1999",1.9,12.7
"13/05/1999",2.76,12.2
"14/05/1999",2.01,13.2
"15/05/1999",0.05,11.8
"16/05/1999",0.21,11.7
"17/05/1999",1.92,10.2
"18/05/1999",0.45,11.8
"19/05/1999",1.96,15
"20/05/1999",0.48,14.8
"21/05/1999",0.94,12.5
"22/05/1999",0.22,11.5
"23/05/1999",0.95,14.1
"24/05/1999",1.23,13.6
"25/05/1999",0.3,11.6
"26/05/1999",0.02,12.7
"27/05/1999",4.47,15.6
"28/05/1999",1.22,16.1
"29/05/1999",6.98,14.3
"30/05/1999",1.62,11
"31/05/1999",0.05,12.2
"1/06/1999",14.73,15
"2/06/1999",10.45,14.8
"3/06/1999",4.43,13.6
"4/06/1999",2.88,13.1
"5/06/1999",7.6,10.7
"6/06/1999",4.73,12.3
"7/06/1999",6.99,11.8
"8/06/1999",1.55,11.3
"9/06/1999",0.06,11.1
"10/06/1999",0.14,11.5
"11/06/1999",1.46,12.5
"12/06/1999",2.13,12.9
"13/06/1999",0.37,13.6
"14/06/1999",0.2,15.2
"15/06/1999",0.01,16.1
"16/06/1999",0.33,17.2
"17/06/1999",0.02,15.3
"18/06/1999",0.04,14.5
"19/06/1999",4.11,15.4
"20/06/1999",0.64,14.6
"21/06/1999",0.74,12.1
"22/06/1999",1.36,11.7
"23/06/1999",0.03,14.8
"24/06/1999",0,16.2
"25/06/1999",0,16
"26/06/1999",5.28,16.7
"27/06/1999",5.07,15.1
"28/06/1999",8.7,13.1
"29/06/1999",3.08,14.4
"30/06/1999",3.82,14.6
"1/07/1999",0.76,15.9
"2/07/1999",4.71,19
"3/07/1999",0.59,18.8
"4/07/1999",0.88,16.9
"5/07/1999",7.04,17.7
"6/07/1999",1.17,17.8
"7/07/1999",0.12,18.3
"8/07/1999",0.01,19.6
"9/07/1999",0.05,20.5
"10/07/1999",0.01,19.2
"11/07/1999",0.01,19
"12/07/1999",0.01,18.3
"13/07/1999",1.37,16.8
"14/07/1999",0.12,15.3
"15/07/1999",0.32,15
"16/07/1999",0.07,16.8
"17/07/1999",0.62,17.1
"18/07/1999",1.24,18
"19/07/1999",4.44,17.9
"20/07/1999",0.77,18.4
"21/07/1999",0.62,15.2
"22/07/1999",0.1,14.6
"23/07/1999",0.01,16.4
"24/07/1999",0.02,19.7
"25/07/1999",0.04,18.5
"26/07/1999",0.01,16.8
"27/07/1999",0,14.9
"28/07/1999",0,16.8
"29/07/1999",0,17.9
"30/07/1999",0.01,20
"31/07/1999",1.2,21.7
"1/08/1999",1.87,21.3
"2/08/1999",6.22,21.2
"3/08/1999",0.86,18.7
"4/08/1999",8.89,19.5
"5/08/1999",1.61,19.7
"6/08/1999",11.36,18.5
"7/08/1999",4.19,17.4
"8/08/1999",11.21,17.1
"9/08/1999",14.99,16.3
"10/08/1999",1.18,14.1
"11/08/1999",1.41,13.9
"12/08/1999",1.11,15.6
"13/08/1999",4.73,16.3
"14/08/1999",3.05,16.6
"15/08/1999",1.55,15.2
"16/08/1999",5.18,13.6
"17/08/1999",9.49,12.1
"18/08/1999",7.73,14.5
"19/08/1999",1.6,14.7
"20/08/1999",0.07,12.9
"21/08/1999",0.07,12.5
"22/08/1999",0.59,12.3
"23/08/1999",2.09,16
"24/08/1999",6.88,14.7
"25/08/1999",7.43,17
"26/08/1999",0.55,17.8
"27/08/1999",0.05,16
"28/08/1999",0.03,16.9
"29/08/1999",0.42,15.8
"30/08/1999",0.17,15.8
"31/08/1999",0.04,16.6
"1/09/1999",0.03,17.1
"2/09/1999",0.04,18.7
"3/09/1999",0.14,18.5
"4/09/1999",0.03,18.6
"5/09/1999",0.28,19.4
"6/09/1999",3.85,18.9
"7/09/1999",0.29,17.5
"8/09/1999",2.41,15.1
"9/09/1999",0.02,15.1
"10/09/1999",0.03,14.7
"11/09/1999",1.45,20.3
"12/09/1999",1.26,15.2
"13/09/1999",0.99,14.2
"14/09/1999",3.88,12.2
"15/09/1999",5.84,14.1
"16/09/1999",4.67,14.5
"17/09/1999",1.58,13.8
"18/09/1999",9.92,13.6
"19/09/1999",22.34,15.4
"20/09/1999",6.63,15.9
"21/09/1999",1.28,15
"22/09/1999",9.22,14.7
"23/09/1999",5.71,15.9
"24/09/1999",6.66,15.8
"25/09/1999",7.35,15.4
"26/09/1999",10.37,13.4
"27/09/1999",5.24,13.9
"28/09/1999",4.42,14.2
"29/09/1999",7.47,14.6
"30/09/1999",1.46,13.4
"1/10/1999",17.87,12.1
"2/10/1999",3.42,10.5
"3/10/1999",4.71,10.3
"4/10/1999",0.43,9.7
"5/10/1999",0.07,7.1
"6/10/1999",0.79,8
"7/10/1999",3.54,10.6
"8/10/1999",0.34,13.5
"9/10/1999",0.21,14.6
"10/10/1999",0.6,15.2
"11/10/1999",0.06,11.4
"12/10/1999",0.03,9.2
"13/10/1999",0.02,9
"14/10/1999",0.13,9.8
"15/10/1999",0.2,11.9
"16/10/1999",0.08,10.9
"17/10/1999",0.01,10.2
"18/10/1999",0.05,8.6
"19/10/1999",0.31,8.2
"20/10/1999",3.1,7.3
"21/10/1999",10.72,9.6
"22/10/1999",6.06,11.6
"23/10/1999",12.28,12.5
"24/10/1999",13.95,10.1
"25/10/1999",0.56,12
"26/10/1999",0.16,11.8
"27/10/1999",0.86,10.9
"28/10/1999",0.11,11.5
"29/10/1999",0.71,10
"30/10/1999",3.9,12.2
"31/10/1999",1.24,11.5
"1/11/1999",3.69,12.9
"2/11/1999",0.34,10.2
"3/11/1999",0.33,10.2
"4/11/1999",5.19,9.6
"5/11/1999",15.42,10.5
"6/11/1999",0.12,8.2
"7/11/1999",1.22,7.4
"8/11/1999",0.21,9.5
"9/11/1999",0.08,8.8
"10/11/1999",0.2,7.1
"11/11/1999",1.86,7.3
"12/11/1999",0.5,8.3
"13/11/1999",0.52,7.7
"14/11/1999",0.48,8.4
"15/11/1999",2.39,6.8
"16/11/1999",1.64,6.2
"17/11/1999",4.05,4.4
"18/11/1999",3.01,3.6
"19/11/1999",1.96,4.6
"20/11/1999",0.93,4
"21/11/1999",1.57,3.3
"22/11/1999",0.64,5.2
"23/11/1999",0.57,8.5
"24/11/1999",4.35,9.7
"25/11/1999",0.27,10.7
"26/11/1999",6.03,9.9
"27/11/1999",1,8.5
"28/11/1999",5.32,9.2
"29/11/1999",2.41,8.3
"30/11/1999",1.02,7.3
"1/12/1999",1.12,8.7
"2/12/1999",4.86,8.3
"3/12/1999",3.42,7.9
"4/12/1999",1.29,4.5
"5/12/1999",2.04,5.6
"6/12/1999",2.65,6.8
"7/12/1999",2.5,8.3
"8/12/1999",6.48,7.1
"9/12/1999",2.3,6.4
"10/12/1999",8.74,7.7
"11/12/1999",8.93,7.1
"12/12/1999",5.2,6.6
"13/12/1999",6.16,3.9
"14/12/1999",2.57,1.3
"15/12/1999",1.19,1.8
"16/12/1999",4.54,5.8
"17/12/1999",3.54,7.3
"18/12/1999",6.12,1.2
"19/12/1999",0.43,-1
"20/12/1999",5.43,-2.2
"21/12/1999",0.92,0.5
"22/12/1999",8.74,6.2
"23/12/1999",12.44,6.7
"24/12/1999",16.55,8.6
"25/12/1999",6.73,4.7
"26/12/1999",4.08,5.1
"27/12/1999",2.13,2.9
"28/12/1999",0.4,2.9
"29/12/1999",2.75,3.4
"30/12/1999",6.8,4
"31/12/1999",1.35,6.1
"1/01/2000",0.22,5.4
"2/01/2000",2.08,6.8
"3/01/2000",6.08,7.9
"4/01/2000",1.79,4.2
"5/01/2000",2.86,6
"6/01/2000",0.39,7.4
"7/01/2000",1.81,6
"8/01/2000",0.22,6.2
"9/01/2000",0.12,3.5
"10/01/2000",1.36,3
"11/01/2000",3.85,5.3
"12/01/2000",10.05,7.5
"13/01/2000",2.73,3
"14/01/2000",1.41,2.8
"15/01/2000",0.18,3.6
"16/01/2000",0.19,2.6
"17/01/2000",0.08,3.9
"18/01/2000",0.16,4.4
"19/01/2000",0.21,5.5
"20/01/2000",0.14,2.7
"21/01/2000",0.84,4.1
"22/01/2000",0.97,4.6
"23/01/2000",0.4,3.9
"24/01/2000",0.33,2.4
"25/01/2000",0.06,2.2
"26/01/2000",0.06,0.6
"27/01/2000",0.25,1.7
"28/01/2000",3.21,5.2
"29/01/2000",1.38,8
"30/01/2000",1.31,10.2
"31/01/2000",1.7,10.3
"1/02/2000",8.49,9.2
"2/02/2000",0.18,6.9
"3/02/2000",1.87,6.8
"4/02/2000",0.36,8.4
"5/02/2000",0.53,8.5
"6/02/2000",2.98,9.3
"7/02/2000",7.1,7.8
"8/02/2000",2.29,9
"9/02/2000",4.53,6.2
"10/02/2000",2.33,6.5
"11/02/2000",5.16,5.3
"12/02/2000",2.25,5.8
"13/02/2000",1.41,6
"14/02/2000",2.78,4
"15/02/2000",3.83,4.9
"16/02/2000",1.17,3.9
"17/02/2000",3.92,4.7
"18/02/2000",2.46,6.1
"19/02/2000",0.43,6.4
"20/02/2000",3.08,2.7
"21/02/2000",0.11,4.5
"22/02/2000",0.44,3.1
"23/02/2000",0.85,6.1
"24/02/2000",9.58,7.2
"25/02/2000",0.06,5.6
"26/02/2000",1.3,5.8
"27/02/2000",14.94,7.6
"28/02/2000",7.41,6.8
"29/02/2000",3.29,6.6
"1/03/2000",1.28,5.7
"2/03/2000",8.32,6.5
"3/03/2000",1.04,6.8
"4/03/2000",0.15,3.8
"5/03/2000",0.31,5.3
"6/03/2000",0.58,8.6
"7/03/2000",1.51,10.3
"8/03/2000",0.59,12.2
"9/03/2000",0.99,12.1
"10/03/2000",0.06,10.7
"11/03/2000",0.02,9.8
"12/03/2000",0.07,7.2
"13/03/2000",0.55,10
"14/03/2000",0.3,9
"15/03/2000",0.03,7
"16/03/2000",0.01,8.1
"17/03/2000",0.09,9
"18/03/2000",0.04,8.6
"19/03/2000",0.08,6.6
"20/03/2000",0.03,7.1
"21/03/2000",0.16,8.6
"22/03/2000",0.54,7.7
"23/03/2000",6.92,7.2
"24/03/2000",1.41,8.9
"25/03/2000",2.5,6.4
"26/03/2000",2.03,5.3
"27/03/2000",1.59,6.1
"28/03/2000",0.46,5.5
"29/03/2000",0.15,4.8
"30/03/2000",0.07,6
"31/03/2000",0.81,5.6
"1/04/2000",3.82,5.3
"2/04/2000",17.74,8.2
"3/04/2000",15.72,4.5
"4/04/2000",3.41,3.3
"5/04/2000",0.2,5.1
"6/04/2000",0.02,4.8
"7/04/2000",0.09,6.3
"8/04/2000",1.12,7.6
"9/04/2000",0.14,8.7
"10/04/2000",3.53,6.2
"11/04/2000",11.69,4.4
"12/04/2000",9.43,4.3
"13/04/2000",3.68,5.4
"14/04/2000",4.9,5.7
"15/04/2000",2.82,4.5
"16/04/2000",6.92,5.5
"17/04/2000",4.62,7.1
"18/04/2000",9.55,7.5
"19/04/2000",6.49,9.7
"20/04/2000",4.57,11.7
"21/04/2000",0,10.6
"22/04/2000",2.06,10.8
"23/04/2000",2.38,8.7
"24/04/2000",10.27,9.9
"25/04/2000",6.81,11.3
"26/04/2000",3.79,11
"27/04/2000",0.63,11.2
"28/04/2000",5.53,10.3
"29/04/2000",0.42,12.7
"30/04/2000",0.21,10.2
"1/05/2000",0.03,11.2
"2/05/2000",0.17,11
"3/05/2000",0.07,8.7
"4/05/2000",0,9.3
"5/05/2000",0.01,10.5
"6/05/2000",0.53,14.7
"7/05/2000",2.84,15.6
"8/05/2000",0.52,13.3
"9/05/2000",0.15,15
"10/05/2000",1.84,13.4
"11/05/2000",1.43,12.3
"12/05/2000",0.4,12.9
"13/05/2000",0.69,16.6
"14/05/2000",0.76,17.3
"15/05/2000",0.07,18.5
"16/05/2000",2.54,14.9
"17/05/2000",5.59,11.3
"18/05/2000",3.87,10.8
"19/05/2000",2.23,10.8
"20/05/2000",8.43,9.5
"21/05/2000",2.04,10.8
"22/05/2000",1.97,11.3
"23/05/2000",4.71,11.3
"24/05/2000",5.8,11.5
"25/05/2000",3.73,10.7
"26/05/2000",19.28,9.8
"27/05/2000",15.41,9.2
"28/05/2000",4.31,9.6
"29/05/2000",1.76,10.8
"30/05/2000",1.76,11
"31/05/2000",5.09,10.8
"1/06/2000",1.85,13.8
"2/06/2000",3.95,14.6
"3/06/2000",8.01,14.7
"4/06/2000",1.91,13.3
"5/06/2000",1.19,12.3
"6/06/2000",2.37,12.1
"7/06/2000",0.48,13.2
"8/06/2000",2.37,15.8
"9/06/2000",1.94,13.5
"10/06/2000",0.41,12.6
"11/06/2000",0.2,13.5
"12/06/2000",0.76,16.6
"13/06/2000",1.53,16.4
"14/06/2000",1.24,14.8
"15/06/2000",0.03,15.4
"16/06/2000",0.02,16.5
"17/06/2000",0,19.3
"18/06/2000",0,21.1
"19/06/2000",2.13,21.5
"20/06/2000",2.43,17.4
"21/06/2000",2.31,16.2
"22/06/2000",2.25,13.8
"23/06/2000",0.65,14.1
"24/06/2000",0.24,12.1
"25/06/2000",0.09,12.7
"26/06/2000",0,13.8
"27/06/2000",0.02,14.4
"28/06/2000",0.6,16.4
"29/06/2000",2.53,15.5
"30/06/2000",1.5,14.8
"1/07/2000",2.5,15.6
"2/07/2000",3.18,15.9
"3/07/2000",5.44,17.2
"4/07/2000",8.4,15.1
"5/07/2000",2.29,14.8
"6/07/2000",1.14,16.4
"7/07/2000",0.26,14.5
"8/07/2000",4.18,14
"9/07/2000",8.89,14.7
"10/07/2000",7.13,13.1
"11/07/2000",0.28,12.5
"12/07/2000",2.14,13.4
"13/07/2000",0.45,15.9
"14/07/2000",1.39,13.8
"15/07/2000",0.06,13.8
"16/07/2000",0.02,13.6
"17/07/2000",0,14.1
"18/07/2000",0,15.5
"19/07/2000",0,16.3
"20/07/2000",0.02,16.9
"21/07/2000",0,17.1
"22/07/2000",0.02,16
"23/07/2000",0.1,14.7
"24/07/2000",0.03,13.6
"25/07/2000",0.08,15.4
"26/07/2000",0.69,17.2
"27/07/2000",2.74,17.8
"28/07/2000",5.66,17.1
"29/07/2000",2.02,17.7
"30/07/2000",1.38,17.8
"31/07/2000",3.28,18
"1/08/2000",0.3,18
"2/08/2000",4.04,16.4
"3/08/2000",6.29,16.5
"4/08/2000",0,16.5
"5/08/2000",0.2,16.9
"6/08/2000",0.44,19.4
"7/08/2000",1.25,18.3
"8/08/2000",4.03,18
"9/08/2000",0.62,17
"10/08/2000",0,18.5
"11/08/2000",0.03,17.7
"12/08/2000",4.11,17.2
"13/08/2000",6.61,18.1
"14/08/2000",0.29,18.8
"15/08/2000",1.94,17
"16/08/2000",1.58,16.7
"17/08/2000",1.66,16.4
"18/08/2000",6.66,14.7
"19/08/2000",1.05,16.2
"20/08/2000",2.74,14.5
"21/08/2000",4.06,13.5
"22/08/2000",0.02,14.6
"23/08/2000",0.04,16.5
"24/08/2000",0.04,17
"25/08/2000",4.53,18.9
"26/08/2000",3.03,18.2
"27/08/2000",1.37,16
"28/08/2000",2.79,14.4
"29/08/2000",0.02,14.2
"30/08/2000",0.04,15
"31/08/2000",6.08,14.2
"1/09/2000",4.96,14.3
"2/09/2000",0.51,15.2
"3/09/2000",0.04,12.8
"4/09/2000",2.28,12
"5/09/2000",3.12,14.4
"6/09/2000",0.93,15.8
"7/09/2000",0.71,14.7
"8/09/2000",1.2,15.4
"9/09/2000",1.34,16.5
"10/09/2000",0.76,19
"11/09/2000",0.95,20
"12/09/2000",0.51,17.4
"13/09/2000",0.29,15.8
"14/09/2000",13.29,14.9
"15/09/2000",8.26,14.4
"16/09/2000",0.42,14.7
"17/09/2000",7.33,15.1
"18/09/2000",5.41,13.6
"19/09/2000",23.72,11
"20/09/2000",1.62,12.3
"21/09/2000",4.3,11.2
"22/09/2000",0.8,16.3
"23/09/2000",0.58,17.9
"24/09/2000",10.17,14.8
"25/09/2000",15.14,13.7
"26/09/2000",3.48,15.5
"27/09/2000",14.89,13.2
"28/09/2000",0.74,13.3
"29/09/2000",1.78,13.5
"30/09/2000",3.11,13.6
"1/10/2000",5.93,11.4
"2/10/2000",0.53,11.5
"3/10/2000",0.79,12.7
"4/10/2000",4.49,13.2
"5/10/2000",1.43,11.1
"6/10/2000",4.81,9.4
"7/10/2000",7.1,10.7
"8/10/2000",3.2,11.4
"9/10/2000",20.76,8.1
"10/10/2000",14.09,9
"11/10/2000",9.25,8.4
"12/10/2000",3.64,9.3
"13/10/2000",1.67,10.6
"14/10/2000",1.59,10.3
"15/10/2000",1.29,12
"16/10/2000",2.7,10.9
"17/10/2000",6.69,9.4
"18/10/2000",1.4,11.9
"19/10/2000",0.99,10.2
"20/10/2000",10.31,8.2
"21/10/2000",0.3,9.8
"22/10/2000",2.01,8.4
"23/10/2000",2.07,10.8
"24/10/2000",5.32,11.3
"25/10/2000",0.49,11.1
"26/10/2000",6.23,10.2
"27/10/2000",6.13,11.8
"28/10/2000",12,11.4
"29/10/2000",39.96,9.1
"30/10/2000",7.39,7.2
"31/10/2000",3.48,8.6
"1/11/2000",8.87,7.7
"2/11/2000",15.5,6.7
"3/11/2000",1.82,7.7
"4/11/2000",0.91,7.6
"5/11/2000",32.4,5.4
"6/11/2000",12.94,7.1
"7/11/2000",7.72,8.8
"8/11/2000",2.81,7.7
"9/11/2000",1.23,8.2
"10/11/2000",4.7,7.7
"11/11/2000",9.62,8.5
"12/11/2000",2.1,8
"13/11/2000",2.25,6.5
"14/11/2000",2.14,4.5
"15/11/2000",8.05,4.7
"16/11/2000",1.74,4.8
"17/11/2000",1.08,5.4
"18/11/2000",4.39,7.1
"19/11/2000",3.09,7.6
"20/11/2000",2.1,4.2
"21/11/2000",11.27,4.2
"22/11/2000",2.64,5.3
"23/11/2000",4.75,5.3
"24/11/2000",3.28,5.6
"25/11/2000",11,6.9
"26/11/2000",1.54,7.9
"27/11/2000",10.82,8.7
"28/11/2000",1.95,10.2
"29/11/2000",1.09,12.1
"30/11/2000",8.28,8.6
"1/12/2000",4.08,10.6
"2/12/2000",0.86,9.6
"3/12/2000",9,7.8
"4/12/2000",4.48,9.5
"5/12/2000",7.88,11.5
"6/12/2000",2.56,10
"7/12/2000",21.3,9.3
"8/12/2000",4.41,8.9
"9/12/2000",6.61,8.9
"10/12/2000",7.48,9.8
"11/12/2000",6.68,10.3
"12/12/2000",14.66,12.1
"13/12/2000",2.76,8.1
"14/12/2000",7.89,5.8
"15/12/2000",0.44,4
"16/12/2000",0.88,2.6
"17/12/2000",0.6,2.1
"18/12/2000",1.98,3.7
"19/12/2000",3.84,5.9
"20/12/2000",0.14,7.4
"21/12/2000",0.14,5.7
"22/12/2000",0.06,5.2
"23/12/2000",4.15,3.7
"24/12/2000",7.83,3.9
"25/12/2000",0.87,2.9
"26/12/2000",0.07,1.1
"27/12/2000",1.66,0.9
"28/12/2000",2.44,-0.2
"29/12/2000",0.77,-1.9
"30/12/2000",0.71,-0.8
"31/12/2000",15.01,1.7
"1/01/2001",4.72,4
"2/01/2001",3.67,7.7
"3/01/2001",8.85,5.2
"4/01/2001",6.04,5
"5/01/2001",0.72,4.7
"6/01/2001",1.17,4.3
"7/01/2001",1.11,4.9
"8/01/2001",0.16,5.1
"9/01/2001",0.28,2.2
"10/01/2001",0.91,2.3
"11/01/2001",1.24,2.9
"12/01/2001",0.03,4
"13/01/2001",0.01,3.1
"14/01/2001",0.09,2.4
"15/01/2001",0.02,1.8
"16/01/2001",0.25,-1.2
"17/01/2001",0.27,-0.9
"18/01/2001",0.5,-0.5
"19/01/2001",0.75,-0.8
"20/01/2001",5.52,-0.5
"21/01/2001",4.24,1.3
"22/01/2001",6.75,4.5
"23/01/2001",14.36,6.9
"24/01/2001",3.67,6.9
"25/01/2001",2.42,4.8
"26/01/2001",11.41,4.7
"27/01/2001",0.43,4
"28/01/2001",0.39,1.1
"29/01/2001",1.88,2
"30/01/2001",2.36,2.5
"31/01/2001",0.15,4
"1/02/2001",6.15,1.1
"2/02/2001",6.51,3.2
"3/02/2001",9.48,6.6
"4/02/2001",13.79,5.7
"5/02/2001",10.77,6.8
"6/02/2001",3.89,8.3
"7/02/2001",9.13,8.5
"8/02/2001",1.69,3.4
"9/02/2001",0.66,2.1
"10/02/2001",4.96,5.1
"11/02/2001",7.18,8.1
"12/02/2001",9.22,7.9
"13/02/2001",0.08,4
"14/02/2001",0.13,3.5
"15/02/2001",0.23,4.4
"16/02/2001",0.05,4.6
"17/02/2001",0.09,2.1
"18/02/2001",0.19,0.3
"19/02/2001",0.16,2.6
"20/02/2001",0.24,3.6
"21/02/2001",0.23,6.2
"22/02/2001",1.05,7.3
"23/02/2001",1.23,4.9
"24/02/2001",0.83,2.7
"25/02/2001",1.38,1.4
"26/02/2001",8.93,2.7
"27/02/2001",3.97,2.7
"28/02/2001",3.12,2.3
"1/03/2001",0.78,0.9
"2/03/2001",0.57,-0.4
"3/03/2001",0.43,-0.3
"4/03/2001",0.09,0.5
"5/03/2001",0.04,1.2
"6/03/2001",12.16,5.7
"7/03/2001",1,8.6
"8/03/2001",4.08,8.7
"9/03/2001",2.82,9
"10/03/2001",1.68,10.2
"11/03/2001",5.43,10.1
"12/03/2001",6.15,6
"13/03/2001",0.26,5.7
"14/03/2001",1.3,6.4
"15/03/2001",1.55,5.3
"16/03/2001",8.9,5.4
"17/03/2001",5.67,2.6
"18/03/2001",1.89,2.8
"19/03/2001",1.04,2
"20/03/2001",10.05,2.2
"21/03/2001",7.17,2.6
"22/03/2001",8.63,6
"23/03/2001",3.06,7.7
"24/03/2001",0.55,6.8
"25/03/2001",0.46,4.9
"26/03/2001",2.67,3.8
"27/03/2001",11.63,5
"28/03/2001",4.44,7
"29/03/2001",1.38,6.6
"30/03/2001",0.94,8.3
"31/03/2001",0.67,10
"1/04/2001",0.56,11.2
"2/04/2001",4.4,11.4
"3/04/2001",13.55,8.4
"4/04/2001",1.95,6.9
"5/04/2001",8.82,7.1
"6/04/2001",7.61,9
"7/04/2001",4.12,6.9
"8/04/2001",6.22,7.1
"9/04/2001",2.13,10.1
"10/04/2001",0.84,9.6
"11/04/2001",0.02,7.2
"12/04/2001",0.4,7.4
"13/04/2001",0.18,5.7
"14/04/2001",3.53,7.5
"15/04/2001",1.42,9.1
"16/04/2001",0.04,7.3
"17/04/2001",2.7,5.2
"18/04/2001",0.84,4.4
"19/04/2001",1.66,5.4
"20/04/2001",0.65,5.4
"21/04/2001",2.46,5.2
"22/04/2001",9.43,6.4
"23/04/2001",2.5,8.4
"24/04/2001",6.25,6.8
"25/04/2001",3.87,8.5
"26/04/2001",1.9,9
"27/04/2001",4.2,8.4
"28/04/2001",6.12,9.9
"29/04/2001",1.54,7.6
"30/04/2001",0.06,8
"1/05/2001",2.25,8.7
"2/05/2001",1.29,9.9
"3/05/2001",0.39,10.5
"4/05/2001",0.18,7.2
"5/05/2001",0.1,8.2
"6/05/2001",0,7.6
"7/05/2001",0.01,9
"8/05/2001",0.24,9.3
"9/05/2001",2.25,10.2
"10/05/2001",0.61,14.7
"11/05/2001",0.24,17.2
"12/05/2001",0.04,16.8
"13/05/2001",2.73,16.5
"14/05/2001",8.44,11.8
"15/05/2001",6.08,12
"16/05/2001",8.53,12.8
"17/05/2001",4.81,8.9
"18/05/2001",0.02,10.1
"19/05/2001",0.02,11.9
"20/05/2001",0.01,13
"21/05/2001",0,12.9
"22/05/2001",0,13.1
"23/05/2001",0.01,15
"24/05/2001",0,15.7
"25/05/2001",0.2,13.7
"26/05/2001",1.05,15.7
"27/05/2001",1.41,16
"28/05/2001",0.08,17.6
"29/05/2001",0.27,16
"30/05/2001",0.58,14.9
"31/05/2001",0.24,13
"1/06/2001",1.59,13.1
"2/06/2001",0.44,12.6
"3/06/2001",0,10
"4/06/2001",0.06,13
"5/06/2001",1.7,13.6
"6/06/2001",3.96,13.5
"7/06/2001",1.35,11
"8/06/2001",0.64,10.2
"9/06/2001",3.53,10.1
"10/06/2001",0.43,11
"11/06/2001",0,10.6
"12/06/2001",0.03,13.8
"13/06/2001",0.09,14.8
"14/06/2001",6.71,14.4
"15/06/2001",12.17,15.3
"16/06/2001",6.39,13.8
"17/06/2001",0.02,12.3
"18/06/2001",0.43,12.8
"19/06/2001",0.71,16
"20/06/2001",0.01,15.6
"21/06/2001",0,14
"22/06/2001",0,13.9
"23/06/2001",0.02,16
"24/06/2001",0,17.3
"25/06/2001",0.4,19.1
"26/06/2001",0.61,21.9
"27/06/2001",0.54,18.7
"28/06/2001",0.43,17
"29/06/2001",1.91,17.7
"30/06/2001",0.23,17
"1/07/2001",0.01,18.5
"2/07/2001",0,20.7
"3/07/2001",5.67,20.9
"4/07/2001",2.52,21.9
"5/07/2001",2.07,21.7
"6/07/2001",2.42,20.1
"7/07/2001",6.6,18.5
"8/07/2001",0.8,16.3
"9/07/2001",3.15,15.7
"10/07/2001",4.95,16
"11/07/2001",1.39,14.1
"12/07/2001",1.63,14.4
"13/07/2001",3.29,14.3
"14/07/2001",2.73,13.2
"15/07/2001",1.19,12.7
"16/07/2001",1.21,13.3
"17/07/2001",19.66,14.3
"18/07/2001",5.52,14.9
"19/07/2001",2.53,13.7
"20/07/2001",4.37,14.6
"21/07/2001",0.31,15.3
"22/07/2001",0.04,16.9
"23/07/2001",0.16,17
"24/07/2001",0.12,15.5
"25/07/2001",0.01,18.1
"26/07/2001",0.01,18.4
"27/07/2001",0.01,19.4
"28/07/2001",0,20.6
"29/07/2001",0,23
"30/07/2001",0.82,20.1
"31/07/2001",0.03,19.2
"1/08/2001",0.23,18
"2/08/2001",7.42,16.3
"3/08/2001",1.81,16.6
"4/08/2001",5.73,15.1
"5/08/2001",3.63,16.1
"6/08/2001",5.37,17.3
"7/08/2001",6.97,16.1
"8/08/2001",4.08,15.5
"9/08/2001",9.43,14.1
"10/08/2001",0.59,15.2
"11/08/2001",3.16,15.2
"12/08/2001",3.78,17.1
"13/08/2001",0.08,19.5
"14/08/2001",0.22,20.5
"15/08/2001",5.54,21
"16/08/2001",1.61,17.6
"17/08/2001",2.23,15.7
"18/08/2001",8.19,16.7
"19/08/2001",4.52,18.1
"20/08/2001",0.02,16.9
"21/08/2001",0.43,15.9
"22/08/2001",0.18,17.9
"23/08/2001",0.53,17.9
"24/08/2001",1.48,19.1
"25/08/2001",1.26,19.3
"26/08/2001",1.74,17.1
"27/08/2001",0.01,15.2
"28/08/2001",0,14.3
"29/08/2001",0.7,14.9
"30/08/2001",3.25,15.4
"31/08/2001",2.07,14.6
"1/09/2001",0.31,15
"2/09/2001",4.3,16.8
"3/09/2001",2.86,15.3
"4/09/2001",0.72,13.4
"5/09/2001",6.01,13.9
"6/09/2001",0.26,14.1
"7/09/2001",0.91,15.3
"8/09/2001",0.14,14.7
"9/09/2001",0.39,12.1
"10/09/2001",0.27,11.9
"11/09/2001",0.04,14.2
"12/09/2001",5.27,14.2
"13/09/2001",5.07,12.4
"14/09/2001",1.02,12.4
"15/09/2001",1.04,12.9
"16/09/2001",0.87,12.5
"17/09/2001",2.6,10.9
"18/09/2001",6.78,12.4
"19/09/2001",3.56,12.9
"20/09/2001",0.57,13.8
"21/09/2001",0.31,11.6
"22/09/2001",0.11,11.9
"23/09/2001",3.06,10.3
"24/09/2001",3.12,12.7
"25/09/2001",2.77,12.3
"26/09/2001",5.78,11.2
"27/09/2001",5.64,14.5
"28/09/2001",6.46,16.6
"29/09/2001",2.5,16.8
"30/09/2001",10.2,14.1
"1/10/2001",9.57,15.1
"2/10/2001",0.92,14.3
"3/10/2001",1.17,14.2
"4/10/2001",2.24,13.9
"5/10/2001",4.6,15.9
"6/10/2001",5.12,14.2
"7/10/2001",19.66,12.8
"8/10/2001",7.51,12.7
"9/10/2001",0.33,13.2
"10/10/2001",1.16,12.5
"11/10/2001",0.47,15
"12/10/2001",0.07,15.3
"13/10/2001",0.62,16
"14/10/2001",4.48,15.5
"15/10/2001",5.81,15.4
"16/10/2001",0.13,11.7
"17/10/2001",6.52,13.8
"18/10/2001",1.01,14.7
"19/10/2001",9.72,11.3
"20/10/2001",6.79,13.5
"21/10/2001",9.63,10.4
"22/10/2001",10.74,11.8
"23/10/2001",4.29,13.7
"24/10/2001",2.31,13
"25/10/2001",6.95,12.4
"26/10/2001",8.14,12.4
"27/10/2001",2.28,12.2
"28/10/2001",0.1,11.6
"29/10/2001",0.05,10.6
"30/10/2001",2.93,14
"31/10/2001",0.07,10.1
"1/11/2001",0.05,9.1
"2/11/2001",0.14,9.9
"3/11/2001",0.4,8.7
"4/11/2001",0.28,9
"5/11/2001",1.17,7.5
"6/11/2001",2.22,9.5
"7/11/2001",10.9,11.2
"8/11/2001",4.88,5
"9/11/2001",0.52,3.3
"10/11/2001",0.31,4.4
"11/11/2001",2.6,7.8
"12/11/2001",3.02,10.1
"13/11/2001",0.74,5.3
"14/11/2001",0.14,4
"15/11/2001",0.07,4.3
"16/11/2001",0.05,5.5
"17/11/2001",0.21,8.3
"18/11/2001",1.18,7.3
"19/11/2001",0.17,6.3
"20/11/2001",0.38,6.7
"21/11/2001",2.83,9.6
"22/11/2001",0.24,9.1
"23/11/2001",0.51,4.8
"24/11/2001",1.26,6.8
"25/11/2001",5.41,11.5
"26/11/2001",1.25,5.1
"27/11/2001",3.51,4.8
"28/11/2001",6.81,7.6
"29/11/2001",7.35,9.6
"30/11/2001",6.45,12.4
"1/12/2001",1.42,9.8
"2/12/2001",1.31,2.9
"3/12/2001",7.25,5.5
"4/12/2001",7.23,7.3
"5/12/2001",2.98,8.2
"6/12/2001",0.88,4.6
"7/12/2001",0.39,6.2
"8/12/2001",0.13,4
"9/12/2001",0.1,1.6
"10/12/2001",0.12,1.9
"11/12/2001",0.05,2
"12/12/2001",0.06,4.6
"13/12/2001",0.09,4.7
"14/12/2001",0.11,1.5
"15/12/2001",0.43,1.3
"16/12/2001",0.23,2.3
"17/12/2001",0.73,2
"18/12/2001",0.24,3.8
"19/12/2001",1.28,4.8
"20/12/2001",0.55,2.6
"21/12/2001",3.34,4.1
"22/12/2001",0.67,1.2
"23/12/2001",1.8,1.8
"24/12/2001",2.64,3.4
"25/12/2001",1.3,4.5
"26/12/2001",1.87,2.7
"27/12/2001",1.54,4
"28/12/2001",2.43,4.3
"29/12/2001",1.27,1.8
"30/12/2001",0.7,1.5
"31/12/2001",0.33,-0.4
"1/01/2002",0.13,-1.8
"2/01/2002",0.23,-1.8
"3/01/2002",0.1,0.1
"4/01/2002",0.51,-0.5
"5/01/2002",1.13,1.5
"6/01/2002",0.16,4.5
"7/01/2002",0.2,4.2
"8/01/2002",0.07,4.2
"9/01/2002",1.3,2.5
"10/01/2002",2.06,3.3
"11/01/2002",1.74,3.3
"12/01/2002",0.6,4.7
"13/01/2002",0.94,7.1
"14/01/2002",3.58,7.5
"15/01/2002",0.58,6.5
"16/01/2002",1.94,5.3
"17/01/2002",2.67,6.3
"18/01/2002",3.01,4.4
"19/01/2002",1.06,5.8
"20/01/2002",2.76,8.7
"21/01/2002",2.12,10.3
"22/01/2002",5.18,8.2
"23/01/2002",6.97,8.6
"24/01/2002",1.09,7.9
"25/01/2002",11.79,5.7
"26/01/2002",13.26,7.1
"27/01/2002",5.18,9.7
"28/01/2002",2.57,9
"29/01/2002",1.6,10
"30/01/2002",4.35,9.3
"31/01/2002",8.03,7.7
"1/02/2002",5.18,8.6
"2/02/2002",7.32,10.9
"3/02/2002",6.18,9.2
"4/02/2002",12.71,7.3
"5/02/2002",2.99,8
"6/02/2002",1,6.7
"7/02/2002",2.69,6.1
"8/02/2002",3.56,7.9
"9/02/2002",2.38,9.2
"10/02/2002",6.06,8.9
"11/02/2002",3.77,10.1
"12/02/2002",1.35,10.6
"13/02/2002",1.94,7.2
"14/02/2002",0.05,4.6
"15/02/2002",0.1,4.2
"16/02/2002",0.11,3.5
"17/02/2002",1.52,4.6
"18/02/2002",0.84,5.5
"19/02/2002",10.95,7.8
"20/02/2002",2.22,7.3
"21/02/2002",3.45,5.7
"22/02/2002",2.52,6.9
"23/02/2002",1.27,4
"24/02/2002",8.66,5.2
"25/02/2002",17,7.2
"26/02/2002",4.44,9.2
"27/02/2002",2.59,5
"28/02/2002",2.28,5.5
"1/03/2002",0.3,4.5
"2/03/2002",0.44,3.1
"3/03/2002",0.01,5.9
"4/03/2002",0,6.6
"5/03/2002",0.82,6.9
"6/03/2002",1.07,8.6
"7/03/2002",0.01,10.6
"8/03/2002",1.16,8.6
"9/03/2002",2.56,5.4
"10/03/2002",4.27,5.6
"11/03/2002",1.03,8.4
"12/03/2002",3.22,5.8
"13/03/2002",0.32,5.8
"14/03/2002",5.38,4.6
"15/03/2002",5.8,5.9
"16/03/2002",3.18,9.2
"17/03/2002",4.99,9.8
"18/03/2002",7.51,7.7
"19/03/2002",3.22,8.2
"20/03/2002",4.42,9.9
"21/03/2002",0.53,11.6
"22/03/2002",0.1,11.1
"23/03/2002",0,8.2
"24/03/2002",0.45,7.5
"25/03/2002",0.25,8
"26/03/2002",0.03,7.2
"27/03/2002",0.04,6.5
"28/03/2002",0.05,6.8
"29/03/2002",0.03,8.2
"30/03/2002",1.24,8.8
"31/03/2002",0.62,9.7
"1/04/2002",1.51,11.3
"2/04/2002",1.18,10
"3/04/2002",0.46,13.4
"4/04/2002",0.04,11
"5/04/2002",0,9.9
"6/04/2002",0.02,8.2
"7/04/2002",0,7.2
"8/04/2002",0.02,6.9
"9/04/2002",0.07,6.3
"10/04/2002",0.01,7.9
"11/04/2002",0.16,6.7
"12/04/2002",0.29,7.5
"13/04/2002",0.36,5.9
"14/04/2002",0,6
"15/04/2002",0.03,8.1
"16/04/2002",0.11,7
"17/04/2002",0,8.4
"18/04/2002",1.8,8.1
"19/04/2002",0.54,9.2
"20/04/2002",0.8,9.6
"21/04/2002",0.44,13.4
"22/04/2002",0.02,12.6
"23/04/2002",0.03,14.2
"24/04/2002",0.07,13.6
"25/04/2002",3.98,12.1
"26/04/2002",3.02,10.2
"27/04/2002",9.85,7.9
"28/04/2002",6.24,9.9
"29/04/2002",7.87,8.6
"30/04/2002",8.6,8.9
"1/05/2002",0.82,9.3
"2/05/2002",1.17,8.4
"3/05/2002",1.36,9.3
"4/05/2002",0.2,8.4
"5/05/2002",1.05,8.9
"6/05/2002",2.02,10.4
"7/05/2002",0.63,10.6
"8/05/2002",0.03,10.3
"9/05/2002",0.03,10.4
"10/05/2002",0.27,12.4
"11/05/2002",0.09,12.1
"12/05/2002",3.62,10.7
"13/05/2002",10.38,11.3
"14/05/2002",0.98,12.4
"15/05/2002",0.17,13.6
"16/05/2002",1.71,15.4
"17/05/2002",8.49,17.2
"18/05/2002",0.67,13.2
"19/05/2002",1.47,14.1
"20/05/2002",7.09,14.7
"21/05/2002",9.09,13.6
"22/05/2002",2.31,14.2
"23/05/2002",7.91,13.5
"24/05/2002",2.05,12.3
"25/05/2002",7.55,11.2
"26/05/2002",4.74,9.8
"27/05/2002",0,10.4
"28/05/2002",0,10.8
"29/05/2002",2.25,12.2
"30/05/2002",2.93,12.5
"31/05/2002",0,13.1
"1/06/2002",0.17,14.3
"2/06/2002",2.46,16.2
"3/06/2002",1.69,13.2
"4/06/2002",0.77,12.4
"5/06/2002",13.63,12.8
"6/06/2002",2.03,14.9
"7/06/2002",1.78,15.2
"8/06/2002",1.38,14.4
"9/06/2002",5.96,13.6
"10/06/2002",2.81,12.8
"11/06/2002",3.45,12.5
"12/06/2002",1.28,12.8
"13/06/2002",2.46,14
"14/06/2002",4.34,15.7
"15/06/2002",1.85,15.6
"16/06/2002",0.63,17.1
"17/06/2002",1.25,18.1
"18/06/2002",0.5,16.3
"19/06/2002",0.42,14.2
"20/06/2002",0.69,15.4
"21/06/2002",2.07,14.6
"22/06/2002",0.31,15.1
"23/06/2002",0.06,14.1
"24/06/2002",0.07,14
"25/06/2002",0.08,14.5
"26/06/2002",0.72,14.6
"27/06/2002",0.63,13.4
"28/06/2002",0.06,12.9
"29/06/2002",0.11,13.5
"30/06/2002",2.92,14.8
"1/07/2002",4.74,13.1
"2/07/2002",11.42,13.5
"3/07/2002",2.11,14
"4/07/2002",9.05,13.7
"5/07/2002",3.57,14.5
"6/07/2002",0.37,14.1
"7/07/2002",2.47,15.9
"8/07/2002",9.72,16.1
"9/07/2002",3.75,14.4
"10/07/2002",1.6,13.4
"11/07/2002",2.82,13.8
"12/07/2002",1.09,13.5
"13/07/2002",0.08,14.3
"14/07/2002",0.02,15.7
"15/07/2002",0.05,17.8
"16/07/2002",0.01,18
"17/07/2002",0.21,15.5
"18/07/2002",0.51,16.1
"19/07/2002",5.1,17.2
"20/07/2002",3.51,15.8
"21/07/2002",0.37,15
"22/07/2002",2.03,14.6
"23/07/2002",0.66,16.7
"24/07/2002",0.09,16
"25/07/2002",0.11,16.2
"26/07/2002",0.02,19.6
"27/07/2002",0.01,18.2
"28/07/2002",0.09,20
"29/07/2002",2.58,21.6
"30/07/2002",18.78,19.8
"31/07/2002",6.23,17.4
"1/08/2002",14.45,16.1
"2/08/2002",2.6,15.6
"3/08/2002",4.53,16.7
"4/08/2002",4.73,17.1
"5/08/2002",1.45,16.7
"6/08/2002",0.33,18.3
"7/08/2002",6.09,18.5
"8/08/2002",8.61,15
"9/08/2002",11.35,14.6
"10/08/2002",1.35,15.6
"11/08/2002",0.72,15.5
"12/08/2002",0.2,17.5
"13/08/2002",0.37,17.5
"14/08/2002",0.25,19
"15/08/2002",0.05,18.7
"16/08/2002",0.01,17.6
"17/08/2002",4.76,20.4
"18/08/2002",3.49,19.1
"19/08/2002",1.65,17.1
"20/08/2002",0.69,17.2
"21/08/2002",0.05,16.2
"22/08/2002",0.83,16.3
"23/08/2002",1.38,17.3
"24/08/2002",2.62,16.7
"25/08/2002",0.21,16.1
"26/08/2002",0.12,14.3
"27/08/2002",0.02,16.7
"28/08/2002",0.64,17.3
"29/08/2002",0.44,18
"30/08/2002",1.77,17.7
"31/08/2002",0.01,15.1
"1/09/2002",0.02,12.6
"2/09/2002",0.02,14
"3/09/2002",0.45,16.5
"4/09/2002",0.64,16
"5/09/2002",2.06,16.2
"6/09/2002",5.73,16.5
"7/09/2002",2.12,14.6
"8/09/2002",1.77,13.6
"9/09/2002",24.63,11.9
"10/09/2002",0.05,14.6
"11/09/2002",0.01,14.6
"12/09/2002",0.08,18
"13/09/2002",0.01,17.7
"14/09/2002",0.05,15.5
"15/09/2002",0.01,14.7
"16/09/2002",0.06,14
"17/09/2002",0.04,14.3
"18/09/2002",0.02,14
"19/09/2002",0.45,14.3
"20/09/2002",0.03,14.6
"21/09/2002",0.16,13.7
"22/09/2002",0.54,13.6
"23/09/2002",0.3,12.7
"24/09/2002",0,11.8
"25/09/2002",1.09,12.6
"26/09/2002",0.05,14.2
"27/09/2002",0.01,13.3
"28/09/2002",0.05,13.6
"29/09/2002",0.17,13.6
"30/09/2002",0.14,13.7
"1/10/2002",2,14.5
"2/10/2002",2.35,15.6
"3/10/2002",0.18,15.3
"4/10/2002",0.25,12.1
"5/10/2002",0.37,13.8
"6/10/2002",0.04,13.9
"7/10/2002",0.39,12.8
"8/10/2002",0.53,11.8
"9/10/2002",0.25,10.1
"10/10/2002",0.05,11.1
"11/10/2002",12.59,10.8
"12/10/2002",3.83,11.4
"13/10/2002",19.34,6.4
"14/10/2002",6.02,8.9
"15/10/2002",21.52,8.9
"16/10/2002",1.91,8.4
"17/10/2002",3.72,6.1
"18/10/2002",1.03,6.5
"19/10/2002",0.39,5.1
"20/10/2002",14.57,5.4
"21/10/2002",15.79,9.8
"22/10/2002",4.44,12.3
"23/10/2002",1,8
"24/10/2002",5.87,7
"25/10/2002",7.06,9.8
"26/10/2002",8.29,11
"27/10/2002",1.93,10
"28/10/2002",1.47,8.5
"29/10/2002",3.01,9
"30/10/2002",3.17,8
"31/10/2002",0.8,9.4
"1/11/2002",9.75,11.4
"2/11/2002",16.12,11.4
"3/11/2002",2.36,11.4
"4/11/2002",0.8,10.3
"5/11/2002",11.17,10.7
"6/11/2002",5.91,11.7
"7/11/2002",5.16,7.8
"8/11/2002",12.28,9.6
"9/11/2002",7.98,8.2
"10/11/2002",2.68,10.3
"11/11/2002",6.52,9.9
"12/11/2002",12.17,8.6
"13/11/2002",17.34,8.4
"14/11/2002",7.3,9.3
"15/11/2002",3.31,8.8
"16/11/2002",4.61,6.9
"17/11/2002",1.06,7.4
"18/11/2002",0.51,4.6
"19/11/2002",3.31,5.2
"20/11/2002",4.67,7.7
"21/11/2002",7.6,8.3
"22/11/2002",7.54,8
"23/11/2002",4.6,7.4
"24/11/2002",2.27,6.3
"25/11/2002",0.71,5.1
"26/11/2002",1.84,7.3
"27/11/2002",5.61,8.6
"28/11/2002",4.18,9.3
"29/11/2002",0.36,7.1
"30/11/2002",6.5,8.3
"1/12/2002",5.24,8.7
"2/12/2002",2.36,8.3
"3/12/2002",3.24,8.2
"4/12/2002",3.16,7.6
"5/12/2002",0.56,6.2
"6/12/2002",1.18,5.8
"7/12/2002",0.54,5
"8/12/2002",0.34,3.4
"9/12/2002",0.03,3.3
"10/12/2002",0.15,1.4
"11/12/2002",1,1.5
"12/12/2002",2.9,2.2
"13/12/2002",1.99,3.3
"14/12/2002",7.52,4.8
"15/12/2002",8.22,5.3
"16/12/2002",1.38,4.9
"17/12/2002",0.17,4.1
"18/12/2002",0.07,1.4
"19/12/2002",0.25,1.8
"20/12/2002",3.44,1.8
"21/12/2002",24.63,5.6
"22/12/2002",1.5,7.1
"23/12/2002",5.83,9.6
"24/12/2002",2.18,10.6
"25/12/2002",7.82,8.9
"26/12/2002",11.06,9
"27/12/2002",1.78,9.2
"28/12/2002",9.21,8.2
"29/12/2002",15.92,7.7
"30/12/2002",10,6.7
"31/12/2002",13.81,5.4
"1/01/2003",11.52,6.8
"2/01/2003",8.13,7.1
"3/01/2003",1.27,3.5
"4/01/2003",0.81,1.5
"5/01/2003",0.52,-0.7
"6/01/2003",0.27,-0.4
"7/01/2003",0.13,-1.4
"8/01/2003",1.32,-1.2
"9/01/2003",1.08,1.1
"10/01/2003",0.88,2.1
"11/01/2003",0.07,-0.2
"12/01/2003",0.46,1.9
"13/01/2003",0.13,4.4
"14/01/2003",1.13,8.9
"15/01/2003",0.7,8.6
"16/01/2003",1.07,6.7
"17/01/2003",1.86,6.5
"18/01/2003",15.5,5.4
"19/01/2003",8.06,6.2
"20/01/2003",7.5,7.2
"21/01/2003",6.61,6.9
"22/01/2003",1.18,6.5
"23/01/2003",0.14,5.3
"24/01/2003",2.45,5
"25/01/2003",2.5,7.5
"26/01/2003",0.36,9.3
"27/01/2003",1.97,10.4
"28/01/2003",2.46,6.4
"29/01/2003",2.66,5
"30/01/2003",1.98,1.5
"31/01/2003",6.45,0.9
"1/02/2003",1.65,2.9
"2/02/2003",2.74,4.9
"3/02/2003",0.73,3.6
"4/02/2003",0.69,2.5
"5/02/2003",0.36,1.9
"6/02/2003",1.12,1.7
"7/02/2003",0.14,5.4
"8/02/2003",9.02,7.8
"9/02/2003",1.07,7.1
"10/02/2003",7.22,2.6
"11/02/2003",1.44,4.5
"12/02/2003",0.56,3.9
"13/02/2003",0.01,1.3
"14/02/2003",0.02,0.3
"15/02/2003",0.1,1.2
"16/02/2003",0.01,0.7
"17/02/2003",0.03,-0.4
"18/02/2003",0.02,-0.3
"19/02/2003",0.2,0.7
"20/02/2003",0.13,2.8
"21/02/2003",0.15,4.5
"22/02/2003",0.77,3.6
"23/02/2003",0.4,6.4
"24/02/2003",0.04,7
"25/02/2003",0.29,6.8
"26/02/2003",0.79,8.2
"27/02/2003",0.94,8.9
"28/02/2003",8.15,7.5
"1/03/2003",4.63,7.2
"2/03/2003",0.19,7.3
"3/03/2003",2.75,4.8
"4/03/2003",2.11,7.9
"5/03/2003",8.35,8.3
"6/03/2003",0.43,7
"7/03/2003",8.22,5.9
"8/03/2003",2.52,7.4
"9/03/2003",0.91,9.6
"10/03/2003",1.82,9.7
"11/03/2003",1.16,9.6
"12/03/2003",0.24,7.1
"13/03/2003",0.07,5
"14/03/2003",0.04,5.4
"15/03/2003",0.09,5.6
"16/03/2003",0.03,6
"17/03/2003",0.01,7.1
"18/03/2003",0.1,5.6
"19/03/2003",0.04,5.8
"20/03/2003",0.06,6.2
"21/03/2003",0.09,7.6
"22/03/2003",0.03,6.7
"23/03/2003",0.06,8.5
"24/03/2003",0.06,9.9
"25/03/2003",0.02,8.4
"26/03/2003",0.21,9.3
"27/03/2003",0.05,10
"28/03/2003",0.4,8.7
"29/03/2003",0.02,9.3
"30/03/2003",0.03,8.8
"31/03/2003",2.01,7.4
"1/04/2003",3.44,8.1
"2/04/2003",0.12,7.3
"3/04/2003",0.08,7.7
"4/04/2003",0,10.9
"5/04/2003",0.04,10.3
"6/04/2003",0,7.4
"7/04/2003",0,5.4
"8/04/2003",0.05,4.2
"9/04/2003",0.16,3.6
"10/04/2003",0.35,3.1
"11/04/2003",0.02,5.3
"12/04/2003",0.06,6.4
"13/04/2003",0.71,10
"14/04/2003",0.01,13.7
"15/04/2003",0,15.3
"16/04/2003",0.02,16.2
"17/04/2003",0,14.8
"18/04/2003",0.02,13.6
"19/04/2003",0,7.8
"20/04/2003",0,9.4
"21/04/2003",0.96,11.2
"22/04/2003",0.02,9.5
"23/04/2003",0.91,10.6
"24/04/2003",3.19,8.7
"25/04/2003",6.25,11.3
"26/04/2003",2.34,9.7
"27/04/2003",12.19,11.6
"28/04/2003",2.64,12.1
"29/04/2003",3.82,12
"30/04/2003",5.57,11.5
"1/05/2003",7.99,10.9
"2/05/2003",6.59,10.2
"3/05/2003",2.06,10.6
"4/05/2003",0.98,14.1
"5/05/2003",0.16,11.7
"6/05/2003",0.2,10.2
"7/05/2003",0.09,11.6
"8/05/2003",0.09,12.4
"9/05/2003",0.82,11.3
"10/05/2003",0.99,9.1
"11/05/2003",1.87,9.8
"12/05/2003",2.59,9.8
"13/05/2003",2.67,9
"14/05/2003",1.47,10.1
"15/05/2003",5.64,8.7
"16/05/2003",6.18,9.3
"17/05/2003",4.97,11.8
"18/05/2003",3.12,12.8
"19/05/2003",6.69,11.9
"20/05/2003",1.9,10.2
"21/05/2003",4.38,12.1
"22/05/2003",1.93,13.5
"23/05/2003",1.86,13.6
"24/05/2003",2.79,12.3
"25/05/2003",1.18,11.6
"26/05/2003",0.6,11.7
"27/05/2003",0.15,14.2
"28/05/2003",0.04,16.5
"29/05/2003",0.83,16.9
"30/05/2003",0.04,18.3
"31/05/2003",0.01,18.9
"1/06/2003",4.55,16.8
"2/06/2003",0.3,16.6
"3/06/2003",0.51,14.6
"4/06/2003",3.01,14.6
"5/06/2003",2.23,14.2
"6/06/2003",4.23,15.5
"7/06/2003",4.45,16.8
"8/06/2003",2.98,14.5
"9/06/2003",2.19,14
"10/06/2003",1.4,16.6
"11/06/2003",0.09,15.4
"12/06/2003",0.13,15.4
"13/06/2003",0.38,14.8
"14/06/2003",0.01,17.9
"15/06/2003",0,16.2
"16/06/2003",1.01,18.1
"17/06/2003",3.91,17.4
"18/06/2003",0.46,15.7
"19/06/2003",0.69,17.7
"20/06/2003",0.01,14.5
"21/06/2003",1.77,15.5
"22/06/2003",13.96,19.9
"23/06/2003",0.08,17.1
"24/06/2003",0.01,16.6
"25/06/2003",0.65,16
"26/06/2003",0.84,17.2
"27/06/2003",5.76,16.5
"28/06/2003",0.18,15.7
"29/06/2003",6.21,16.4
"30/06/2003",13.61,14.7
"1/07/2003",5.25,15
"2/07/2003",4.69,15.9
"3/07/2003",0.44,15.2
"4/07/2003",0.05,15.3
"5/07/2003",0.13,14.4
"6/07/2003",0.01,16.2
"7/07/2003",0.64,15.7
"8/07/2003",0.03,18
"9/07/2003",0.05,19.9
"10/07/2003",0.19,20.1
"11/07/2003",0,16.8
"12/07/2003",0.01,17.3
"13/07/2003",0.01,19.1
"14/07/2003",0.03,20.7
"15/07/2003",0.96,22.6
"16/07/2003",6.53,22.7
"17/07/2003",0,18.1
"18/07/2003",0,18.1
"19/07/2003",0,19.6
"20/07/2003",1.63,17.9
"21/07/2003",1.7,18.2
"22/07/2003",0.3,17.6
"23/07/2003",1.61,17.4
"24/07/2003",9.55,17.5
"25/07/2003",9.4,16.3
"26/07/2003",5.87,15.6
"27/07/2003",0.06,16.7
"28/07/2003",2.36,15.7
"29/07/2003",7.7,17.3
"30/07/2003",3.1,18.5
"31/07/2003",2.36,16.7
"1/08/2003",0.31,17.2
"2/08/2003",0.02,16.1
"3/08/2003",0.01,17.5
"4/08/2003",0.03,20.5
"5/08/2003",0.06,23.1
"6/08/2003",0.01,22.5
"7/08/2003",0.03,21.5
"8/08/2003",0.05,21.1
"9/08/2003",0.92,23.9
"10/08/2003",2.83,22.4
"11/08/2003",1.02,21.4
"12/08/2003",0.02,21.4
"13/08/2003",0.01,19.1
"14/08/2003",0.01,17
"15/08/2003",0.35,15.9
"16/08/2003",0.02,16.6
"17/08/2003",0.43,17.9
"18/08/2003",0.31,18.7
"19/08/2003",0,16
"20/08/2003",0.04,15.8
"21/08/2003",0.66,17.6
"22/08/2003",0.46,19.5
"23/08/2003",0.19,19.9
"24/08/2003",0.06,20.5
"25/08/2003",0.55,16.4
"26/08/2003",0.22,17.2
"27/08/2003",0.6,17.2
"28/08/2003",9.28,15
"29/08/2003",2.35,14.3
"30/08/2003",0.39,12.4
"31/08/2003",0.1,11.9
"1/09/2003",0.01,13.6
"2/09/2003",0.05,14.7
"3/09/2003",0.01,16.5
"4/09/2003",0.02,15.9
"5/09/2003",1.38,16.3
"6/09/2003",2.36,15.9
"7/09/2003",1.89,12.7
"8/09/2003",1.4,14.4
"9/09/2003",4.61,14.4
"10/09/2003",1.08,15
"11/09/2003",0.75,13.7
"12/09/2003",0.02,14.4
"13/09/2003",0.02,16.1
"14/09/2003",0.01,16.7
"15/09/2003",0.02,16.6
"16/09/2003",0.05,16.6
"17/09/2003",0.02,17.1
"18/09/2003",0.58,15.3
"19/09/2003",4.81,16.6
"20/09/2003",2.02,16.1
"21/09/2003",1.88,15.9
"22/09/2003",8.27,15.9
"23/09/2003",0.1,10.5
"24/09/2003",0.02,9.9
"25/09/2003",0.22,10.4
"26/09/2003",0.53,12.4
"27/09/2003",0.56,10.8
"28/09/2003",0.51,11.4
"29/09/2003",1.41,10
"30/09/2003",0.07,13.4
"1/10/2003",1.86,13.7
"2/10/2003",0.73,11.5
"3/10/2003",0.18,13.8
"4/10/2003",2.04,11.1
"5/10/2003",2.51,7.3
"6/10/2003",2.61,10.3
"7/10/2003",1,11.1
"8/10/2003",0.56,12.5
"9/10/2003",0.71,14.8
"10/10/2003",0.45,14.1
"11/10/2003",0.13,11.8
"12/10/2003",0.72,11.2
"13/10/2003",0.13,12.7
"14/10/2003",0.03,12.4
"15/10/2003",0.04,10
"16/10/2003",0.06,9.8
"17/10/2003",0.03,9.4
"18/10/2003",0.07,9.6
"19/10/2003",0,8.8
"20/10/2003",1.18,6.9
"21/10/2003",5.2,3.6
"22/10/2003",4.78,4.6
"23/10/2003",0.86,7
"24/10/2003",1.14,4.9
"25/10/2003",4.15,4.8
"26/10/2003",0.24,6.2
"27/10/2003",0.06,5.9
"28/10/2003",10.04,5.8
"29/10/2003",4.72,7.4
"30/10/2003",18.33,6.3
"31/10/2003",3.09,6.9
"1/11/2003",7.97,8.3
"2/11/2003",7.61,9.1
"3/11/2003",0.6,10.3
"4/11/2003",0.18,8.9
"5/11/2003",0.16,11.3
"6/11/2003",0.14,11.7
"7/11/2003",0.01,10
"8/11/2003",0.17,7.2
"9/11/2003",1.97,7.3
"10/11/2003",0.16,9
"11/11/2003",5.7,8.6
"12/11/2003",1.33,10.2
"13/11/2003",3.2,8.8
"14/11/2003",4.15,9.7
"15/11/2003",0.28,9.3
"16/11/2003",0.35,6.9
"17/11/2003",4.46,8
"18/11/2003",0.1,11.7
"19/11/2003",3.4,12.6
"20/11/2003",4.9,10.8
"21/11/2003",6.36,6.6
"22/11/2003",11.61,4.7
"23/11/2003",9.54,3.8
"24/11/2003",0.82,4.3
"25/11/2003",16.11,5.4
"26/11/2003",3.92,7.5
"27/11/2003",0.45,4.3
"28/11/2003",1.64,4.6
"29/11/2003",6.64,7.1
"30/11/2003",12.67,6.6
"1/12/2003",11.25,7.3
"2/12/2003",1.81,8
"3/12/2003",0.06,7.6
"4/12/2003",0.02,7.4
"5/12/2003",0.26,6.8
"6/12/2003",0.05,4.9
"7/12/2003",0.01,2.9
"8/12/2003",0.08,0.8
"9/12/2003",0.17,3.5
"10/12/2003",8.35,3.5
"11/12/2003",3.14,4.6
"12/12/2003",12.51,6.9
"13/12/2003",3.44,8.3
"14/12/2003",0.4,7.2
"15/12/2003",0.06,3
"16/12/2003",0.24,1.1
"17/12/2003",0.07,2.4
"18/12/2003",0.23,2.4
"19/12/2003",4.61,2.9
"20/12/2003",12.51,5.9
"21/12/2003",1.14,4.9
"22/12/2003",3.93,3.4
"23/12/2003",1.54,5.3
"24/12/2003",0.41,8.4
"25/12/2003",2.45,9.1
"26/12/2003",6.54,9.3
"27/12/2003",5.18,3.9
"28/12/2003",4.17,3
"29/12/2003",2.7,1.4
"30/12/2003",0.6,0.5
"31/12/2003",12.41,1.3
"1/01/2004",1.54,3.1
"2/01/2004",0.72,3.7
"3/01/2004",1,2.9
"4/01/2004",0.94,3.7
"5/01/2004",3.83,7.2
"6/01/2004",0.55,8.1
"7/01/2004",10.44,7.3
"8/01/2004",5.75,9.1
"9/01/2004",1.62,6.1
"10/01/2004",8.9,7.3
"11/01/2004",6.78,8.2
"12/01/2004",7.58,6.3
"13/01/2004",3.79,6.1
"14/01/2004",1.9,4
"15/01/2004",10.46,4.5
"16/01/2004",1.89,4.8
"17/01/2004",0.87,2
"18/01/2004",1.22,3.4
"19/01/2004",3.31,5.3
"20/01/2004",2.87,9
"21/01/2004",1.45,7.8
"22/01/2004",4.65,7.1
"23/01/2004",5.31,7.2
"24/01/2004",0.31,5.6
"25/01/2004",1.11,3.9
"26/01/2004",1.01,1.9
"27/01/2004",2.06,2.5
"28/01/2004",3.14,1.7
"29/01/2004",0.43,0.5
"30/01/2004",15,4.3
"31/01/2004",12.24,7.4
"1/02/2004",8.12,9.3
"2/02/2004",3.27,10.9
"3/02/2004",4.92,12.2
"4/02/2004",3.56,12.8
"5/02/2004",5.51,11.8
"6/02/2004",5,8.2
"7/02/2004",3.65,6.6
"8/02/2004",0.02,5
"9/02/2004",0.08,1.3
"10/02/2004",0.1,4
"11/02/2004",0.05,7.5
"12/02/2004",0.15,8.2
"13/02/2004",1.18,8.2
"14/02/2004",2.28,5.8
"15/02/2004",0.31,6.8
"16/02/2004",1.94,5.3
"17/02/2004",1.21,4.9
"18/02/2004",0.42,4.5
"19/02/2004",0.05,5
"20/02/2004",0.03,2.8
"21/02/2004",0.09,2
"22/02/2004",0.15,2.5
"23/02/2004",0.63,2.2
"24/02/2004",2.83,2.8
"25/02/2004",0.39,1.2
"26/02/2004",1.89,0.7
"27/02/2004",1.16,0.8
"28/02/2004",0.99,1.3
"29/02/2004",0.25,1.8
"1/03/2004",0.06,0.8
"2/03/2004",0.04,0.8
"3/03/2004",2.48,3.5
"4/03/2004",0.88,6.7
"5/03/2004",0.6,5.8
"6/03/2004",1.09,6.8
"7/03/2004",0.96,6
"8/03/2004",0,5.3
"9/03/2004",0.21,3.7
"10/03/2004",0.39,3
"11/03/2004",5.15,2.4
"12/03/2004",6.1,2.4
"13/03/2004",2.98,5.9
"14/03/2004",3.06,8
"15/03/2004",1.01,10.1
"16/03/2004",0.27,13.2
"17/03/2004",0.84,10.2
"18/03/2004",6.64,8.2
"19/03/2004",4.26,8.9
"20/03/2004",3.3,10.2
"21/03/2004",2.39,8.1
"22/03/2004",1.5,6.9
"23/03/2004",1.81,6
"24/03/2004",1.75,5.7
"25/03/2004",1.23,5.4
"26/03/2004",0.41,4.9
"27/03/2004",0.19,6.7
"28/03/2004",0.03,8.5
"29/03/2004",0.02,9.5
"30/03/2004",0.01,8.9
"31/03/2004",0.58,10.8
"1/04/2004",5.25,11.4
"2/04/2004",1.31,11.7
"3/04/2004",10.38,9.4
"4/04/2004",2.88,8.9
"5/04/2004",2.34,7.9
"6/04/2004",3.88,6.3
"7/04/2004",1.56,6.8
"8/04/2004",0.76,6
"9/04/2004",1.03,6.1
"10/04/2004",0.09,8.4
"11/04/2004",0.03,8.5
"12/04/2004",0.62,9.8
"13/04/2004",0.22,9.5
"14/04/2004",0.03,10
"15/04/2004",2.19,9.1
"16/04/2004",3.55,9.2
"17/04/2004",9.23,9.4
"18/04/2004",14.59,7.8
"19/04/2004",1.11,7.9
"20/04/2004",2.45,7.4
"21/04/2004",5.39,11.3
"22/04/2004",0.02,10.5
"23/04/2004",0.04,10.7
"24/04/2004",0,13
"25/04/2004",0.29,13.7
"26/04/2004",3.06,13.2
"27/04/2004",6.83,11.4
"28/04/2004",7.17,10
"29/04/2004",2.56,7.6
"30/04/2004",2.38,9.5
"1/05/2004",0.5,11.2
"2/05/2004",1.54,12.4
"3/05/2004",11.48,11
"4/05/2004",7.09,8.8
"5/05/2004",3.34,8.3
"6/05/2004",0.22,9.4
"7/05/2004",5.11,9.4
"8/05/2004",1.47,10.7
"9/05/2004",0.79,12.5
"10/05/2004",1.25,14.2
"11/05/2004",0.05,12.1
"12/05/2004",0.01,11.5
"13/05/2004",0.09,11.8
"14/05/2004",0.04,13.3
"15/05/2004",0,14
"16/05/2004",0.01,14.8
"17/05/2004",0,14.6
"18/05/2004",0.01,14
"19/05/2004",0.14,14.9
"20/05/2004",1.88,14
"21/05/2004",0.68,10.7
"22/05/2004",0,9.6
"23/05/2004",0,10.5
"24/05/2004",0,12.3
"25/05/2004",0.02,12.9
"26/05/2004",0.71,11.8
"27/05/2004",0.15,12.6
"28/05/2004",1.74,12.2
"29/05/2004",0.93,14.7
"30/05/2004",1.33,13.6
"31/05/2004",6.97,13.4
"1/06/2004",1.85,13.5
"2/06/2004",0.66,14
"3/06/2004",2.19,13.4
"4/06/2004",0.1,16.4
"5/06/2004",0.02,16.9
"6/06/2004",0.04,17.1
"7/06/2004",0.01,19
"8/06/2004",0.35,20.1
"9/06/2004",0.67,17.8
"10/06/2004",0.37,17.8
"11/06/2004",0.43,15.3
"12/06/2004",0.2,15.2
"13/06/2004",0.01,15.9
"14/06/2004",0.02,19.1
"15/06/2004",0.01,18.1
"16/06/2004",0.13,18.1
"17/06/2004",1.61,15.3
"18/06/2004",2.46,14.4
"19/06/2004",1.68,10
"20/06/2004",2.98,11.6
"21/06/2004",3.3,11.7
"22/06/2004",20.63,12.7
"23/06/2004",7.08,14.6
"24/06/2004",1.74,13.3
"25/06/2004",1.45,14
"26/06/2004",3.92,12.8
"27/06/2004",1.85,16.6
"28/06/2004",0.3,14.5
"29/06/2004",1.34,15.6
"30/06/2004",1.88,15.6
"1/07/2004",4.81,14.4
"2/07/2004",5.97,14.4
"3/07/2004",1.63,14.3
"4/07/2004",2.42,14.3
"5/07/2004",1.07,14.6
"6/07/2004",1.23,14.6
"7/07/2004",17.37,15.2
"8/07/2004",6.16,13
"9/07/2004",0.71,13.2
"10/07/2004",2.53,12.6
"11/07/2004",0.67,13.8
"12/07/2004",0.25,14.8
"13/07/2004",1.81,13.6
"14/07/2004",0.84,16.7
"15/07/2004",4.38,17.3
"16/07/2004",2.87,17.9
"17/07/2004",2.05,17.3
"18/07/2004",1.39,15.4
"19/07/2004",0.85,15
"20/07/2004",3.1,17.6
"21/07/2004",1.05,18.2
"22/07/2004",4.96,17.2
"23/07/2004",0.16,16.6
"24/07/2004",1.81,15.7
"25/07/2004",1.01,15.1
"26/07/2004",0.11,16.8
"27/07/2004",0.06,17.2
"28/07/2004",0.01,18.7
"29/07/2004",2.01,19.4
"30/07/2004",1.21,18.3
"31/07/2004",0.08,17.9
"1/08/2004",0.05,18.5
"2/08/2004",2.01,20.3
"3/08/2004",9.79,19.5
"4/08/2004",0.23,19.2
"5/08/2004",4.36,20.2
"6/08/2004",0.06,19.8
"7/08/2004",0.19,20.2
"8/08/2004",7.24,21.7
"9/08/2004",27.87,19.8
"10/08/2004",6.2,19.7
"11/08/2004",8.1,18.3
"12/08/2004",7.39,19.3
"13/08/2004",4.37,17.3
"14/08/2004",0.12,18.5
"15/08/2004",2.51,18.2
"16/08/2004",4.13,18.2
"17/08/2004",10.24,18.2
"18/08/2004",8.2,18.8
"19/08/2004",5.68,16.7
"20/08/2004",7.66,15.9
"21/08/2004",0.22,14.3
"22/08/2004",12.43,14.9
"23/08/2004",7.61,16.1
"24/08/2004",6.48,16.1
"25/08/2004",4.18,15.7
"26/08/2004",5.34,16.2
"27/08/2004",1.11,16.6
"28/08/2004",0.32,14
"29/08/2004",1.93,14.7
"30/08/2004",0.47,15
"31/08/2004",0.02,14.2
"1/09/2004",0.02,13.4
"2/09/2004",0.04,15.5
"3/09/2004",0.02,16.8
"4/09/2004",0.04,18.6
"5/09/2004",0.15,19.1
"6/09/2004",0.04,18.7
"7/09/2004",0.07,18
"8/09/2004",0.01,16.7
"9/09/2004",2.62,17.5
"10/09/2004",3.29,15.7
"11/09/2004",3.67,17
"12/09/2004",9.54,13.5
"13/09/2004",3.88,14.4
"14/09/2004",3.5,12.8
"15/09/2004",0.01,13.2
"16/09/2004",4.29,11.5
"17/09/2004",3.49,14.8
"18/09/2004",1.22,15.8
"19/09/2004",1.82,12.6
"20/09/2004",0.85,14.7
"21/09/2004",0.99,12.6
"22/09/2004",3.63,13.7
"23/09/2004",0.87,15
"24/09/2004",0.23,11
"25/09/2004",1.39,11.6
"26/09/2004",0.31,15
"27/09/2004",0.13,16
"28/09/2004",0.74,15
"29/09/2004",0,12.9
"30/09/2004",2.91,15.3
"1/10/2004",3.67,11.1
"2/10/2004",2.96,11.9
"3/10/2004",22.5,12.1
"4/10/2004",0.4,12.7
"5/10/2004",2.61,11.7
"6/10/2004",1.97,11.1
"7/10/2004",1.12,10.3
"8/10/2004",0.28,10.3
"9/10/2004",0.85,9.7
"10/10/2004",0.35,11
"11/10/2004",0.51,10
"12/10/2004",6.19,9.4
"13/10/2004",16.68,10.5
"14/10/2004",5.66,8.8
"15/10/2004",6.76,8.7
"16/10/2004",3.97,9.1
"17/10/2004",1.4,9.5
"18/10/2004",0.76,10.1
"19/10/2004",13.52,7.3
"20/10/2004",10.12,10.8
"21/10/2004",5.4,9.8
"22/10/2004",7.93,11.7
"23/10/2004",13.74,13.2
"24/10/2004",7.09,13.7
"25/10/2004",0.95,11.1
"26/10/2004",0.44,8.6
"27/10/2004",5.54,8
"28/10/2004",8.32,11.8
"29/10/2004",2.98,11
"30/10/2004",0.19,11.4
"31/10/2004",0.02,9.4
"1/11/2004",1.55,9.2
"2/11/2004",1.15,9.2
"3/11/2004",2.62,10.8
"4/11/2004",0.18,9.9
"5/11/2004",1.37,8.6
"6/11/2004",1.88,10.2
"7/11/2004",1.16,10.9
"8/11/2004",1.3,10.6
"9/11/2004",3.7,8.9
"10/11/2004",0.58,7.6
"11/11/2004",0.35,6.6
"12/11/2004",0.69,9.2
"13/11/2004",0.22,3.9
"14/11/2004",0.1,4.2
"15/11/2004",0.75,6.7
"16/11/2004",0.92,9.8
"17/11/2004",2.48,11.4
"18/11/2004",14.02,8
"19/11/2004",0.81,2.2
"20/11/2004",4.91,1.3
"21/11/2004",1.46,6.1
"22/11/2004",0.37,7.8
"23/11/2004",0.31,10.4
"24/11/2004",0.43,9.1
"25/11/2004",1.88,8.3
"26/11/2004",0.79,9.3
"27/11/2004",4.04,6.9
"28/11/2004",2.12,6.2
"29/11/2004",0.23,4.7
"30/11/2004",0.45,3.7
"1/12/2004",0.25,4.5
"2/12/2004",0.36,3.9
"3/12/2004",0.36,3
"4/12/2004",0.14,5.1
"5/12/2004",0.17,7.8
"6/12/2004",0.39,9.2
"7/12/2004",0.18,6.4
"8/12/2004",0.07,7.2
"9/12/2004",0.07,5.3
"10/12/2004",0.43,3.9
"11/12/2004",0.16,5.4
"12/12/2004",0.05,5
"13/12/2004",0.19,4.8
"14/12/2004",1.07,6.3
"15/12/2004",2.22,8.9
"16/12/2004",7.02,8.2
"17/12/2004",5.9,5.5
"18/12/2004",10.84,4.5
"19/12/2004",0.29,3.2
"20/12/2004",2.5,0.5
"21/12/2004",8.58,3.8
"22/12/2004",1.26,5.9
"23/12/2004",0.78,9.9
"24/12/2004",4.4,7.4
"25/12/2004",1.6,2
"26/12/2004",0.65,1.1
"27/12/2004",9.96,1.9
"28/12/2004",0.72,2.1
"29/12/2004",0.34,6.8
"30/12/2004",2.42,8.3
"31/12/2004",0.46,9.1
"1/01/2005",4.18,7.8
"2/01/2005",0.19,5.5
"3/01/2005",0.4,7.2
"4/01/2005",1.69,8.5
"5/01/2005",1.84,5.7
"6/01/2005",0.84,7.9
"7/01/2005",7.68,9.1
"8/01/2005",1.46,7.3
"9/01/2005",2.75,8.5
"10/01/2005",2.44,9.2
"11/01/2005",2.71,9
"12/01/2005",0.65,6.4
"13/01/2005",0.25,5.8
"14/01/2005",1.49,4.1
"15/01/2005",0.37,6.3
"16/01/2005",0.78,7.7
"17/01/2005",4.49,7.1
"18/01/2005",2.4,3.8
"19/01/2005",1.16,6.4
"20/01/2005",2.96,8.3
"21/01/2005",0.74,5.4
"22/01/2005",4.52,1.3
"23/01/2005",0.84,1.7
"24/01/2005",1.41,1.8
"25/01/2005",0.97,3.1
"26/01/2005",0.67,2.9
"27/01/2005",1.85,4.2
"28/01/2005",1.5,5.8
"29/01/2005",0.17,5.9
"30/01/2005",0.05,5.6
"31/01/2005",0.73,7.5
"1/02/2005",0.13,8.9
"2/02/2005",0.43,6.5
"3/02/2005",0.06,7.2
"4/02/2005",1.46,7.7
"5/02/2005",2.38,5.3
"6/02/2005",0.54,5.2
"7/02/2005",0.22,3.4
"8/02/2005",0.48,5.2
"9/02/2005",2.75,7.2
"10/02/2005",3.86,8.3
"11/02/2005",8.15,7.5
"12/02/2005",2.08,7.2
"13/02/2005",1.58,4
"14/02/2005",1.26,3.7
"15/02/2005",0.16,3.7
"16/02/2005",0.87,2.2
"17/02/2005",0.57,3.7
"18/02/2005",1.24,6.1
"19/02/2005",0.51,3.3
"20/02/2005",2.06,1.4
"21/02/2005",2.03,2.6
"22/02/2005",1.56,2
"23/02/2005",3.47,0.4
"24/02/2005",3.26,0.8
"25/02/2005",1.35,1.6
"26/02/2005",0.83,3
"27/02/2005",0.36,1.7
"28/02/2005",2.59,0.5
"1/03/2005",4.6,2.7
"2/03/2005",2.07,1.6
"3/03/2005",1.77,1.6
"4/03/2005",1.86,2.6
"5/03/2005",1.29,3.1
"6/03/2005",0.08,1.6
"7/03/2005",0.22,3.3
"8/03/2005",0.16,5.2
"9/03/2005",0.29,5.3
"10/03/2005",0.18,6
"11/03/2005",1.7,5.5
"12/03/2005",0.14,4.6
"13/03/2005",0.09,3.4
"14/03/2005",2.73,4.2
"15/03/2005",0.35,7.6
"16/03/2005",1.54,11.7
"17/03/2005",0.08,13.2
"18/03/2005",0.17,11.8
"19/03/2005",0.08,11
"20/03/2005",0.21,10.6
"21/03/2005",5.02,10.2
"22/03/2005",2.12,11.3
"23/03/2005",3.65,11.8
"24/03/2005",0.72,12.5
"25/03/2005",0.38,11.3
"26/03/2005",1.64,9.3
"27/03/2005",4.15,7.9
"28/03/2005",1.55,9.3
"29/03/2005",13.36,6.8
"30/03/2005",3.61,7.4
"31/03/2005",0.13,8.8
"1/04/2005",0.17,10.4
"2/04/2005",0.01,12.3
"3/04/2005",1.06,10.5
"4/04/2005",1,9.5
"5/04/2005",4.53,7.3
"6/04/2005",4.33,9.3
"7/04/2005",3.23,7.1
"8/04/2005",0.36,4.7
"9/04/2005",0.33,4.9
"10/04/2005",0.01,10.1
"11/04/2005",0.27,9
"12/04/2005",2.64,9.7
"13/04/2005",2.89,8.7
"14/04/2005",4.07,8.1
"15/04/2005",8.9,5.5
"16/04/2005",0.25,5.4
"17/04/2005",12.93,5.7
"18/04/2005",2.09,9.7
"19/04/2005",4.3,7.5
"20/04/2005",0.17,6.4
"21/04/2005",0.04,9.5
"22/04/2005",1.59,8.5
"23/04/2005",0.92,9.4
"24/04/2005",3.37,9.6
"25/04/2005",2.27,9.9
"26/04/2005",6.49,10.2
"27/04/2005",3.22,9.9
"28/04/2005",0.44,11.5
"29/04/2005",2.89,12.2
"30/04/2005",2.89,14.5
"1/05/2005",0.64,16.1
"2/05/2005",2.46,14.9
"3/05/2005",3.2,13.5
"4/05/2005",0.12,11
"5/05/2005",0.39,10.4
"6/05/2005",3.16,11.3
"7/05/2005",1.51,10
"8/05/2005",1.89,8.8
"9/05/2005",1.03,7.3
"10/05/2005",0.23,7
"11/05/2005",0.01,7.2
"12/05/2005",0,8.4
"13/05/2005",0.43,10
"14/05/2005",1.01,9.9
"15/05/2005",0.11,9.1
"16/05/2005",1.64,9.9
"17/05/2005",0.13,7.1
"18/05/2005",1.77,8.5
"19/05/2005",3.5,12.2
"20/05/2005",2.03,14.5
"21/05/2005",7.62,10.3
"22/05/2005",4.03,11.2
"23/05/2005",2.67,10.6
"24/05/2005",1.62,12.4
"25/05/2005",0.25,15.2
"26/05/2005",0.18,16.2
"27/05/2005",0.07,18.3
"28/05/2005",0.01,15.3
"29/05/2005",1,11.8
"30/05/2005",1.09,12.3
"31/05/2005",1.33,12.6
"1/06/2005",4.23,11.9
"2/06/2005",0.47,14.8
"3/06/2005",5.88,14.7
"4/06/2005",2.33,13.4
"5/06/2005",4,14.7
"6/06/2005",0.04,12.8
"7/06/2005",0.02,11
"8/06/2005",0,13.4
"9/06/2005",0.01,13.7
"10/06/2005",0.1,15
"11/06/2005",0.19,11.2
"12/06/2005",2.19,11.7
"13/06/2005",1.45,11.1
"14/06/2005",3.41,13.1
"15/06/2005",1.83,14.8
"16/06/2005",0.78,15.9
"17/06/2005",0.03,18.6
"18/06/2005",0,21.2
"19/06/2005",3.03,22.1
"20/06/2005",0.56,19.6
"21/06/2005",0.01,16.4
"22/06/2005",0,18.1
"23/06/2005",1.85,19.1
"24/06/2005",9.07,17.1
"25/06/2005",0.12,15.8
"26/06/2005",0.15,14.3
"27/06/2005",0.04,16.9
"28/06/2005",7.24,18
"29/06/2005",3.78,16.7
"30/06/2005",2.63,16.7
"1/07/2005",1.59,16
"2/07/2005",0.24,18.2
"3/07/2005",2.66,15.9
"4/07/2005",4.39,13.7
"5/07/2005",7.46,13.3
"6/07/2005",4.45,14.8
"7/07/2005",0.65,15.5
"8/07/2005",0.14,16.3
"9/07/2005",0,17.7
"10/07/2005",0,20.4
"11/07/2005",0,22
"12/07/2005",0.02,20.6
"13/07/2005",0.02,20.6
"14/07/2005",0.8,20.8
"15/07/2005",0.1,19.4
"16/07/2005",0.01,16.8
"17/07/2005",0.2,18.9
"18/07/2005",1.27,16.7
"19/07/2005",0.38,15.8
"20/07/2005",0.2,17.1
"21/07/2005",0.05,16
"22/07/2005",0.2,15.7
"23/07/2005",5.79,17.5
"24/07/2005",14.42,15.7
"25/07/2005",0.3,14
"26/07/2005",3.24,15.2
"27/07/2005",9.4,14.5
"28/07/2005",9.31,16.6
"29/07/2005",1.37,16.4
"30/07/2005",3.85,15.1
"31/07/2005",1.8,15.4
"1/08/2005",0.87,16.5
"2/08/2005",0.8,16.7
"3/08/2005",0.08,16.7
"4/08/2005",5.39,16
"5/08/2005",0.25,16.1
"6/08/2005",0.17,14.8
"7/08/2005",0.02,14.5
"8/08/2005",0.05,14.6
"9/08/2005",0.83,16.1
"10/08/2005",0.21,17.6
"11/08/2005",3.02,18.1
"12/08/2005",2.65,16.5
"13/08/2005",9.42,14.2
"14/08/2005",0.48,16.1
"15/08/2005",0.03,15.5
"16/08/2005",0.02,17.7
"17/08/2005",0.02,18.6
"18/08/2005",6.66,18.1
"19/08/2005",2.56,15.9
"20/08/2005",0.11,15.6
"21/08/2005",5.92,16.5
"22/08/2005",4.85,16.3
"23/08/2005",2.93,14.7
"24/08/2005",7.03,15.1
"25/08/2005",2.62,13.5
"26/08/2005",0.45,13.2
"27/08/2005",0.24,15.1
"28/08/2005",0.24,16.2
"29/08/2005",0.18,17.7
"30/08/2005",0.01,18.2
"31/08/2005",4.34,20.9
"1/09/2005",0.22,18.2
"2/09/2005",0.05,15.7
"3/09/2005",0.05,17.1
"4/09/2005",5.08,20.4
"5/09/2005",0.29,19.5
"6/09/2005",0.07,17.4
"7/09/2005",0.34,17.3
"8/09/2005",5.83,18.1
"9/09/2005",9.39,17
"10/09/2005",4.24,16.9
"11/09/2005",0.11,15.4
"12/09/2005",0.03,16.4
"13/09/2005",0.45,15.8
"14/09/2005",3.77,18
"15/09/2005",9.99,15.8
"16/09/2005",0.33,10.9
"17/09/2005",0.17,9.3
"18/09/2005",0.01,12.6
"19/09/2005",0.4,14.8
"20/09/2005",0.04,15.6
"21/09/2005",0.09,15.2
"22/09/2005",0.9,15.5
"23/09/2005",2.66,14.3
"24/09/2005",1.16,9.9
"25/09/2005",0.87,14.1
"26/09/2005",4.16,12.9
"27/09/2005",0.67,15
"28/09/2005",7.47,10.3
"29/09/2005",5.43,12.3
"30/09/2005",3.97,14.6
"1/10/2005",1.12,12.1
"2/10/2005",0.06,10.7
"3/10/2005",0.04,11.1
"4/10/2005",0.04,12
"5/10/2005",0.04,12
"6/10/2005",0.11,12
"7/10/2005",0.57,14.6
"8/10/2005",4.08,14.6
"9/10/2005",0.08,10.1
"10/10/2005",2.23,14.7
"11/10/2005",15.29,17.3
"12/10/2005",8.85,16.1
"13/10/2005",0.57,12.6
"14/10/2005",0.15,11.5
"15/10/2005",0.09,14.7
"16/10/2005",1.95,13.7
"17/10/2005",0.51,14.3
"18/10/2005",10.37,11
"19/10/2005",7.07,12.1
"20/10/2005",5.55,11.6
"21/10/2005",5.58,11.9
"22/10/2005",2.28,11.9
"23/10/2005",20.37,10.7
"24/10/2005",17.33,12.9
"25/10/2005",2.43,13.2
"26/10/2005",2.05,13.6
"27/10/2005",2.44,15.9
"28/10/2005",2.81,15
"29/10/2005",2.72,13.9
"30/10/2005",4.88,15.5
"31/10/2005",5.77,12.3
"1/11/2005",10.95,11.3
"2/11/2005",9.86,12.7
"3/11/2005",4.54,13.9
"4/11/2005",2.24,9.6
"5/11/2005",7.64,8.8
"6/11/2005",8.28,10.1
"7/11/2005",4.5,10.1
"8/11/2005",12.85,11.8
"9/11/2005",0.78,9.1
"10/11/2005",1.38,9.4
"11/11/2005",3.35,13
"12/11/2005",0.93,7.8
"13/11/2005",0.12,6.4
"14/11/2005",1.11,5.4
"15/11/2005",0.52,7.6
"16/11/2005",0.23,5.5
"17/11/2005",0.22,2
"18/11/2005",0.11,1.3
"19/11/2005",0.18,1.2
"20/11/2005",0.18,0.3
"21/11/2005",0.23,1.3
"22/11/2005",0.1,1.4
"23/11/2005",0.13,4.9
"24/11/2005",1.9,5.2
"25/11/2005",3.78,1.5
"26/11/2005",3.11,2.9
"27/11/2005",2.35,3.8
"28/11/2005",1.75,2.4
"29/11/2005",0.91,2
"30/11/2005",1.86,2.9
"1/12/2005",17.5,5.5
"2/12/2005",9.73,6.9
"3/12/2005",2.87,6.9
"4/12/2005",1.45,6.4
"5/12/2005",1.67,6
"6/12/2005",0.71,4.6
"7/12/2005",7.86,2.3
"8/12/2005",0.15,3.7
"9/12/2005",0.89,3.2
"10/12/2005",0.13,5.4
"11/12/2005",0.34,4.6
"12/12/2005",0.03,4
"13/12/2005",0.08,4.5
"14/12/2005",0.05,5
"15/12/2005",0.39,7.6
"16/12/2005",0.53,9
"17/12/2005",0.31,1.8
"18/12/2005",1.46,1.7
"19/12/2005",0.12,2.6
"20/12/2005",0.45,4.4
"21/12/2005",1.03,6.7
"22/12/2005",0.23,7.2
"23/12/2005",0.37,8.7
"24/12/2005",0.31,6.3
"25/12/2005",0.29,2.9
"26/12/2005",0.9,3
"27/12/2005",1.28,1
"28/12/2005",0.69,-0.6
"29/12/2005",5.78,-1
"30/12/2005",12.06,2.3
"31/12/2005",2.4,4.9
"1/01/2006",0.53,5.6
"2/01/2006",0.77,4.5
"3/01/2006",1.11,5.5
"4/01/2006",0.15,4.9
"5/01/2006",0.2,1.6
"6/01/2006",0.86,1.9
"7/01/2006",0.92,1.5
"8/01/2006",2.81,1.8
"9/01/2006",1.58,4.5
"10/01/2006",5.86,6.8
"11/01/2006",0.19,7.8
"12/01/2006",0.12,3.8
"13/01/2006",2.26,5.7
"14/01/2006",1.26,7.5
"15/01/2006",1.56,6.1
"16/01/2006",4.67,7.3
"17/01/2006",0.78,6.7
"18/01/2006",2.03,8.6
"19/01/2006",1.95,9.4
"20/01/2006",0.24,7.2
"21/01/2006",0.08,6.6
"22/01/2006",0.09,1.9
"23/01/2006",0.03,0.8
"24/01/2006",0.08,0.9
"25/01/2006",0.16,1.8
"26/01/2006",0.3,2.8
"27/01/2006",1.12,2.1
"28/01/2006",0.08,2.1
"29/01/2006",0.07,1.8
"30/01/2006",0.04,2.4
"31/01/2006",0.02,2.4
"1/02/2006",0.02,-0.4
"2/02/2006",0.01,-1.4
"3/02/2006",0.01,0.2
"4/02/2006",0.04,2.2
"5/02/2006",0.01,3.3
"6/02/2006",0,5.5
"7/02/2006",3.17,6.8
"8/02/2006",0.13,6
"9/02/2006",0.18,2.7
"10/02/2006",0.06,1.3
"11/02/2006",6.83,1.8
"12/02/2006",4.11,4.5
"13/02/2006",2.32,7.9
"14/02/2006",13.99,8.3
"15/02/2006",2.36,8.5
"16/02/2006",3.43,6
"17/02/2006",0.63,6.6
"18/02/2006",0.54,2.9
"19/02/2006",4.8,2.8
"20/02/2006",1.49,5.1
"21/02/2006",1.73,3.8
"22/02/2006",0.86,2.7
"23/02/2006",6.36,1.9
"24/02/2006",0.34,1.9
"25/02/2006",0.79,3.7
"26/02/2006",0.22,4
"27/02/2006",2.91,3.7
"28/02/2006",0.36,2.1
"1/03/2006",0.47,0.8
"2/03/2006",0.36,0.7
"3/03/2006",0.11,-0.4
"4/03/2006",0.27,-0.9
"5/03/2006",0.29,1.8
"6/03/2006",3.22,3.7
"7/03/2006",10.14,3.9
"8/03/2006",6.17,7.5
"9/03/2006",4.47,7.9
"10/03/2006",1.92,5.6
"11/03/2006",1.3,3.4
"12/03/2006",0.87,0.6
"13/03/2006",3.19,1.7
"14/03/2006",3.41,3.8
"15/03/2006",0.22,5.4
"16/03/2006",0.56,1.7
"17/03/2006",0.03,2.4
"18/03/2006",0.02,3.5
"19/03/2006",0.28,5.2
"20/03/2006",0.21,3.9
"21/03/2006",0.05,3.2
"22/03/2006",0,2.4
"23/03/2006",4.06,3.2
"24/03/2006",5.45,7.7
"25/03/2006",6.82,10.1
"26/03/2006",7.24,12.5
"27/03/2006",3.17,11.6
"28/03/2006",2.4,9
"29/03/2006",10.06,8.3
"30/03/2006",5.73,11
"31/03/2006",5.33,11.7
"1/04/2006",3.69,9.9
"2/04/2006",3.5,8.6
"3/04/2006",0.5,7.7
"4/04/2006",0.2,4.4
"5/04/2006",0.2,3.2
"6/04/2006",0.74,5.9
"7/04/2006",2.78,6.5
"8/04/2006",1.61,5.7
"9/04/2006",4.51,5
"10/04/2006",1.09,3.6
"11/04/2006",3.75,5.7
"12/04/2006",0.54,7.9
"13/04/2006",0.73,11.3
"14/04/2006",0.39,9.6
"15/04/2006",0.75,10.2
"16/04/2006",0.16,9.9
"17/04/2006",0.39,9.2
"18/04/2006",2.75,9.4
"19/04/2006",2.43,9.4
"20/04/2006",2.33,10.1
"21/04/2006",0.37,12.3
"22/04/2006",1.01,10.5
"23/04/2006",0.8,10.2
"24/04/2006",0.64,9.7
"25/04/2006",0.21,11.8
"26/04/2006",0.05,9.9
"27/04/2006",0.03,11.3
"28/04/2006",0.03,9.8
"29/04/2006",0.21,9.7
"30/04/2006",9.34,8.3
"1/05/2006",0.36,9.7
"2/05/2006",0.49,9.3
"3/05/2006",0.23,13.3
"4/05/2006",0.63,17.4
"5/05/2006",0.04,14.1
"6/05/2006",8.36,11.9
"7/05/2006",7.14,12.5
"8/05/2006",4.22,13.4
"9/05/2006",0.21,14.3
"10/05/2006",0.65,14.8
"11/05/2006",0.39,14.3
"12/05/2006",3.05,14.7
"13/05/2006",1.05,11.7
"14/05/2006",3.03,11.7
"15/05/2006",2.96,12.6
"16/05/2006",1.88,13.1
"17/05/2006",7.98,13.3
"18/05/2006",4.42,14.3
"19/05/2006",13.79,12.6
"20/05/2006",3.53,11.8
"21/05/2006",15.3,11
"22/05/2006",5.34,11.4
"23/05/2006",4.7,8.5
"24/05/2006",9.53,9.8
"25/05/2006",5.74,11.1
"26/05/2006",0.99,13.6
"27/05/2006",2.63,13.6
"28/05/2006",0.36,12.4
"29/05/2006",1.95,10.4
"30/05/2006",0.42,8.7
"31/05/2006",0.42,9.3
"1/06/2006",0.09,11
"2/06/2006",0.04,12.6
"3/06/2006",0.01,14.4
"4/06/2006",0.32,14.4
"5/06/2006",0.01,14
"6/06/2006",0.01,14.6
"7/06/2006",0.04,17.1
"8/06/2006",0,17.8
"9/06/2006",0,18.5
"10/06/2006",0.01,19.7
"11/06/2006",2.42,20.7
"12/06/2006",1.12,20.8
"13/06/2006",3.08,16
"14/06/2006",1,14.1
"15/06/2006",0.06,14.9
"16/06/2006",0.02,15.6
"17/06/2006",0.21,19.2
"18/06/2006",1.51,16.7
"19/06/2006",0.43,15.8
"20/06/2006",2.41,15.3
"21/06/2006",0.37,13.8
"22/06/2006",0.08,13
"23/06/2006",0.36,13.6
"24/06/2006",0.95,16
"25/06/2006",4.5,16.5
"26/06/2006",4.06,13.8
"27/06/2006",0.4,14.4
"28/06/2006",0.23,15.6
"29/06/2006",0,17.3
"30/06/2006",0.18,18.4
"1/07/2006",0.07,20.3
"2/07/2006",1.06,22.7
"3/07/2006",0.35,21.9
"4/07/2006",1.94,21.4
"5/07/2006",6.29,20
"6/07/2006",1.27,19.8
"7/07/2006",0.41,17.5
"8/07/2006",3.51,15.4
"9/07/2006",0.39,16.9
"10/07/2006",1.76,16.1
"11/07/2006",0.01,17.4
"12/07/2006",0.08,16.2
"13/07/2006",0.01,16.8
"14/07/2006",0.01,15.6
"15/07/2006",0.01,17
"16/07/2006",0.01,19.3
"17/07/2006",0.01,20.9
"18/07/2006",0,22.1
"19/07/2006",0.48,24.5
"20/07/2006",0.04,22.7
"21/07/2006",1.42,21.7
"22/07/2006",5.61,21.9
"23/07/2006",0.11,19.6
"24/07/2006",0.01,20
"25/07/2006",0.53,22.7
"26/07/2006",1.52,23.2
"27/07/2006",1.92,21.2
"28/07/2006",0.07,19.8
"29/07/2006",3.21,19.5
"30/07/2006",1.19,19
"31/07/2006",5.76,17.8
"1/08/2006",3.16,16.3
"2/08/2006",6.4,16.2
"3/08/2006",0.06,17.2
"4/08/2006",0.39,16.4
"5/08/2006",0.01,18.4
"6/08/2006",2.13,20.9
"7/08/2006",0.21,18.2
"8/08/2006",1.15,16.2
"9/08/2006",0.3,16.2
"10/08/2006",0.6,15.1
"11/08/2006",1.66,14.7
"12/08/2006",7.03,15.8
"13/08/2006",3.33,14.7
"14/08/2006",0.51,16.5
"15/08/2006",1.32,15.2
"16/08/2006",3.77,16.3
"17/08/2006",8.86,16.7
"18/08/2006",6.91,15.6
"19/08/2006",4.64,16.3
"20/08/2006",3.62,16.5
"21/08/2006",1.94,15.8
"22/08/2006",1.59,15.2
"23/08/2006",11.01,16.5
"24/08/2006",0.86,15.6
"25/08/2006",2.34,13.7
"26/08/2006",0.73,16.1
"27/08/2006",5.44,15.7
"28/08/2006",1.37,15
"29/08/2006",1.51,13.8
"30/08/2006",3.1,14.4
"31/08/2006",3.29,16.8
"1/09/2006",2.17,18
"2/09/2006",7.63,16.5
"3/09/2006",0.42,18
"4/09/2006",1.68,17.2
"5/09/2006",0.52,19.6
"6/09/2006",0.22,19.3
"7/09/2006",0.06,14.6
"8/09/2006",0.03,13
"9/09/2006",0.08,14.8
"10/09/2006",0.04,16.8
"11/09/2006",2.19,19
"12/09/2006",1.03,18.2
"13/09/2006",11.96,19.4
"14/09/2006",6.17,16.7
"15/09/2006",0.08,16.5
"16/09/2006",0.29,15.9
"17/09/2006",0.2,17.3
"18/09/2006",1.67,16.6
"19/09/2006",0.06,14.9
"20/09/2006",1.05,16
"21/09/2006",1.64,21.4
"22/09/2006",9.2,16.5
"23/09/2006",4.09,16.6
"24/09/2006",2.71,18.3
"25/09/2006",1.63,16.4
"26/09/2006",0.08,15.9
"27/09/2006",2.23,15.4
"28/09/2006",3.93,16.7
"29/09/2006",6.61,15.7
"30/09/2006",7.88,13.8
"1/10/2006",8.11,15.6
"2/10/2006",3.18,14.6
"3/10/2006",1.34,11.8
"4/10/2006",1.77,11.2
"5/10/2006",8.74,11.7
"6/10/2006",5.25,14.3
"7/10/2006",0.04,12.5
"8/10/2006",3.14,13.4
"9/10/2006",2.26,15.2
"10/10/2006",5.65,14.9
"11/10/2006",6.21,15.3
"12/10/2006",0.22,12.4
"13/10/2006",0.13,12.8
"14/10/2006",0.02,12.9
"15/10/2006",0.02,13.7
"16/10/2006",1.2,13.7
"17/10/2006",3.04,13.1
"18/10/2006",7.36,13.9
"19/10/2006",9.99,14.8
"20/10/2006",3.34,13.7
"21/10/2006",4.64,14.5
"22/10/2006",11.07,12.2
"23/10/2006",10.16,10.5
"24/10/2006",1.34,11.1
"25/10/2006",12.9,11
"26/10/2006",0.28,12.5
"27/10/2006",1.57,10.2
"28/10/2006",1.01,12.8
"29/10/2006",0.48,12.5
"30/10/2006",0.74,12.8
"31/10/2006",0.51,11.9
"1/11/2006",0.41,5.5
"2/11/2006",0.12,3.9
"3/11/2006",0.08,4.2
"4/11/2006",0.08,5.2
"5/11/2006",0.14,8.2
"6/11/2006",0.16,7.5
"7/11/2006",1.39,6.8
"8/11/2006",1.24,9.4
"9/11/2006",0.09,7.7
"10/11/2006",6.78,6.1
"11/11/2006",1.85,7.7
"12/11/2006",1.4,10.2
"13/11/2006",0.9,11.1
"14/11/2006",4.41,10.9
"15/11/2006",5.16,12.3
"16/11/2006",4.91,9
"17/11/2006",10.11,7.9
"18/11/2006",1.83,5.5
"19/11/2006",7.83,6.1
"20/11/2006",2.33,7.5
"21/11/2006",1.08,6
"22/11/2006",13.97,7.7
"23/11/2006",2.53,8.2
"24/11/2006",15.38,9.3
"25/11/2006",6.95,9.6
"26/11/2006",4.59,8.9
"27/11/2006",7.18,11.1
"28/11/2006",1.51,11.1
"29/11/2006",0.3,8.7
"30/11/2006",3.9,9.1
"1/12/2006",4.17,10.5
"2/12/2006",9.96,9.1
"3/12/2006",3.41,8.1
"4/12/2006",7.89,9.9
"5/12/2006",3.92,9.8
"6/12/2006",10.64,9
"7/12/2006",5.73,7.7
"8/12/2006",1.14,7
"9/12/2006",0.57,5.4
"10/12/2006",11.41,6.2
"11/12/2006",3.24,6.7
"12/12/2006",2.78,7.1
"13/12/2006",1.55,8.8
"14/12/2006",2.41,11.5
"15/12/2006",8.12,9.2
"16/12/2006",0.63,5.6
"17/12/2006",2.25,5.4
"18/12/2006",0.45,4.4
"19/12/2006",0.16,3.5
"20/12/2006",0.17,2.2
"21/12/2006",0.16,1.5
"22/12/2006",0.26,1.3
"23/12/2006",0.02,2.4
"24/12/2006",0.04,2.8
"25/12/2006",0.07,3.9
"26/12/2006",0.05,3.7
"27/12/2006",2.24,5.4
"28/12/2006",1.72,6.1
"29/12/2006",13.84,9
"30/12/2006",9.64,8.6
"31/12/2006",7.07,8.8
"1/01/2007",3.86,7.1
"2/01/2007",0.52,6.3
"3/01/2007",4.09,8.3
"4/01/2007",0.34,8.9
"5/01/2007",2.25,9
"6/01/2007",8.55,6.8
"7/01/2007",6.76,7.8
"8/01/2007",4.11,8.8
"9/01/2007",13.04,8.9
"10/01/2007",5.15,9
"11/01/2007",2.9,8.1
"12/01/2007",0.73,9.9
"13/01/2007",1.87,9.9
"14/01/2007",0.09,6.3
"15/01/2007",3.44,7.1
"16/01/2007",7.02,7.9
"17/01/2007",15.39,9.3
"18/01/2007",3.95,8.3
"19/01/2007",4.57,10.8
"20/01/2007",3.55,8.2
"21/01/2007",3.1,5.6
"22/01/2007",1.3,3.6
"23/01/2007",1.49,0.8
"24/01/2007",1.36,1.7
"25/01/2007",0.53,1.6
"26/01/2007",0.4,3.2
"27/01/2007",0.02,5.4
"28/01/2007",0.02,6.6
"29/01/2007",0.01,8
"30/01/2007",0.03,6.8
"31/01/2007",0.06,6.3
"1/02/2007",0.11,7.9
"2/02/2007",0.03,8.3
"3/02/2007",0.17,3.2
"4/02/2007",0.11,2.2
"5/02/2007",0.17,1.6
"6/02/2007",0.26,-0.2
"7/02/2007",5.23,-1.5
"8/02/2007",4.2,-1.5
"9/02/2007",10.96,0.7
"10/02/2007",12.25,3.9
"11/02/2007",6.03,6.3
"12/02/2007",3.38,8
"13/02/2007",9.27,7.1
"14/02/2007",0.87,7.4
"15/02/2007",3.27,6.7
"16/02/2007",4.08,8
"17/02/2007",0.09,6.4
"18/02/2007",0.19,5.9
"19/02/2007",3.95,7.1
"20/02/2007",3.87,9.1
"21/02/2007",6.11,8.5
"22/02/2007",6.19,8.2
"23/02/2007",6.83,9.2
"24/02/2007",5.56,8.7
"25/02/2007",1.79,7.5
"26/02/2007",5.88,7.5
"27/02/2007",5.86,7.1
"28/02/2007",4.88,8.7
"1/03/2007",0.26,6.9
"2/03/2007",11.21,6
"3/03/2007",1.68,7.4
"4/03/2007",14.2,6.8
"5/03/2007",11.36,7.4
"6/03/2007",1.85,9.5
"7/03/2007",0.31,8
"8/03/2007",2.38,7.4
"9/03/2007",0.11,8
"10/03/2007",0.07,8.6
"11/03/2007",0.41,9.3
"12/03/2007",0.03,9.8
"13/03/2007",0.1,7.3
"14/03/2007",0.07,8.4
"15/03/2007",0.63,7.4
"16/03/2007",0.29,6.9
"17/03/2007",2.4,10.4
"18/03/2007",2.6,6.3
"19/03/2007",3.13,3.8
"20/03/2007",0.74,3.3
"21/03/2007",3.29,2.5
"22/03/2007",0.48,3.7
"23/03/2007",0.34,6.1
"24/03/2007",0.12,5.8
"25/03/2007",0.07,8.8
"26/03/2007",0.07,8.7
"27/03/2007",0.1,8.4
"28/03/2007",1.97,8.1
"29/03/2007",1.85,6.6
"30/03/2007",1.29,7.1
"31/03/2007",0.12,10
"1/04/2007",0.05,9.4
"2/04/2007",0.21,9.4
"3/04/2007",0.04,6.5
"4/04/2007",0.02,6.3
"5/04/2007",0.03,8.7
"6/04/2007",0.06,9.3
"7/04/2007",0.02,8.5
"8/04/2007",0,9.2
"9/04/2007",0.05,9.4
"10/04/2007",0.03,12.2
"11/04/2007",0.01,11.5
"12/04/2007",0.04,11.4
"13/04/2007",0.11,10.8
"14/04/2007",0.17,14.2
"15/04/2007",0.03,14.6
"16/04/2007",0.01,13.9
"17/04/2007",0.01,10.6
"18/04/2007",0.03,8.8
"19/04/2007",0.58,10.3
"20/04/2007",0.05,10.8
"21/04/2007",0.12,12.1
"22/04/2007",0.73,12.4
"23/04/2007",4.14,12.9
"24/04/2007",2.68,15.3
"25/04/2007",0.2,14.6
"26/04/2007",0.64,11.7
"27/04/2007",0.01,12.2
"28/04/2007",0,13
"29/04/2007",0.07,12.3
"30/04/2007",0.24,12.5
"1/05/2007",0.02,13.1
"2/05/2007",0,12.5
"3/05/2007",0,11
"4/05/2007",0,9.5
"5/05/2007",0.22,11.6
"6/05/2007",3.05,12
"7/05/2007",2.63,13.2
"8/05/2007",3.12,12.4
"9/05/2007",6.29,11.5
"10/05/2007",10.79,11.8
"11/05/2007",8.49,11.2
"12/05/2007",4.27,12.2
"13/05/2007",19.48,11.2
"14/05/2007",3.72,10.7
"15/05/2007",3.46,10.9
"16/05/2007",7.38,11.1
"17/05/2007",0.3,14.1
"18/05/2007",0.93,14.8
"19/05/2007",0.37,11.7
"20/05/2007",0.09,10.9
"21/05/2007",0.69,11.6
"22/05/2007",0.01,12.6
"23/05/2007",0.03,15
"24/05/2007",0.33,16.7
"25/05/2007",0.41,14.6
"26/05/2007",5.36,10
"27/05/2007",24.12,9.1
"28/05/2007",5.06,8.3
"29/05/2007",2.54,9.2
"30/05/2007",2.83,10.2
"31/05/2007",2.39,13.4
"1/06/2007",0.16,14.5
"2/06/2007",0.03,16
"3/06/2007",0.93,16.8
"4/06/2007",0.03,15.9
"5/06/2007",0,14.6
"6/06/2007",0.02,13
"7/06/2007",1.96,13.7
"8/06/2007",0.42,15.7
"9/06/2007",0.02,17.8
"10/06/2007",0.15,17.6
"11/06/2007",1.55,17.4
"12/06/2007",4.21,17.1
"13/06/2007",9.36,16.3
"14/06/2007",18.26,15.1
"15/06/2007",8.21,15
"16/06/2007",3.88,14.5
"17/06/2007",4.08,14.8
"18/06/2007",2.86,15.5
"19/06/2007",9.29,16.2
"20/06/2007",1.89,16.5
"21/06/2007",5.33,15.6
"22/06/2007",4.21,15.5
"23/06/2007",6.72,15.7
"24/06/2007",19.92,13.5
"25/06/2007",10.13,13.6
"26/06/2007",0.76,11.4
"27/06/2007",2.56,12.5
"28/06/2007",8.93,11.9
"29/06/2007",3.75,14.9
"30/06/2007",15.26,14.4
"1/07/2007",5.95,16.2
"2/07/2007",8.38,15.9
"3/07/2007",5.24,14.4
"4/07/2007",3.24,14.7
"5/07/2007",6.45,15.2
"6/07/2007",1.63,14.9
"7/07/2007",0.52,15
"8/07/2007",2.55,14
"9/07/2007",4.85,14.2
"10/07/2007",0.07,13.9
"11/07/2007",0.69,15.1
"12/07/2007",1.87,16.4
"13/07/2007",8.91,16.1
"14/07/2007",2.37,17.4
"15/07/2007",6.81,16
"16/07/2007",3.14,17.8
"17/07/2007",4.01,16.1
"18/07/2007",1.35,16.4
"19/07/2007",11.47,16.2
"20/07/2007",20.91,14.7
"21/07/2007",6.02,13.3
"22/07/2007",3.53,14.5
"23/07/2007",5.76,14.5
"24/07/2007",1.42,14.9
"25/07/2007",3.23,15.3
"26/07/2007",8.33,15.7
"27/07/2007",1.53,15.9
"28/07/2007",7.54,15.7
"29/07/2007",0.15,14
"30/07/2007",0.01,13.5
"31/07/2007",0.01,14.2
"1/08/2007",1.07,14.9
"2/08/2007",0.67,15.1
"3/08/2007",0.66,16
"4/08/2007",0.55,18.9
"5/08/2007",1.1,19.7
"6/08/2007",0.91,17
"7/08/2007",1.25,13.8
"8/08/2007",0.02,13.6
"9/08/2007",0.04,15.1
"10/08/2007",0.07,15.1
"11/08/2007",2.19,17.1
"12/08/2007",1.27,15.8
"13/08/2007",8.66,15.2
"14/08/2007",10.71,16.1
"15/08/2007",5.58,16.7
"16/08/2007",1.21,13.6
"17/08/2007",2.66,13.6
"18/08/2007",7.71,15
"19/08/2007",7.51,15.2
"20/08/2007",1.93,13.6
"21/08/2007",0.73,14.8
"22/08/2007",2.72,16.3
"23/08/2007",0.75,16.4
"24/08/2007",0.1,16
"25/08/2007",0.06,17.4
"26/08/2007",0.02,16
"27/08/2007",0.02,13.3
"28/08/2007",0.2,14.1
"29/08/2007",0.09,13.4
"30/08/2007",0.08,14.2
"31/08/2007",0.15,15
"1/09/2007",0.24,16.7
"2/09/2007",1.85,16
"3/09/2007",0.08,14.4
"4/09/2007",0.17,12.5
"5/09/2007",0.03,16.2
"6/09/2007",0.02,17.9
"7/09/2007",0.07,16.7
"8/09/2007",0.02,14.8
"9/09/2007",0.08,15.2
"10/09/2007",0.02,15.8
"11/09/2007",0.04,13.1
"12/09/2007",0.04,15.6
"13/09/2007",0.39,15.1
"14/09/2007",0.13,14.8
"15/09/2007",0.21,12.5
"16/09/2007",1.48,14.1
"17/09/2007",1.32,12.2
"18/09/2007",1.08,9
"19/09/2007",2.86,12.5
"20/09/2007",3.57,15.7
"21/09/2007",3.36,14.6
"22/09/2007",0.64,15.3
"23/09/2007",14.29,16.1
"24/09/2007",3.7,13.3
"25/09/2007",3.01,12.4
"26/09/2007",1.42,9.2
"27/09/2007",0.84,8.3
"28/09/2007",4.45,11.1
"29/09/2007",0.52,13.8
"30/09/2007",3.01,10.1
"1/10/2007",2.56,11.7
"2/10/2007",0.24,12.4
"3/10/2007",1.87,13.8
"4/10/2007",0.06,12.6
"5/10/2007",0.07,10.6
"6/10/2007",0.1,11.8
"7/10/2007",0.21,11.7
"8/10/2007",5.86,12.1
"9/10/2007",11.37,11.4
"10/10/2007",0.19,13.4
"11/10/2007",0.21,11.4
"12/10/2007",0.27,13.7
"13/10/2007",0.35,15.5
"14/10/2007",0.1,13.9
"15/10/2007",1.86,13
"16/10/2007",14.13,12.9
"17/10/2007",0.13,9.9
"18/10/2007",0.05,7.5
"19/10/2007",0.06,7.5
"20/10/2007",0.09,8
"21/10/2007",0.02,7.4
"22/10/2007",0.09,7.8
"23/10/2007",0.07,7.5
"24/10/2007",0,6.4
"25/10/2007",0.12,7.8
"26/10/2007",0.84,10
"27/10/2007",3.12,11.7
"28/10/2007",4.71,13.4
"29/10/2007",0.52,9.7
"30/10/2007",0.08,9.8
"31/10/2007",0.07,11.1
"1/11/2007",0.2,12.1
"2/11/2007",0.06,13.2
"3/11/2007",0.1,11.2
"4/11/2007",0.11,7
"5/11/2007",0.52,7.4
"6/11/2007",0.05,8
"7/11/2007",0.16,10
"8/11/2007",3.39,11.5
"9/11/2007",1.02,8
"10/11/2007",1.24,9.8
"11/11/2007",0.71,10.6
"12/11/2007",2.09,3.4
"13/11/2007",1.99,4.9
"14/11/2007",0.82,7.2
"15/11/2007",0.14,3.7
"16/11/2007",0.39,2.7
"17/11/2007",7.66,4.2
"18/11/2007",14.8,4.6
"19/11/2007",8.38,5
"20/11/2007",10.02,7.4
"21/11/2007",5.98,8
"22/11/2007",1.26,7.2
"23/11/2007",0.33,3
"24/11/2007",1.15,3
"25/11/2007",0.45,5.6
"26/11/2007",0.69,6.5
"27/11/2007",0.76,7.2
"28/11/2007",4.27,8.8
"29/11/2007",0.81,8.1
"30/11/2007",11.34,9
"1/12/2007",7.24,7.2
"2/12/2007",6.64,7.8
"3/12/2007",1.38,6.9
"4/12/2007",4.95,9.1
"5/12/2007",5.13,10.1
"6/12/2007",11.9,11.2
"7/12/2007",3.67,7.3
"8/12/2007",12.86,7
"9/12/2007",6.95,5.7
"10/12/2007",0.34,5.5
"11/12/2007",0.1,2
"12/12/2007",0.14,2.3
"13/12/2007",0.13,2.8
"14/12/2007",0.05,1.1
"15/12/2007",0.04,1.7
"16/12/2007",0.08,0.7
"17/12/2007",0.06,0.8
"18/12/2007",0,2.8
"19/12/2007",0.07,3.9
"20/12/2007",0.1,-0.3
"21/12/2007",0.11,-0.5
"22/12/2007",1,2.2
"23/12/2007",0.76,3
"24/12/2007",10.27,3.8
"25/12/2007",3.4,5.7
"26/12/2007",0.56,6.5
"27/12/2007",3.39,7.9
"28/12/2007",9.86,10.2
"29/12/2007",1.66,6.1
"30/12/2007",0.24,6
"31/12/2007",2.47,6.5
"1/01/2008",4.1,7.5
"2/01/2008",0.16,4.8
"3/01/2008",1.9,1.8
"4/01/2008",9.09,3.9
"5/01/2008",0.96,5.6
"6/01/2008",3.74,5.2
"7/01/2008",3.06,5.2
"8/01/2008",6.79,6.8
"9/01/2008",5.59,6
"10/01/2008",8.95,6.9
"11/01/2008",12,5
"12/01/2008",3.52,5.3
"13/01/2008",6.09,6.7
"14/01/2008",14.59,7.9
"15/01/2008",14.6,7.9
"16/01/2008",1.32,5
"17/01/2008",5.94,5.6
"18/01/2008",6.03,9.5
"19/01/2008",6.4,9.6
"20/01/2008",6.64,11.2
"21/01/2008",8.36,10.1
"22/01/2008",1.01,5.2
"23/01/2008",1.26,6.7
"24/01/2008",0.19,8.6
"25/01/2008",0.29,6.6
"26/01/2008",0.2,8.7
"27/01/2008",0.13,8.3
"28/01/2008",0.17,5
"29/01/2008",3.53,7.3
"30/01/2008",3.74,5.1
"31/01/2008",4.55,5.3
"1/02/2008",1.59,4.4
"2/02/2008",1.01,2.7
"3/02/2008",5.94,4.2
"4/02/2008",7.86,5.6
"5/02/2008",4.32,7.2
"6/02/2008",0.26,7.2
"7/02/2008",0.18,6.9
"8/02/2008",0.09,8.9
"9/02/2008",0.09,8
"10/02/2008",0.11,6.1
"11/02/2008",0.14,5.9
"12/02/2008",0.15,6.8
"13/02/2008",0.1,5.5
"14/02/2008",0.04,3.2
"15/02/2008",0,4.2
"16/02/2008",0.06,1.5
"17/02/2008",0.08,0.9
"18/02/2008",0.13,1.7
"19/02/2008",0.09,1
"20/02/2008",0.44,1.7
"21/02/2008",1.16,4.7
"22/02/2008",0.52,9.6
"23/02/2008",0.3,8.1
"24/02/2008",1.2,9.4
"25/02/2008",8.12,5.3
"26/02/2008",0.11,7.1
"27/02/2008",0.23,7.2
"28/02/2008",0.17,5.5
"29/02/2008",5.75,7.1
"1/03/2008",0.74,8.2
"2/03/2008",0.76,9.2
"3/03/2008",1.27,4.8
"4/03/2008",0.37,3.6
"5/03/2008",0.05,3
"6/03/2008",1.53,6.9
"7/03/2008",0.92,7.2
"8/03/2008",4.57,6.9
"9/03/2008",11.02,6.6
"10/03/2008",8.83,5.4
"11/03/2008",4.18,8.3
"12/03/2008",0.73,6.7
"13/03/2008",3.02,6.8
"14/03/2008",0.56,7.4
"15/03/2008",20.94,9.1
"16/03/2008",1.25,7
"17/03/2008",0.14,5.5
"18/03/2008",0.44,4.1
"19/03/2008",0.44,4.2
"20/03/2008",5.55,5.9
"21/03/2008",3.97,5.4
"22/03/2008",2.56,3.6
"23/03/2008",2.71,2.2
"24/03/2008",0.8,3
"25/03/2008",1.26,3.4
"26/03/2008",3.47,6
"27/03/2008",4.5,5.9
"28/03/2008",5.29,7.4
"29/03/2008",9.14,7
"30/03/2008",0.64,9.2
"31/03/2008",1.7,8.1
"1/04/2008",0.31,10
"2/04/2008",0.14,9.9
"3/04/2008",0.05,10.9
"4/04/2008",1.3,10.3
"5/04/2008",2.23,6.6
"6/04/2008",3.94,1.7
"7/04/2008",1.24,4
"8/04/2008",1.16,4.5
"9/04/2008",1.01,5.1
"10/04/2008",2.93,6.2
"11/04/2008",5.59,6.1
"12/04/2008",2.85,6.8
"13/04/2008",2.64,6.8
"14/04/2008",1.22,5.8
"15/04/2008",2.33,5.2
"16/04/2008",0.59,4.9
"17/04/2008",1.19,5.9
"18/04/2008",1.13,6.2
"19/04/2008",1.82,7.3
"20/04/2008",2.66,8.1
"21/04/2008",0.38,10.3
"22/04/2008",2.02,10.6
"23/04/2008",3.05,11.3
"24/04/2008",2.13,10.2
"25/04/2008",0.47,10.9
"26/04/2008",1.93,13.2
"27/04/2008",5.13,13.3
"28/04/2008",3.17,9.6
"29/04/2008",17.43,8.3
"30/04/2008",5.47,8.1
"1/05/2008",1.27,9.9
"2/05/2008",0.57,10.3
"3/05/2008",0.43,13.1
"4/05/2008",2.92,15.3
"5/05/2008",0.13,15.3
"6/05/2008",0.01,14.6
"7/05/2008",0.02,16.8
"8/05/2008",0.92,16.8
"9/05/2008",0.97,16.8
"10/05/2008",0.05,17.7
"11/05/2008",0.18,18.6
"12/05/2008",0,16.3
"13/05/2008",0.05,13.5
"14/05/2008",2.85,12.9
"15/05/2008",2.62,10.9
"16/05/2008",2.57,10.2
"17/05/2008",1.8,11
"18/05/2008",0.02,9.9
"19/05/2008",0.02,7.8
"20/05/2008",0.01,8.4
"21/05/2008",0.04,11.2
"22/05/2008",1.27,13.5
"23/05/2008",0.93,14.5
"24/05/2008",7.4,14.1
"25/05/2008",12.61,12.1
"26/05/2008",12.4,12
"27/05/2008",9.43,11.9
"28/05/2008",5.85,13.1
"29/05/2008",7.01,14.9
"30/05/2008",0.17,14.7
"31/05/2008",1.02,15.6
"1/06/2008",1.67,13.8
"2/06/2008",10.83,14.6
"3/06/2008",5.87,14
"4/06/2008",1.69,13.7
"5/06/2008",0.54,13.9
"6/06/2008",2.27,13.3
"7/06/2008",0.49,13.5
"8/06/2008",0.01,16
"9/06/2008",0.01,16.5
"10/06/2008",0.01,16.1
"11/06/2008",5.38,13.7
"12/06/2008",0.55,12.2
"13/06/2008",0.51,10.6
"14/06/2008",0.52,11.6
"15/06/2008",0.56,11.2
"16/06/2008",0.11,11.3
"17/06/2008",2.55,12.7
"18/06/2008",5.86,13.7
"19/06/2008",0.18,14.5
"20/06/2008",3.08,14
"21/06/2008",7.84,13.4
"22/06/2008",1.12,14.4
"23/06/2008",0.01,14.4
"24/06/2008",0.97,14.1
"25/06/2008",0.58,16
"26/06/2008",7.62,13.8
"27/06/2008",1.92,14.5
"28/06/2008",0.33,16.6
"29/06/2008",1.26,14.7
"30/06/2008",0.02,15.1
"1/07/2008",2.63,18
"2/07/2008",3.63,14.8
"3/07/2008",1.36,15.5
"4/07/2008",3.91,14.2
"5/07/2008",7.94,16.8
"6/07/2008",11.19,15.6
"7/07/2008",5.27,14.6
"8/07/2008",7.8,14
"9/07/2008",17.47,13.8
"10/07/2008",2.93,16.2
"11/07/2008",6.33,14.9
"12/07/2008",0.58,12.7
"13/07/2008",0.05,13.5
"14/07/2008",0.06,14.9
"15/07/2008",0.05,18.5
"16/07/2008",1.47,15.2
"17/07/2008",1.28,14.5
"18/07/2008",2.9,15.3
"19/07/2008",1.45,16
"20/07/2008",0.28,12.8
"21/07/2008",0.01,13.2
"22/07/2008",0.02,15.6
"23/07/2008",0.04,18.9
"24/07/2008",0.27,19
"25/07/2008",0.2,19.8
"26/07/2008",0.02,18.9
"27/07/2008",0.28,19.8
"28/07/2008",8.77,21.1
"29/07/2008",3.37,18.7
"30/07/2008",1.17,18.6
"31/07/2008",13.03,18.7
"1/08/2008",2.6,17.1
"2/08/2008",2.84,17.6
"3/08/2008",3.63,16.5
"4/08/2008",3.32,15.7
"5/08/2008",5.1,15.3
"6/08/2008",5.18,18.6
"7/08/2008",4.71,18.3
"8/08/2008",1.41,15.9
"9/08/2008",10.36,14.7
"10/08/2008",1.54,16.6
"11/08/2008",14.38,15.8
"12/08/2008",7.91,15.5
"13/08/2008",5.21,13.9
"14/08/2008",2.56,14.3
"15/08/2008",0.67,13.7
"16/08/2008",10.8,15.7
"17/08/2008",5.12,15.4
"18/08/2008",5.42,15.8
"19/08/2008",2.42,15.8
"20/08/2008",5.77,16.5
"21/08/2008",2.77,16.7
"22/08/2008",0.8,14.4
"23/08/2008",4.74,14.3
"24/08/2008",0.58,16.4
"25/08/2008",0.71,16.2
"26/08/2008",0.3,16.8
"27/08/2008",0.23,16.7
"28/08/2008",0.1,17.7
"29/08/2008",0.01,18.7
"30/08/2008",0.95,19.8
"31/08/2008",4.38,15.8
"1/09/2008",9.37,14.7
"2/09/2008",4.89,13.7
"3/09/2008",6.75,13.2
"4/09/2008",10.18,13.2
"5/09/2008",24.52,13.3
"6/09/2008",10.52,14.5
"7/09/2008",1.63,15.1
"8/09/2008",4.14,14.3
"9/09/2008",4.82,15
"10/09/2008",2.06,15.1
"11/09/2008",0.98,16.2
"12/09/2008",5.58,13.8
"13/09/2008",0.13,15.2
"14/09/2008",1.07,13.4
"15/09/2008",1.35,13
"16/09/2008",1.49,12
"17/09/2008",0.08,13.3
"18/09/2008",0.19,12.8
"19/09/2008",0.05,13.8
"20/09/2008",0.05,13.6
"21/09/2008",0.13,12.7
"22/09/2008",1.2,13.2
"23/09/2008",0.63,12.5
"24/09/2008",0.33,13.7
"25/09/2008",0.09,14.4
"26/09/2008",0.16,12.8
"27/09/2008",0.24,12.1
"28/09/2008",0.18,11.3
"29/09/2008",3.73,11.3
"30/09/2008",7.04,12.4
"1/10/2008",3.25,11.4
"2/10/2008",3.27,8.9
"3/10/2008",0.79,7.8
"4/10/2008",19.93,8.5
"5/10/2008",3.86,10.6
"6/10/2008",3.1,8.7
"7/10/2008",4.04,13.1
"8/10/2008",0.17,11.6
"9/10/2008",0.93,10.1
"10/10/2008",1.84,13.4
"11/10/2008",0.73,13.9
"12/10/2008",0.13,13.8
"13/10/2008",0.49,13.7
"14/10/2008",4.94,12.1
"15/10/2008",1.87,12.6
"16/10/2008",0.32,9.9
"17/10/2008",0.49,9
"18/10/2008",0.5,10.3
"19/10/2008",2.19,11.2
"20/10/2008",10.91,13
"21/10/2008",1,8.8
"22/10/2008",0.35,8.4
"23/10/2008",4.27,10.2
"24/10/2008",0.2,10.5
"25/10/2008",12.02,8.9
"26/10/2008",2.95,10.2
"27/10/2008",2.32,6.5
"28/10/2008",4.39,3.5
"29/10/2008",4.69,1.6
"30/10/2008",3.72,4
"31/10/2008",1.52,4.2
"1/11/2008",13.89,4.5
"2/11/2008",0.93,6.2
"3/11/2008",0.94,8.4
"4/11/2008",0.33,9.6
"5/11/2008",1.18,9.4
"6/11/2008",3.1,9.1
"7/11/2008",3.82,10.1
"8/11/2008",9.58,10
"9/11/2008",13.09,7.2
"10/11/2008",11.79,6.8
"11/11/2008",0.68,8.1
"12/11/2008",0.59,7.9
"13/11/2008",4.24,7.7
"14/11/2008",0.52,10.2
"15/11/2008",0.88,11
"16/11/2008",1.08,10.5
"17/11/2008",3.68,5.9
"18/11/2008",0.11,7.9
"19/11/2008",0.16,9.1
"20/11/2008",0.68,10.1
"21/11/2008",1.31,7.8
"22/11/2008",2.5,3.6
"23/11/2008",7.01,2.8
"24/11/2008",1.75,4.2
"25/11/2008",0.27,4.4
"26/11/2008",0.37,5.1
"27/11/2008",4.1,8.2
"28/11/2008",1.77,3.7
"29/11/2008",1.19,0.5
"30/11/2008",2.46,0.6
"1/12/2008",1.56,0.7
"2/12/2008",2.53,0.6
"3/12/2008",8.96,1.8
"4/12/2008",4.83,3.2
"5/12/2008",2.95,3.9
"6/12/2008",0.14,3.4
"7/12/2008",0.47,1.4
"8/12/2008",4.56,1.8
"9/12/2008",0.81,2.5
"10/12/2008",0.88,1.7
"11/12/2008",0.97,1.4
"12/12/2008",14.61,3.1
"13/12/2008",10.97,3.4
"14/12/2008",0.31,2.7
"15/12/2008",0.3,2.5
"16/12/2008",2.04,4.1
"17/12/2008",0.32,5.4
"18/12/2008",1.45,6.7
"19/12/2008",2.14,7
"20/12/2008",0.79,7.8
"21/12/2008",0.42,9.8
"22/12/2008",0.17,10.2
"23/12/2008",0.09,7.5
"24/12/2008",0.01,6.2
"25/12/2008",0.01,5.7
"26/12/2008",0.01,3.4
"27/12/2008",0.12,1.3
"28/12/2008",0.14,1.9
"29/12/2008",0,1
"30/12/2008",0.05,-0.3
"31/12/2008",0.01,-2.5
"1/01/2009",0.48,-0.9
"2/01/2009",0.18,1.1
"3/01/2009",0.01,-0.6
"4/01/2009",1.35,-1
"5/01/2009",0.4,0.1
"6/01/2009",0.32,-3
"7/01/2009",0.51,-2.6
"8/01/2009",0.03,2.3
"9/01/2009",0.07,0.6
"10/01/2009",0.64,0.3
"11/01/2009",6.12,3.3
"12/01/2009",5.52,7.5
"13/01/2009",1.41,7
"14/01/2009",1.48,3
"15/01/2009",3.03,3.6
"16/01/2009",5,7.1
"17/01/2009",10.53,7.1
"18/01/2009",9.47,4.6
"19/01/2009",2.91,4.1
"20/01/2009",1.11,3.4
"21/01/2009",10.48,4.4
"22/01/2009",11.77,4.8
"23/01/2009",1.72,4.7
"24/01/2009",6.8,3.4
"25/01/2009",2.84,4.4
"26/01/2009",0.23,5.2
"27/01/2009",8.35,3.1
"28/01/2009",0.96,4.3
"29/01/2009",1.64,4.5
"30/01/2009",1.04,3.9
"31/01/2009",0.01,4.1
"1/02/2009",0.85,1.6
"2/02/2009",7.31,-1
"3/02/2009",2.58,-0.8
"4/02/2009",4.31,0.3
"5/02/2009",5.28,0
"6/02/2009",2.66,0.6
"7/02/2009",0.97,0.3
"8/02/2009",4.6,0.5
"9/02/2009",21.16,1.1
"10/02/2009",0.76,2.7
"11/02/2009",0.99,2.6
"12/02/2009",4.07,1.3
"13/02/2009",0.49,2.3
"14/02/2009",0.26,2.7
"15/02/2009",0.24,4.2
"16/02/2009",0.16,7.1
"17/02/2009",0.52,7.7
"18/02/2009",1.09,7.6
"19/02/2009",0.48,7
"20/02/2009",0.3,5.4
"21/02/2009",0.06,6.9
"22/02/2009",0.62,7.8
"23/02/2009",0.2,8.2
"24/02/2009",0.2,7.9
"25/02/2009",0.04,8.2
"26/02/2009",0.48,6.8
"27/02/2009",0.11,8.6
"28/02/2009",0.12,7.7
"1/03/2009",0.15,6.8
"2/03/2009",0.73,5.9
"3/03/2009",13.14,7.3
"4/03/2009",2.06,3.4
"5/03/2009",0.58,2.7
"6/03/2009",0.4,4.1
"7/03/2009",2.59,7.4
"8/03/2009",3.54,6.3
"9/03/2009",5.97,5.8
"10/03/2009",0.55,8
"11/03/2009",0.84,6.5
"12/03/2009",0.33,8.5
"13/03/2009",0.46,7.1
"14/03/2009",0.01,9.1
"15/03/2009",0.04,8.3
"16/03/2009",0.07,8.2
"17/03/2009",0.03,8.8
"18/03/2009",0.08,8.4
"19/03/2009",0.05,7.6
"20/03/2009",0.05,7.3
"21/03/2009",0,7.2
"22/03/2009",0.05,8.1
"23/03/2009",1.85,8.5
"24/03/2009",2.39,6.6
"25/03/2009",2.6,8.3
"26/03/2009",1.42,9.1
"27/03/2009",2.94,6.6
"28/03/2009",1.41,5.6
"29/03/2009",0.1,4.2
"30/03/2009",0.06,6.3
"31/03/2009",0.02,10
"1/04/2009",0.04,9.7
"2/04/2009",0.07,9.3
"3/04/2009",1.18,8.9
"4/04/2009",0.07,9.1
"5/04/2009",0.05,7.3
"6/04/2009",1.95,9.8
"7/04/2009",4.04,10
"8/04/2009",1.55,10.3
"9/04/2009",1.66,9.9
"10/04/2009",2.85,11.4
"11/04/2009",0.91,9.3
"12/04/2009",0.09,9
"13/04/2009",1.21,10.3
"14/04/2009",2.69,10.4
"15/04/2009",1.89,12.6
"16/04/2009",3.3,10.3
"17/04/2009",1.43,9.9
"18/04/2009",0.02,8.8
"19/04/2009",0.03,9.8
"20/04/2009",0.04,10.5
"21/04/2009",0.02,10
"22/04/2009",0.02,9.9
"23/04/2009",0.05,12.2
"24/04/2009",1.46,13.2
"25/04/2009",1.19,11.3
"26/04/2009",5.86,9.3
"27/04/2009",5.75,8.1
"28/04/2009",5.73,7.6
"29/04/2009",1.7,9.3
"30/04/2009",1.14,11.8
"1/05/2009",0.96,13.2
"2/05/2009",1.18,11
"3/05/2009",0.51,9.7
"4/05/2009",1.01,8.4
"5/05/2009",0.9,12.2
"6/05/2009",0.97,13.3
"7/05/2009",1.34,11.8
"8/05/2009",0.97,10.4
"9/05/2009",0.46,10
"10/05/2009",0.27,9.9
"11/05/2009",0.01,10
"12/05/2009",0.28,10.2
"13/05/2009",1.74,11
"14/05/2009",9.76,12.2
"15/05/2009",6.61,11.9
"16/05/2009",3.88,10.5
"17/05/2009",5.19,9.8
"18/05/2009",2.93,11.6
"19/05/2009",2.29,11.6
"20/05/2009",2.81,12.4
"21/05/2009",0.72,12.1
"22/05/2009",0.33,11.3
"23/05/2009",0.03,13.5
"24/05/2009",0.29,13.7
"25/05/2009",5.16,14.5
"26/05/2009",2.48,12.3
"27/05/2009",2.01,12.5
"28/05/2009",0.07,15.1
"29/05/2009",0.01,16.6
"30/05/2009",0,14.9
"31/05/2009",0,16.1
"1/06/2009",0,17.1
"2/06/2009",0,16.7
"3/06/2009",0,13.7
"4/06/2009",0.35,11
"5/06/2009",6.85,11.2
"6/06/2009",10.94,9.8
"7/06/2009",4.97,11.1
"8/06/2009",1.89,10.8
"9/06/2009",1.07,11.9
"10/06/2009",6.1,12.3
"11/06/2009",0.91,12.4
"12/06/2009",0.13,11.4
"13/06/2009",0.25,16.5
"14/06/2009",1.02,15.1
"15/06/2009",4.03,15
"16/06/2009",0.77,14.8
"17/06/2009",3.7,14.4
"18/06/2009",0.42,12.9
"19/06/2009",0.96,13.3
"20/06/2009",1.14,13.7
"21/06/2009",0.15,14.2
"22/06/2009",0.92,16.3
"23/06/2009",0.52,18.2
"24/06/2009",0.01,15.9
"25/06/2009",3.34,17.7
"26/06/2009",3.29,17.1
"27/06/2009",1.61,18.7
"28/06/2009",0.87,18.8
"29/06/2009",0.56,21.4
"30/06/2009",1.02,20.5
"1/07/2009",1.48,22.5
"2/07/2009",2.73,21.7
"3/07/2009",3.48,19.1
"4/07/2009",1.49,17.5
"5/07/2009",3.44,18.1
"6/07/2009",9.34,16.2
"7/07/2009",5.97,15.1
"8/07/2009",0.45,14.7
"9/07/2009",0.75,13.3
"10/07/2009",1.03,14
"11/07/2009",12.49,16.2
"12/07/2009",0.42,17
"13/07/2009",4.02,16
"14/07/2009",5.29,16.2
"15/07/2009",0.97,17.3
"16/07/2009",20.9,16.1
"17/07/2009",11,14.9
"18/07/2009",2.06,15.4
"19/07/2009",3.6,15
"20/07/2009",3.67,15.1
"21/07/2009",4.59,15.1
"22/07/2009",1.58,16.7
"23/07/2009",2.73,16.6
"24/07/2009",3.79,15.4
"25/07/2009",1.2,16.1
"26/07/2009",6.68,15.1
"27/07/2009",1.62,15.7
"28/07/2009",5.46,14.8
"29/07/2009",13.02,15.4
"30/07/2009",1.87,14.4
"31/07/2009",3.59,14.3
"1/08/2009",3.95,15.5
"2/08/2009",0.15,15
"3/08/2009",2.64,15.8
"4/08/2009",4.58,18.9
"5/08/2009",1.53,19.6
"6/08/2009",10.85,16.7
"7/08/2009",0.08,16.9
"8/08/2009",0.03,15.6
"9/08/2009",1.69,17.2
"10/08/2009",0.7,16.5
"11/08/2009",1.78,18.2
"12/08/2009",2.01,17.6
"13/08/2009",0.04,16.6
"14/08/2009",1.4,15.6
"15/08/2009",0.84,18.7
"16/08/2009",0.7,16.5
"17/08/2009",0.26,16.6
"18/08/2009",0.33,16.5
"19/08/2009",1.95,19.8
"20/08/2009",1.74,18.1
"21/08/2009",1.62,14.5
"22/08/2009",0.31,14.8
"23/08/2009",3.82,18.6
"24/08/2009",1.64,16.6
"25/08/2009",3.31,14.5
"26/08/2009",2.4,15.7
"27/08/2009",1.28,17.2
"28/08/2009",2.4,14
"29/08/2009",0.29,13.7
"30/08/2009",2.19,14.2
"31/08/2009",4,18.8
"1/09/2009",4.4,15.6
"2/09/2009",16.01,14.3
"3/09/2009",3.5,14.2
"4/09/2009",1.07,13
"5/09/2009",0.1,13.2
"6/09/2009",1.28,14.6
"7/09/2009",0.14,16.4
"8/09/2009",1.08,19.7
"9/09/2009",0.04,14.7
"10/09/2009",0.03,12.5
"11/09/2009",0.01,13.5
"12/09/2009",0.06,14.5
"13/09/2009",0.03,12.8
"14/09/2009",0.69,14.3
"15/09/2009",3.3,14.4
"16/09/2009",0.02,14.3
"17/09/2009",0,12.7
"18/09/2009",0.01,14.4
"19/09/2009",0.24,15.7
"20/09/2009",0.06,14.2
"21/09/2009",0.43,12.8
"22/09/2009",0.28,15.3
"23/09/2009",0.2,14.4
"24/09/2009",0.04,12.5
"25/09/2009",0.02,12.1
"26/09/2009",0.05,13.4
"27/09/2009",0.06,13.2
"28/09/2009",0.08,14.3
"29/09/2009",0.58,14.9
"30/09/2009",0.17,15.8
"1/10/2009",0.4,13.1
"2/10/2009",0.93,11.5
"3/10/2009",1.38,13.7
"4/10/2009",1.1,11.3
"5/10/2009",5.71,11.6
"6/10/2009",10.38,13.9
"7/10/2009",8.66,9.6
"8/10/2009",0.06,8.9
"9/10/2009",4.15,9.1
"10/10/2009",0.34,13
"11/10/2009",0.98,13.1
"12/10/2009",0.09,10.1
"13/10/2009",0.48,8.7
"14/10/2009",0.52,10.9
"15/10/2009",0.53,12.1
"16/10/2009",0.08,11.6
"17/10/2009",0.06,8.8
"18/10/2009",1.24,6.6
"19/10/2009",0.96,9.2
"20/10/2009",7.39,9.1
"21/10/2009",5.37,11
"22/10/2009",2.13,12
"23/10/2009",3.75,12.6
"24/10/2009",2.89,14.3
"25/10/2009",0.64,12.8
"26/10/2009",1.41,12.6
"27/10/2009",0.84,13.2
"28/10/2009",0.14,14.2
"29/10/2009",0.09,12.4
"30/10/2009",5.73,13
"31/10/2009",9.51,14.2
"1/11/2009",12.86,13.3
"2/11/2009",5.91,8.7
"3/11/2009",5.77,9.7
"4/11/2009",4.04,8.6
"5/11/2009",1.62,7.8
"6/11/2009",4.85,8
"7/11/2009",6.2,7
"8/11/2009",0.57,7.3
"9/11/2009",2.2,5.1
"10/11/2009",1.11,4.9
"11/11/2009",3.49,6.9
"12/11/2009",12.39,9.4
"13/11/2009",17.35,11
"14/11/2009",6.99,10.3
"15/11/2009",5.6,9.4
"16/11/2009",3.64,10.1
"17/11/2009",6.8,9.9
"18/11/2009",2.33,11
"19/11/2009",6.24,12.1
"20/11/2009",1.43,12.8
"21/11/2009",10.82,10.6
"22/11/2009",9.81,8.6
"23/11/2009",5.53,9.8
"24/11/2009",9.69,10.3
"25/11/2009",4.47,8.4
"26/11/2009",4.32,7.2
"27/11/2009",7.2,6.2
"28/11/2009",13.18,5.2
"29/11/2009",14.33,5.2
"30/11/2009",1.33,4.5
"1/12/2009",4.48,2.6
"2/12/2009",7.48,4.2
"3/12/2009",2.13,6.5
"4/12/2009",5.98,5.3
"5/12/2009",13.36,7.4
"6/12/2009",3.7,8.6
"7/12/2009",5.96,8.1
"8/12/2009",3.24,7.5
"9/12/2009",2.57,8.5
"10/12/2009",0.2,7.6
"11/12/2009",0.55,3.1
"12/12/2009",0.74,4.5
"13/12/2009",1.52,3.7
"14/12/2009",3.35,3.5
"15/12/2009",1.23,2.7
"16/12/2009",4.41,2.4
"17/12/2009",1.52,1.9
"18/12/2009",1.15,-0.9
"19/12/2009",2.59,-2
"20/12/2009",1.02,-1.8
"21/12/2009",3.34,-0.8
"22/12/2009",1.18,-1.4
"23/12/2009",6.7,-0.3
"24/12/2009",2.02,-0.4
"25/12/2009",3.41,2.3
"26/12/2009",3.34,3.1
"27/12/2009",1.13,4.1
"28/12/2009",1.9,0.6
"29/12/2009",14.1,1
"30/12/2009",4.23,2.3
"31/12/2009",0.56,2.3
"1/01/2010",1.06,-0.5
"2/01/2010",1.7,0.3
"3/01/2010",0.26,-0.6
"4/01/2010",1.05,-3.4
"5/01/2010",4.06,-2.7
"6/01/2010",1.59,-0.5
"7/01/2010",0.75,-4.6
"8/01/2010",0.48,-3.7
"9/01/2010",1.13,-2.1
"10/01/2010",2.81,-1.2
"11/01/2010",0.95,0.7
"12/01/2010",3.66,0.7
"13/01/2010",2.8,0.2
"14/01/2010",3.11,1
"15/01/2010",9.67,3.2
"16/01/2010",7.21,4.6
"17/01/2010",0.3,5.4
"18/01/2010",0.17,5.4
"19/01/2010",3.46,5.5
"20/01/2010",1.71,3.2
"21/01/2010",8.2,4.2
"22/01/2010",7.93,4.4
"23/01/2010",0.38,4
"24/01/2010",2.17,2.8
"25/01/2010",0.14,2.7
"26/01/2010",0.05,2.1
"27/01/2010",0.95,3.1
"28/01/2010",5.97,4
"29/01/2010",0.72,4
"30/01/2010",0.38,0.5
"31/01/2010",0.49,0.3
"1/02/2010",2.28,1.9
"2/02/2010",4.14,3.9
"3/02/2010",3.49,2.5
"4/02/2010",4.29,3.9
"5/02/2010",2.13,6.7
"6/02/2010",0.29,3.4
"7/02/2010",0.83,2.6
"8/02/2010",0.96,1.6
"9/02/2010",1.24,2.5
"10/02/2010",0.44,1.6
"11/02/2010",0.75,0.4
"12/02/2010",0.46,2
"13/02/2010",1,2.3
"14/02/2010",0.97,2.2
"15/02/2010",4.37,2.2
"16/02/2010",5.09,3
"17/02/2010",1.65,1.2
"18/02/2010",5.11,0.7
"19/02/2010",1.3,1.8
"20/02/2010",2.44,1.3
"21/02/2010",7.42,1.7
"22/02/2010",1.91,1.1
"23/02/2010",4.59,2.2
"24/02/2010",2.74,4.4
"25/02/2010",8.51,6.2
"26/02/2010",6.98,5.3
"27/02/2010",8.84,4.9
"28/02/2010",2.98,4.2
"1/03/2010",0.14,3.8
"2/03/2010",0.07,3.5
"3/03/2010",0.02,3.1
"4/03/2010",0.06,3.4
"5/03/2010",0.33,2.2
"6/03/2010",0.1,3.5
"7/03/2010",0.02,0
"8/03/2010",0.03,0.7
"9/03/2010",0.06,3.9
"10/03/2010",0.02,4.6
"11/03/2010",0.78,2.7
"12/03/2010",1.13,4.4
"13/03/2010",0.01,4.6
"14/03/2010",0.49,6.7
"15/03/2010",0.08,6.7
"16/03/2010",0.18,6.5
"17/03/2010",0.01,8.6
"18/03/2010",1.63,11.3
"19/03/2010",10.49,9.4
"20/03/2010",3.78,9.9
"21/03/2010",0.38,7.3
"22/03/2010",2.02,8.5
"23/03/2010",3.72,6
"24/03/2010",6.28,9.7
"25/03/2010",8.28,11.2
"26/03/2010",1.49,9
"27/03/2010",0.52,8.9
"28/03/2010",3.86,8
"29/03/2010",10.95,8.3
"30/03/2010",12.05,9.6
"31/03/2010",2.04,4.1
"1/04/2010",3.66,4.5
"2/04/2010",5.46,5.9
"3/04/2010",4.99,6.9
"4/04/2010",1.58,6.5
"5/04/2010",0.16,7.5
"6/04/2010",1.56,10.7
"7/04/2010",0.43,8.4
"8/04/2010",0.01,8.1
"9/04/2010",0.02,9.6
"10/04/2010",0,10.8
"11/04/2010",0,9.5
"12/04/2010",0.06,8.7
"13/04/2010",0.01,7.8
"14/04/2010",0.01,8.9
"15/04/2010",0,7
"16/04/2010",0.05,7.9
"17/04/2010",0.03,7.8
"18/04/2010",0.6,8.1
"19/04/2010",0.17,8.8
"20/04/2010",0.02,7
"21/04/2010",0.01,5.3
"22/04/2010",0.01,6.2
"23/04/2010",0.01,8.3
"24/04/2010",1.46,11.1
"25/04/2010",1.44,13.3
"26/04/2010",0.07,12.4
"27/04/2010",0.06,11.4
"28/04/2010",0.25,14
"29/04/2010",4.79,12.1
"30/04/2010",3.16,9.8
"1/05/2010",7.49,11.1
"2/05/2010",2.66,7.6
"3/05/2010",0.41,6.7
"4/05/2010",0.09,6.6
"5/05/2010",1.65,9.4
"6/05/2010",1.66,10.4
"7/05/2010",1.22,9.1
"8/05/2010",1.16,8.4
"9/05/2010",0.36,8.3
"10/05/2010",0.46,6.8
"11/05/2010",0.53,6.2
"12/05/2010",0.47,5.6
"13/05/2010",1.41,6.3
"14/05/2010",0.44,8.3
"15/05/2010",0.5,10.1
"16/05/2010",2.29,9.4
"17/05/2010",0.29,10.3
"18/05/2010",0.44,10.5
"19/05/2010",0.09,13
"20/05/2010",0.04,16.1
"21/05/2010",0.05,17.2
"22/05/2010",0.01,17.2
"23/05/2010",0,18.1
"24/05/2010",0.13,17.1
"25/05/2010",0.01,13.5
"26/05/2010",3.07,10.9
"27/05/2010",1.11,9.7
"28/05/2010",1.76,10.7
"29/05/2010",4.43,10.7
"30/05/2010",0.28,13.2
"31/05/2010",3.81,11.8
"1/06/2010",2.94,11.8
"2/06/2010",0.04,14
"3/06/2010",0.01,14.7
"4/06/2010",0.11,16.4
"5/06/2010",3.17,17.6
"6/06/2010",3.71,16
"7/06/2010",9.65,14.4
"8/06/2010",5.27,14.3
"9/06/2010",2.8,14.7
"10/06/2010",3.39,14.2
"11/06/2010",0.02,13.5
"12/06/2010",0.23,13.5
"13/06/2010",5.24,14.3
"14/06/2010",0.19,13.7
"15/06/2010",0,11.5
"16/06/2010",0,13.3
"17/06/2010",0,14.6
"18/06/2010",1.16,13.9
"19/06/2010",0.25,11.2
"20/06/2010",0,12.5
"21/06/2010",0.01,16
"22/06/2010",0.01,17
"23/06/2010",0.09,16.7
"24/06/2010",0.03,17.3
"25/06/2010",0.01,16.6
"26/06/2010",0.18,19.6
"27/06/2010",0.02,18.7
"28/06/2010",3.91,18.2
"29/06/2010",0.11,18.5
"30/06/2010",0.11,18.2
"1/07/2010",5.83,18.3
"2/07/2010",0.27,18.7
"3/07/2010",0.05,17
"4/07/2010",0.48,15.8
"5/07/2010",0.03,16
"6/07/2010",0.72,15.1
"7/07/2010",0.67,17.6
"8/07/2010",0.3,17.9
"9/07/2010",1.52,19.1
"10/07/2010",1.48,19.9
"11/07/2010",1.4,18.2
"12/07/2010",3.3,16.4
"13/07/2010",4.99,14.9
"14/07/2010",8.01,17.1
"15/07/2010",6.41,16.6
"16/07/2010",2.72,15.7
"17/07/2010",1.13,15.1
"18/07/2010",1.11,15.5
"19/07/2010",4.68,19.7
"20/07/2010",9.13,19.3
"21/07/2010",3.06,17.7
"22/07/2010",3.02,16
"23/07/2010",0.1,15.8
"24/07/2010",0.54,15.6
"25/07/2010",0.6,18.7
"26/07/2010",0.55,18.3
"27/07/2010",1.2,18.6
"28/07/2010",0.32,15.9
"29/07/2010",0.05,15.5
"30/07/2010",3.83,15.7
"31/07/2010",0.44,17.7
"1/08/2010",0.51,16.1
"2/08/2010",0.37,16
"3/08/2010",3.25,15.4
"4/08/2010",3.2,15.1
"5/08/2010",0.26,14.7
"6/08/2010",2.35,14.7
"7/08/2010",1.4,17.2
"8/08/2010",0.16,16.9
"9/08/2010",5.32,15.8
"10/08/2010",3.06,15.2
"11/08/2010",0.55,14.7
"12/08/2010",3.48,15.5
"13/08/2010",8.49,14.3
"14/08/2010",2.76,15.1
"15/08/2010",0.04,17.1
"16/08/2010",2,16.2
"17/08/2010",0.88,16.9
"18/08/2010",0.87,14.4
"19/08/2010",6.87,15.3
"20/08/2010",3.26,18.3
"21/08/2010",2.89,18.9
"22/08/2010",18.76,17.5
"23/08/2010",5.61,15.5
"24/08/2010",1.26,13.7
"25/08/2010",21.33,13
"26/08/2010",5.28,14.3
"27/08/2010",0.61,13.5
"28/08/2010",1.02,13.7
"29/08/2010",1.27,14.1
"30/08/2010",0.06,11.9
"31/08/2010",0.03,12.2
"1/09/2010",0.04,13.2
"2/09/2010",0.04,14.7
"3/09/2010",0.05,14.8
"4/09/2010",0.73,14.5
"5/09/2010",1.16,15.5
"6/09/2010",16.67,16.1
"7/09/2010",3.31,15.5
"8/09/2010",1.39,14.8
"9/09/2010",3.47,15.3
"10/09/2010",5.21,16.5
"11/09/2010",0.92,17.7
"12/09/2010",0.57,14.3
"13/09/2010",3.95,13.4
"14/09/2010",3.39,16.2
"15/09/2010",0.96,12.1
"16/09/2010",0.66,13.4
"17/09/2010",0.15,10.6
"18/09/2010",3.37,10.7
"19/09/2010",2.41,13.1
"20/09/2010",0.2,15.7
"21/09/2010",0.09,14.9
"22/09/2010",6.62,15.6
"23/09/2010",8.21,15.9
"24/09/2010",0.93,11.2
"25/09/2010",0.52,8.1
"26/09/2010",2.75,9.1
"27/09/2010",0.74,11.7
"28/09/2010",5.28,13.7
"29/09/2010",8.16,14.3
"30/09/2010",4.96,11.3
"1/10/2010",14.02,13
"2/10/2010",15.49,11.7
"3/10/2010",6.79,12.8
"4/10/2010",0.99,12.6
"5/10/2010",8.29,13.9
"6/10/2010",0.42,13.9
"7/10/2010",0.21,11.9
"8/10/2010",0.18,15.5
"9/10/2010",0.03,14.5
"10/10/2010",0.06,15.4
"11/10/2010",0.03,12.4
"12/10/2010",0.02,10.1
"13/10/2010",0.08,8.7
"14/10/2010",0.16,8
"15/10/2010",1.89,10.2
"16/10/2010",0.29,9.2
"17/10/2010",0.33,6.8
"18/10/2010",1.9,8.5
"19/10/2010",4.16,9
"20/10/2010",0.79,4.9
"21/10/2010",0.6,6.5
"22/10/2010",8.55,8.8
"23/10/2010",2.61,8.9
"24/10/2010",0.36,5.5
"25/10/2010",2.7,4.5
"26/10/2010",6.23,7.4
"27/10/2010",1.54,11.4
"28/10/2010",0.89,11.9
"29/10/2010",1.8,12.6
"30/10/2010",1.69,10.3
"31/10/2010",1.13,9.7
"1/11/2010",1.67,10.2
"2/11/2010",4.96,11
"3/11/2010",3.63,12.8
"4/11/2010",3.57,13.6
"5/11/2010",7.16,13.6
"6/11/2010",2.85,8.2
"7/11/2010",7.56,5.2
"8/11/2010",10.93,4.5
"9/11/2010",2.43,5.9
"10/11/2010",6.06,5.5
"11/11/2010",4.89,6.7
"12/11/2010",3.91,9.9
"13/11/2010",2.74,7.5
"14/11/2010",3.09,4.9
"15/11/2010",1,3
"16/11/2010",4.54,3.5
"17/11/2010",4.98,3.1
"18/11/2010",2.57,7.1
"19/11/2010",2.24,6.1
"20/11/2010",1.52,5.2
"21/11/2010",1.56,4.8
"22/11/2010",1.61,5.4
"23/11/2010",1.42,5.1
"24/11/2010",1.19,1.6
"25/11/2010",1.26,0.3
"26/11/2010",1.36,-0.5
"27/11/2010",0.81,-1.6
"28/11/2010",0.78,-4
"29/11/2010",3.4,-2.5
"30/11/2010",1.79,-1
"1/12/2010",1.18,-2
"2/12/2010",0.66,-1.4
"3/12/2010",2.98,-2.6
"4/12/2010",3.6,-1.5
"5/12/2010",0.3,0.4
"6/12/2010",0.29,-3.8
"7/12/2010",0.31,-3.5
"8/12/2010",0.2,-2.7
"9/12/2010",0.27,0.4
"10/12/2010",0.08,3.8
"11/12/2010",0.06,6
"12/12/2010",0.3,0.8
"13/12/2010",0.62,1.4
"14/12/2010",0.62,1.8
"15/12/2010",1.43,3.3
"16/12/2010",3.74,4.2
"17/12/2010",0.72,-2.1
"18/12/2010",1.12,-3
"19/12/2010",0.54,-6.8
"20/12/2010",1.43,-7
"21/12/2010",0.77,-5.9
"22/12/2010",0.41,-2.1
"23/12/2010",0.22,-2.3
"24/12/2010",0.27,-2.8
"25/12/2010",0.09,-5.9
"26/12/2010",0.74,-3.6
"27/12/2010",8.33,-1.7
"28/12/2010",1.94,3.1
"29/12/2010",0.62,4.2
"30/12/2010",0.08,5.1
"31/12/2010",0.22,4.7
"1/01/2011",1.02,4.9
"2/01/2011",0.18,1.5
"3/01/2011",0.5,0.4
"4/01/2011",3.37,2.3
"5/01/2011",3.55,3.2
"6/01/2011",9.54,2.7
"7/01/2011",11.36,3.4
"8/01/2011",0.43,4
"9/01/2011",0.98,3.4
"10/01/2011",11.76,3.8
"11/01/2011",7.93,5.9
"12/01/2011",8.82,5.8
"13/01/2011",5.07,9.7
"14/01/2011",3.97,10.2
"15/01/2011",2.62,8.3
"16/01/2011",7.94,10.4
"17/01/2011",9.31,6.2
"18/01/2011",0.12,4.1
"19/01/2011",0.21,3.3
"20/01/2011",0.27,0.7
"21/01/2011",0.31,-0.4
"22/01/2011",0.2,0.8
"23/01/2011",0.19,3.1
"24/01/2011",0.54,4.8
"25/01/2011",2.57,5.4
"26/01/2011",0.81,5.2
"27/01/2011",0.09,1.4
"28/01/2011",0.02,0.6
"29/01/2011",0.07,-1.4
"30/01/2011",0.02,0.5
"31/01/2011",0.98,0.4
"1/02/2011",0.47,2.5
"2/02/2011",1.16,6
"3/02/2011",3.18,6.5
"4/02/2011",3.06,7.3
"5/02/2011",5.21,10.3
"6/02/2011",2.84,10.1
"7/02/2011",0.7,9.8
"8/02/2011",1.42,4.1
"9/02/2011",2.2,5.8
"10/02/2011",5.8,8.5
"11/02/2011",4.71,8.8
"12/02/2011",2.18,8
"13/02/2011",7.09,5.7
"14/02/2011",1.6,5.3
"15/02/2011",3.62,3.6
"16/02/2011",0.77,5.6
"17/02/2011",0.12,5.6
"18/02/2011",6.97,4.6
"19/02/2011",3.12,3.5
"20/02/2011",0.87,3.7
"21/02/2011",2.2,3.7
"22/02/2011",3.73,5.3
"23/02/2011",3.1,7.5
"24/02/2011",0.34,9.7
"25/02/2011",10.36,9.5
"26/02/2011",1.97,8
"27/02/2011",1.97,5.4
"28/02/2011",0.47,3.7
"1/03/2011",0.02,3.9
"2/03/2011",0.04,3.8
"3/03/2011",0.04,1.6
"4/03/2011",0.11,3.7
"5/03/2011",0.17,3.3
"6/03/2011",0.03,4
"7/03/2011",0.08,3.1
"8/03/2011",0.89,2.8
"9/03/2011",0.63,5.1
"10/03/2011",0.52,8.2
"11/03/2011",1.96,6.1
"12/03/2011",2.63,9.3
"13/03/2011",0.76,7.4
"14/03/2011",0.5,4.8
"15/03/2011",0.43,7.6
"16/03/2011",0.09,7.5
"17/03/2011",0.64,6.9
"18/03/2011",2.73,5.3
"19/03/2011",0.22,5.2
"20/03/2011",0.21,7.3
"21/03/2011",0.06,8.6
"22/03/2011",0.04,10.8
"23/03/2011",0.05,10
"24/03/2011",0.05,9.6
"25/03/2011",0.03,9.6
"26/03/2011",0.43,6.7
"27/03/2011",0.03,8.3
"28/03/2011",0.2,8
"29/03/2011",1.59,8
"30/03/2011",6.54,10.1
"31/03/2011",0.61,11.8
"1/04/2011",1.7,12.8
"2/04/2011",0.37,13.3
"3/04/2011",1.15,8.8
"4/04/2011",3.21,7.9
"5/04/2011",0.83,11.6
"6/04/2011",0.12,15.1
"7/04/2011",0.05,12
"8/04/2011",0.01,11.5
"9/04/2011",0.01,12.8
"10/04/2011",0.07,11.7
"11/04/2011",0.54,10.9
"12/04/2011",0.17,8.5
"13/04/2011",0.89,7.2
"14/04/2011",0.07,9.7
"15/04/2011",0.02,11.4
"16/04/2011",0.03,11.1
"17/04/2011",0.02,10.9
"18/04/2011",0.01,11.4
"19/04/2011",0,13.2
"20/04/2011",0.02,13.3
"21/04/2011",0.01,15.4
"22/04/2011",0.37,15.4
"23/04/2011",0.94,15.8
"24/04/2011",0,13.4
"25/04/2011",0.02,12.7
"26/04/2011",0.11,10.1
"27/04/2011",0.01,11
"28/04/2011",0.09,9
"29/04/2011",0.25,12.5
"30/04/2011",0.46,13.5
"1/05/2011",0.21,13.1
"2/05/2011",0.01,10.5
"3/05/2011",0.02,8.3
"4/05/2011",0.22,8.8
"5/05/2011",1.16,13.2
"6/05/2011",4.1,15.8
"7/05/2011",11.2,16.5
"8/05/2011",0.78,15.9
"9/05/2011",2.22,13.4
"10/05/2011",0.34,13.5
"11/05/2011",0.3,12.5
"12/05/2011",0.39,11.1
"13/05/2011",1.11,10.1
"14/05/2011",0.87,9.8
"15/05/2011",0.76,9.9
"16/05/2011",0.81,13.1
"17/05/2011",0.67,13.1
"18/05/2011",0.63,13.8
"19/05/2011",0.03,10.4
"20/05/2011",0.29,12
"21/05/2011",3.2,12.3
"22/05/2011",0.85,12
"23/05/2011",1.85,12.1
"24/05/2011",0.2,11.6
"25/05/2011",1.37,11.2
"26/05/2011",5.14,12.1
"27/05/2011",0.9,11.7
"28/05/2011",0.76,12.2
"29/05/2011",2.52,13.9
"30/05/2011",3.38,12.7
"31/05/2011",0.25,10.3
"1/06/2011",0.02,12.1
"2/06/2011",0.02,15.6
"3/06/2011",0,17.1
"4/06/2011",0.43,15.8
"5/06/2011",5.83,12.6
"6/06/2011",1,12
"7/06/2011",1.77,11.6
"8/06/2011",1.76,11.8
"9/06/2011",1.01,11.8
"10/06/2011",3.71,10
"11/06/2011",5.27,10.5
"12/06/2011",13.87,10
"13/06/2011",0.05,13.9
"14/06/2011",0.27,13.5
"15/06/2011",3.63,16.2
"16/06/2011",2.75,13.6
"17/06/2011",9.58,12
"18/06/2011",3.78,13.2
"19/06/2011",1.02,13.4
"20/06/2011",5.11,13.2
"21/06/2011",2.18,16
"22/06/2011",4.28,14.4
"23/06/2011",2.7,13.5
"24/06/2011",7.94,12.3
"25/06/2011",0.17,15.1
"26/06/2011",0.21,20.3
"27/06/2011",0.73,22
"28/06/2011",2.21,15
"29/06/2011",0.23,13
"30/06/2011",0.43,12.3
"1/07/2011",0,12.6
"2/07/2011",0,14.7
"3/07/2011",0,15.7
"4/07/2011",0.57,18.2
"5/07/2011",6.69,17.2
"6/07/2011",5.17,15.3
"7/07/2011",5.39,14.5
"8/07/2011",6.07,14.2
"9/07/2011",1.17,15.5
"10/07/2011",1.22,15.6
"11/07/2011",0.24,15.5
"12/07/2011",0.08,15.2
"13/07/2011",0.15,13.8
"14/07/2011",0.04,14.6
"15/07/2011",4.73,16.2
"16/07/2011",11.29,15.9
"17/07/2011",7.26,14.5
"18/07/2011",3.19,14.5
"19/07/2011",3.8,14.7
"20/07/2011",2.61,14.8
"21/07/2011",1.99,14.9
"22/07/2011",2.12,14.2
"23/07/2011",0.04,13.2
"24/07/2011",0.12,15
"25/07/2011",0.25,14.7
"26/07/2011",0.09,15.9
"27/07/2011",0.18,16.6
"28/07/2011",0.17,16.7
"29/07/2011",0.24,15.3
"30/07/2011",0.02,14.7
"31/07/2011",0.3,17.5
"1/08/2011",1.73,20.1
"2/08/2011",0.77,19.9
"3/08/2011",9.35,19.6
"4/08/2011",5.49,17.2
"5/08/2011",0.4,17.3
"6/08/2011",6.44,14.7
"7/08/2011",5.45,14.1
"8/08/2011",1.3,14.1
"9/08/2011",1.42,14.3
"10/08/2011",5.64,14.4
"11/08/2011",2.43,17.2
"12/08/2011",3.14,17.1
"13/08/2011",0.29,17
"14/08/2011",0.28,16.2
"15/08/2011",2.12,14.5
"16/08/2011",0.59,16.3
"17/08/2011",2.12,13.8
"18/08/2011",6.66,12.1
"19/08/2011",0.37,13.6
"20/08/2011",2.48,16.5
"21/08/2011",0.18,17.3
"22/08/2011",1.63,14.9
"23/08/2011",1.33,15.4
"24/08/2011",6.33,16
"25/08/2011",7.68,14.7
"26/08/2011",11.7,13
"27/08/2011",2.66,13.5
"28/08/2011",0.98,13.7
"29/08/2011",0.16,12.3
"30/08/2011",0.22,13.1
"31/08/2011",0.02,13.4
"1/09/2011",0.03,14.3
"2/09/2011",0.37,17.1
"3/09/2011",2.9,16.5
"4/09/2011",5.45,16
"5/09/2011",7.06,13.7
"6/09/2011",3.66,14.1
"7/09/2011",2.05,14
"8/09/2011",1.45,14.8
"9/09/2011",0.41,16.9
"10/09/2011",3.53,19.1
"11/09/2011",3.3,15.9
"12/09/2011",0.44,16.2
"13/09/2011",1.07,13.7
"14/09/2011",0.17,13.4
"15/09/2011",0.07,11.4
"16/09/2011",4.71,14.5
"17/09/2011",5.59,13.5
"18/09/2011",2.08,11.6
"19/09/2011",1.77,13
"20/09/2011",5.19,14.6
"21/09/2011",1.51,13.3
"22/09/2011",0.08,13.1
"23/09/2011",0.16,13.4
"24/09/2011",0.86,13.5
"25/09/2011",2.43,15.4
"26/09/2011",0.32,15.7
"27/09/2011",0.13,15.9
"28/09/2011",0.05,18.9
"29/09/2011",0.06,19.7
"30/09/2011",0.09,20
"1/10/2011",0.51,20.1
"2/10/2011",0.67,17.9
"3/10/2011",0.18,19.8
"4/10/2011",0.55,15
"5/10/2011",4.46,15.9
"6/10/2011",2.4,11.5
"7/10/2011",0.94,11.1
"8/10/2011",6.46,12
"9/10/2011",1.04,14.6
"10/10/2011",1.85,16.2
"11/10/2011",4.52,15.8
"12/10/2011",1.81,15
"13/10/2011",0.14,14.1
"14/10/2011",0.03,12.7
"15/10/2011",0.53,10
"16/10/2011",0.33,10.6
"17/10/2011",5.29,10.9
"18/10/2011",1.05,9
"19/10/2011",0.93,7.6
"20/10/2011",0.91,6.5
"21/10/2011",0.03,9
"22/10/2011",0.92,10.3
"23/10/2011",2.14,13.6
"24/10/2011",5.95,13.9
"25/10/2011",5.6,12.6
"26/10/2011",7.44,8.7
"27/10/2011",3.46,9.5
"28/10/2011",0.13,9.1
"29/10/2011",2.13,10.4
"30/10/2011",1.49,13.2
"31/10/2011",4.48,14.3
"1/11/2011",0.29,12
"2/11/2011",4.94,10.9
"3/11/2011",10.17,13.8
"4/11/2011",3.88,13.3
"5/11/2011",0.39,10.3
"6/11/2011",0.09,7.8
"7/11/2011",0.65,6.7
"8/11/2011",1.45,7.9
"9/11/2011",2.16,11.5
"10/11/2011",0.21,11.2
"11/11/2011",5.18,10.4
"12/11/2011",0.13,11.7
"13/11/2011",0.07,12.3
"14/11/2011",0.05,8.8
"15/11/2011",0.03,8.9
"16/11/2011",1.37,7.8
"17/11/2011",0.44,8.9
"18/11/2011",0.08,11.2
"19/11/2011",0.22,9.4
"20/11/2011",1.14,7.1
"21/11/2011",3.06,8.2
"22/11/2011",0.4,9.5
"23/11/2011",0.58,6.3
"24/11/2011",2.69,9.4
"25/11/2011",0.94,9.2
"26/11/2011",2.34,9.3
"27/11/2011",0.12,9.9
"28/11/2011",1.43,7.2
"29/11/2011",4.19,8.6
"30/11/2011",4.18,7.6
"1/12/2011",4.18,6.8
"2/12/2011",4.3,5.9
"3/12/2011",1.13,6.7
"4/12/2011",2.04,6.4
"5/12/2011",1.28,3.7
"6/12/2011",4.5,4.9
"7/12/2011",1.78,5.6
"8/12/2011",5.55,7.6
"9/12/2011",0.58,4.7
"10/12/2011",1.39,3
"11/12/2011",7.17,4.4
"12/12/2011",16.7,6.1
"13/12/2011",3.78,4.3
"14/12/2011",4.34,3.8
"15/12/2011",7.4,4.3
"16/12/2011",3.7,2.1
"17/12/2011",1.63,2.1
"18/12/2011",1.4,1.8
"19/12/2011",6.11,2.9
"20/12/2011",5.42,5.8
"21/12/2011",0.17,8.2
"22/12/2011",1.54,9.9
"23/12/2011",8.57,9.2
"24/12/2011",1.62,6.3
"25/12/2011",0.58,8.1
"26/12/2011",0.33,11
"27/12/2011",1.18,9.1
"28/12/2011",1.54,8.1
"29/12/2011",3.67,6.6
"30/12/2011",7.96,7.2
"31/12/2011",2.04,8.1
"1/01/2012",6.2,9.8
"2/01/2012",8.82,7
"3/01/2012",7.04,6.8
"4/01/2012",6.54,7.1
"5/01/2012",0.46,7
"6/01/2012",0.64,6.1
"7/01/2012",0.04,5.8
"8/01/2012",0.34,8.2
"9/01/2012",0.52,8.5
"10/01/2012",0.58,7.9
"11/01/2012",0.53,8.6
"12/01/2012",0.3,9.1
"13/01/2012",0.12,3.3
"14/01/2012",0.14,0.8
"15/01/2012",0.06,1.3
"16/01/2012",0.09,1.5
"17/01/2012",1.19,2.3
"18/01/2012",4.19,4.2
"19/01/2012",2.59,7
"20/01/2012",3.18,7.3
"21/01/2012",0.69,8.6
"22/01/2012",0.1,7.9
"23/01/2012",5.08,5.7
"24/01/2012",4.47,5.3
"25/01/2012",4.59,6.9
"26/01/2012",2.11,5.4
"27/01/2012",1.98,4.2
"28/01/2012",0.29,2.8
"29/01/2012",3.82,1.3
"30/01/2012",0.7,1.2
"31/01/2012",0.18,-0.1
"1/02/2012",0.02,0.5
"2/02/2012",0.03,-1.4
"3/02/2012",0.1,-2.4
"4/02/2012",11.9,-3
"5/02/2012",0.72,-0.4
"6/02/2012",0.5,2.2
"7/02/2012",0.08,0.8
"8/02/2012",0.1,-2.5
"9/02/2012",5.39,-1.3
"10/02/2012",0.58,-0.8
"11/02/2012",0.19,-2.8
"12/02/2012",0.42,-0.3
"13/02/2012",0.57,3.7
"14/02/2012",0.06,4.9
"15/02/2012",0.05,6.5
"16/02/2012",0.61,6.9
"17/02/2012",1.11,7.9
"18/02/2012",3.11,7.7
"19/02/2012",0.15,3
"20/02/2012",0.98,3.2
"21/02/2012",0.95,6.9
"22/02/2012",2.15,9.2
"23/02/2012",0.21,11.7
"24/02/2012",0.22,10.4
"25/02/2012",0.15,7.2
"26/02/2012",0.51,6.5
"27/02/2012",1.07,7.4
"28/02/2012",0.04,9.2
"29/02/2012",0.1,9.6
"1/03/2012",0.14,8
"2/03/2012",0.77,7.4
"3/03/2012",5.83,8.8
"4/03/2012",9.66,5.5
"5/03/2012",2.47,5.5
"6/03/2012",2.19,4.4
"7/03/2012",2.17,5.9
"8/03/2012",0.06,6.5
"9/03/2012",0.22,8.7
"10/03/2012",0.07,10.6
"11/03/2012",0.12,9.9
"12/03/2012",0.14,7.5
"13/03/2012",0.04,6.2
"14/03/2012",0.12,7.3
"15/03/2012",0.01,5.3
"16/03/2012",1.85,6.8
"17/03/2012",3.86,8.5
"18/03/2012",0.54,5.9
"19/03/2012",0.06,5.8
"20/03/2012",0.01,9
"21/03/2012",0.07,9.3
"22/03/2012",0.23,9.7
"23/03/2012",0.05,11.2
"24/03/2012",0.04,12.1
"25/03/2012",0.04,10.6
"26/03/2012",0.02,10.6
"27/03/2012",0.01,11.2
"28/03/2012",0,11.1
"29/03/2012",0.01,10.1
"30/03/2012",0.04,9.4
"31/03/2012",0.03,7.7
"1/04/2012",0.03,5.5
"2/04/2012",1.05,7.1
"3/04/2012",10.31,8.3
"4/04/2012",3.53,4.2
"5/04/2012",0.05,5.5
"6/04/2012",1,3.8
"7/04/2012",0.95,7.9
"8/04/2012",3.86,9.1
"9/04/2012",8.28,8.4
"10/04/2012",1.95,7
"11/04/2012",2.76,7.3
"12/04/2012",2.32,7.4
"13/04/2012",1.7,6.3
"14/04/2012",0.89,6.5
"15/04/2012",0.22,4.3
"16/04/2012",5.39,4.7
"17/04/2012",5.36,8.6
"18/04/2012",9.56,6.7
"19/04/2012",3.92,7.9
"20/04/2012",4.81,7.4
"21/04/2012",3.24,6.9
"22/04/2012",4.93,8.3
"23/04/2012",5.48,7.6
"24/04/2012",9.31,8.1
"25/04/2012",14.59,8
"26/04/2012",6.13,9.1
"27/04/2012",4.04,8.9
"28/04/2012",12.66,6.9
"29/04/2012",12.87,8.1
"30/04/2012",8.7,10.8
"1/05/2012",1.09,10.9
"2/05/2012",5.09,11.2
"3/05/2012",1.99,7.5
"4/05/2012",0.91,7.4
"5/05/2012",0.35,5.6
"6/05/2012",0.98,6.7
"7/05/2012",8.24,7.8
"8/05/2012",1.92,11.7
"9/05/2012",14.05,10.9
"10/05/2012",4.89,13.4
"11/05/2012",1.01,10.4
"12/05/2012",0.01,7.9
"13/05/2012",1.7,9.2
"14/05/2012",3.51,9.6
"15/05/2012",1.48,7.7
"16/05/2012",0.2,6.9
"17/05/2012",0.77,9
"18/05/2012",3.18,10.9
"19/05/2012",0.18,10.6
"20/05/2012",0.02,9.1
"21/05/2012",0.02,11.6
"22/05/2012",0.01,14.5
"23/05/2012",0.01,16.1
"24/05/2012",0.02,17.9
"25/05/2012",0,18.3
"26/05/2012",0.25,18.4
"27/05/2012",0.02,17.8
"28/05/2012",0.16,17.9
"29/05/2012",0.17,15.5
"30/05/2012",2.2,16.1
"31/05/2012",2.95,14.2
"1/06/2012",0.39,15.2
"2/06/2012",10.31,13.3
"3/06/2012",9.18,9.7
"4/06/2012",0.74,10.3
"5/06/2012",7.56,10.1
"6/06/2012",5.97,14.4
"7/06/2012",17.22,13.3
"8/06/2012",6.36,12.5
"9/06/2012",1.91,12.9
"10/06/2012",8.71,11.8
"11/06/2012",9.12,11.9
"12/06/2012",1.27,11.7
"13/06/2012",1.3,10.9
"14/06/2012",11.67,11.8
"15/06/2012",6.31,13.6
"16/06/2012",3.7,13.2
"17/06/2012",2.83,13.8
"18/06/2012",0.53,13.5
"19/06/2012",0.14,13.9
"20/06/2012",8.59,14
"21/06/2012",11.8,14.2
"22/06/2012",5.77,12.6
"23/06/2012",11.89,13.2
"24/06/2012",1.68,13.7
"25/06/2012",0.39,14.7
"26/06/2012",1.4,15.8
"27/06/2012",1.33,18.6
"28/06/2012",7.59,19.8
"29/06/2012",2.08,15.9
"30/06/2012",2.34,15.6
"1/07/2012",2.57,13
"2/07/2012",6.44,14.2
"3/07/2012",6.8,15.7
"4/07/2012",4.68,18.2
"5/07/2012",7.56,17.8
"6/07/2012",18.16,16
"7/07/2012",8.03,15.1
"8/07/2012",2.79,15.9
"9/07/2012",2.69,15
"10/07/2012",6.47,14.4
"11/07/2012",5.56,13.6
"12/07/2012",10.16,13.1
"13/07/2012",6.69,14.9
"14/07/2012",3.06,14
"15/07/2012",1.8,13.4
"16/07/2012",4.09,15
"17/07/2012",3.82,16.5
"18/07/2012",5.3,16.6
"19/07/2012",1.78,14.9
"20/07/2012",1.62,13.5
"21/07/2012",0.03,13.8
"22/07/2012",0.13,17.2
"23/07/2012",0.24,19
"24/07/2012",0.41,19.5
"25/07/2012",0.12,19.2
"26/07/2012",0.29,19.5
"27/07/2012",0.19,17.3
"28/07/2012",0.8,14.4
"29/07/2012",2.59,13.4
"30/07/2012",3.7,13.1
"31/07/2012",2.11,13.8
"1/08/2012",2.27,17.1
"2/08/2012",3.39,16.5
"3/08/2012",2.19,15.9
"4/08/2012",4.18,17
"5/08/2012",6.01,15.5
"6/08/2012",4.08,15.6
"7/08/2012",1.93,14.3
"8/08/2012",0.16,17
"9/08/2012",0.03,16.7
"10/08/2012",0.02,17.6
"11/08/2012",0.83,17.1
"12/08/2012",1.08,18.3
"13/08/2012",2.75,18
"14/08/2012",1.27,19.1
"15/08/2012",10.69,18.6
"16/08/2012",3.53,17.6
"17/08/2012",4.88,19.6
"18/08/2012",0.31,20.3
"19/08/2012",2.45,19.7
"20/08/2012",0.19,18.1
"21/08/2012",2.89,16.8
"22/08/2012",0.65,15.7
"23/08/2012",1.56,15.2
"24/08/2012",6.06,15.3
"25/08/2012",7.49,16.7
"26/08/2012",1.35,15.6
"27/08/2012",6.99,14.4
"28/08/2012",3.16,16.4
"29/08/2012",9.53,15
"30/08/2012",2.08,13.6
"31/08/2012",0.23,10.9
"1/09/2012",0.58,16.1
"2/09/2012",0.23,16
"3/09/2012",0.19,16.1
"4/09/2012",0.02,16.3
"5/09/2012",0.02,13.9
"6/09/2012",0.37,12.9
"7/09/2012",0.08,16.1
"8/09/2012",0.08,16.7
"9/09/2012",1.05,15.8
"10/09/2012",4.03,16.8
"11/09/2012",0.77,13.4
"12/09/2012",3.95,11.8
"13/09/2012",0.58,11
"14/09/2012",0.14,14.2
"15/09/2012",0.15,13.6
"16/09/2012",1.71,14.3
"17/09/2012",1.4,12.9
"18/09/2012",0.74,11.6
"19/09/2012",1.1,10.7
"20/09/2012",3.53,11.6
"21/09/2012",1.57,11.8
"22/09/2012",1.08,8.3
"23/09/2012",28.5,9
"24/09/2012",18.55,10.9
"25/09/2012",10.58,11
"26/09/2012",4.23,11.9
"27/09/2012",1.39,11.4
"28/09/2012",1.12,11.5
"29/09/2012",0.62,11.1
"30/09/2012",4.49,11.3
"1/10/2012",2.34,13.1
"2/10/2012",7.42,12.6
"3/10/2012",2.99,11.4
"4/10/2012",9.73,9.8
"5/10/2012",13.3,10.7
"6/10/2012",0.11,10
"7/10/2012",1.86,8.1
"8/10/2012",2.61,9.7
"9/10/2012",2.15,9.7
"10/10/2012",2.36,9.8
"11/10/2012",17.43,10.9
"12/10/2012",2.06,11
"13/10/2012",1.65,7.6
"14/10/2012",1.68,6.5
"15/10/2012",6.68,7.3
"16/10/2012",8.67,10.2
"17/10/2012",7.48,10.7
"18/10/2012",1.79,12.6
"19/10/2012",2.95,10.7
"20/10/2012",2.73,10.8
"21/10/2012",1.77,9.8
"22/10/2012",0.92,10.5
"23/10/2012",0.25,12.2
"24/10/2012",0.45,12.8
"25/10/2012",0.72,10.7
"26/10/2012",1.33,6.6
"27/10/2012",2.53,4.2
"28/10/2012",5.23,5.4
"29/10/2012",1.68,8.8
"30/10/2012",0.89,6.6
"31/10/2012",13.96,8.1
"1/11/2012",3.41,6.2
"2/11/2012",3.39,6
"3/11/2012",8.16,5.5
"4/11/2012",5.19,3.8
"5/11/2012",0.69,4.8
"6/11/2012",1.07,4.9
"7/11/2012",0.3,7.7
"8/11/2012",0.13,9.2
"9/11/2012",4.9,8.8
"10/11/2012",1.5,8.1
"11/11/2012",1.45,6
"12/11/2012",2.89,8.1
"13/11/2012",0.22,10.6
"14/11/2012",0.22,11.5
"15/11/2012",0.04,7.2
"16/11/2012",5.02,7.2
"17/11/2012",0.36,8.1
"18/11/2012",1.05,5.1
"19/11/2012",3.56,7.8
"20/11/2012",13.98,10.7
"21/11/2012",8.04,9.4
"22/11/2012",16.3,8.9
"23/11/2012",1.08,7.1
"24/11/2012",26.46,5
"25/11/2012",10.82,5.7
"26/11/2012",11.51,6.4
"27/11/2012",2.14,6.8
"28/11/2012",0.64,5.3
"29/11/2012",0.23,2
"30/11/2012",1.06,1.3
"1/12/2012",0.57,1.1
"2/12/2012",7.32,2.9
"3/12/2012",1.79,3.9
"4/12/2012",3.33,4.7
"5/12/2012",0.53,1.7
"6/12/2012",10.91,0.6
"7/12/2012",1.5,2.3
"8/12/2012",0.36,4.1
"9/12/2012",0.62,4.8
"10/12/2012",0.54,3.2
"11/12/2012",0.26,-0.9
"12/12/2012",0.1,-2.4
"13/12/2012",2.22,-0.5
"14/12/2012",15.94,2.7
"15/12/2012",2.33,6.8
"16/12/2012",4.32,6.7
"17/12/2012",2.17,6.2
"18/12/2012",1.44,5.8
"19/12/2012",23.21,4.7
"20/12/2012",12.26,6.6
"21/12/2012",12.9,7
"22/12/2012",15.63,8.8
"23/12/2012",5.11,9
"24/12/2012",9.83,7.6
"25/12/2012",3.19,7
"26/12/2012",9.45,6.1
"27/12/2012",5.87,6.3
"28/12/2012",4.64,7.9
"29/12/2012",7,9
"30/12/2012",3.64,7
"31/12/2012",6.19,7.6
